ID Local;ID Servidor;Nome Fantasia;Razão Social;CNPJ;Telefone;Celular;E-mail;WhatsApp;Website;Endereço Completo;Rua;Número;Complemento;Bairro;Cidade;Estado;CEP;Setor;Categoria;Responsável;Data Cadastro;Descrição
1;2311479;Zini Alimentos ;;;(11) 39317993;;qualidade@zini.com.br;;;Rua Francisco Rodrigues Nunes, 131, SP;Rua Francisco Rodrigues Nunes;131;;;;SP;;;;;12/06/2015 02:18:21;
2;1693495;Bon-Mart;;;(18) 3901-3500;;;;;Avenida Ana Jacinta, 335, Jardim Bom-Mart, Itapemirim/ES, SP, 19027380;Avenida Ana Jacinta;335;;Jardim Bom-Mart;Itapemirim/ES;SP;19027380;;;;02/03/2015 16:33:52;
3;1472499;Bimbo;;;;;;;;Rua Érico Veríssimo, 60, Jardim Cambara, Álvares Florence/SP, SP, 05560000;Rua Érico Veríssimo;60;;Jardim Cambara;Álvares Florence/SP;SP;05560000;;;;23/01/2015 13:12:04;
4;2138131;Atibaense Refrigerante;;;(11) 4411-4185;;;;;Richard Rix, 670, Aldeias Altas/MA, SP;Richard Rix;670;;;Aldeias Altas/MA;SP;;;;;15/05/2015 18:11:16;
5;2462205;Laticinios Mania;;;(31) 3826-7976;;;;;Av. 10, , 952, Lajedo/PE, MG;Av. 10, ;952;;;Lajedo/PE;MG;;;;;07/07/2015 05:29:42;
6;1033718;Cobb Vantress;;;(17) 3267-9955;;;;www.cobb-vantress.com;Rod. Assis Chateaubriand, 21500, Caiçara do Norte/RN, SP, 15110000;Rod. Assis Chateaubriand;21500;;;Caiçara do Norte/RN;SP;15110000;;;;07/10/2014 05:16:30;Matriz de frango
7;1042799;Cookie Eclair;;;;;;;;;;;;;;;;;;;08/10/2014 23:37:10;
8;2311487;Ativa Alimentação ;;;(11) 47447990;(11) 47429492;silvia@ativaalimentacao.com.br;;;;;;;;;;;;;;12/06/2015 02:18:22;
9;1033699;Céu Azul Alimentos;;;(15) 2101-3400;;contato@ceuazul.ind.br;;www.ceuazulalimentos.com.br;Rua Laura Maiello Kook, 303, Jardim Novo Mundo, Celso Ramos/SC, SP, 18052445;Rua Laura Maiello Kook;303;;Jardim Novo Mundo;Celso Ramos/SC;SP;18052445;;;;07/10/2014 04:14:25;Frango
10;1442921;De Marchi Polpa;;;(11) 4815-8400;;;;;Rua Particular, 470, Poste, Triunfo Potiguar/RN, SP, 13213241;Rua Particular;470;;Poste;Triunfo Potiguar/RN;SP;13213241;;;;15/01/2015 15:39:12;
11;1033694;Grupo Hinomoto;;;(18) 2101-4000;;;;www.andesastecahinomoto.com.br;954;;954;;;;;;;;;07/10/2014 04:05:27;Macarrão, shoyo, vodka, molho...
12;1033712;JBS;;;(11) 3144-4000;;;;www.jbs.com.br;Avenida Marginal Direita do Tietê, 500, Vila Jaguara, Álvares Florence/SP, SP, 05118100;Avenida Marginal Direita do Tietê;500;;Vila Jaguara;Álvares Florence/SP;SP;05118100;;;;07/10/2014 04:56:23;Frigorífico
13;1445539;Belbon Alimentação;;;(11) 4428-1092;;anabraga.nutri@hotmail.com;;;Avenida Paulo Afonso, 540, Ana Paula, Cerro Negro/SC, SP;Avenida Paulo Afonso;540;;Ana Paula;Cerro Negro/SC;SP;;;;;15/01/2015 20:54:29;
14;2417191;Yema Laticínios;;;(35) 3325-1558;;;;;Rua João Filiciano, 68, Centro, Inajá/PR, MG;Rua João Filiciano;68;;Centro;Inajá/PR;MG;;;;;01/07/2015 01:57:00;
15;2316096;Frigorífico Albatroz ;;;(38) 32222367;(38) 32147033;;;;Dep Esteves Rodrigues , 1460, mercado central , MG;Dep Esteves Rodrigues ;1460;mercado central ;;;MG;;;;;13/06/2015 01:08:01;
16;2673119;Atigel;;;(11) 4411-5932;;karina@atigel.com.br;;;Rua Luiz Ribeiro Pinto, Conjunto Habitacional José Barnet Y Vives, Aldeias Altas/MA, SP, 12951270;Rua Luiz Ribeiro Pinto;;;Conjunto Habitacional José Barnet Y Vives;Aldeias Altas/MA;SP;12951270;;;;10/08/2015 16:22:43;
17;2357612;Laticínios Bretuti;;;(35) 3734-1105;;;;;Ch Rio Claro, Parelhas/RN, MG;Ch Rio Claro;;;;Parelhas/RN;MG;;;;;22/06/2015 21:55:33;
18;2313308;Gendai Sushi - Grupo Trend Foods;;;(11) 5185-7200;;;;;Rua Verbo Divino, 663, Álvares Florence/SP, SP;Rua Verbo Divino;663;;;Álvares Florence/SP;SP;;;;;12/06/2015 18:28:54;"Grupo Trend Foods

Concorrente
Gendai: Ericon
China in Box: Ecolab"
19;2194450;Itaiquara;;;(19) 3657-9000;;;;;;;;;;;;;;;;22/05/2015 00:18:47;
20;2311484;Euro Comércio Exteriror;;;(11) 42248800;;qualidade@eurofood.com.br;;;Rua Major Carlos Del Prette, 195, SP;Rua Major Carlos Del Prette;195;;;;SP;;;;;12/06/2015 02:18:21;
21;1031056;Guabi Petcare;;;(19) 3729-4490;3131-4495;edson@guabipetcare.com.br;;www.guabipetcare.com.br;Rua das Magnólias, 2405, Jardim das Bandeiras, Planura/MG, SP, 13050089;Rua das Magnólias;2405;;Jardim das Bandeiras;Planura/MG;SP;13050089;;;;06/10/2014 21:31:35;Fábrica de Ração
22;1109886;Hikari;;;(11) 4674-6015;;;;;Rua Antonio Ruvolo, 653, Jardim Soeiro, Ruy Barbosa/BA, SP;Rua Antonio Ruvolo;653;;Jardim Soeiro;Ruy Barbosa/BA;SP;;;;;19/10/2014 13:52:34;Molhos e Temperos, Sobremesas, Grão, Farináceos, Sagu
23;2187620;Bioleve Sucos;;;(19) 3898-9898;;;;;Rod. Gov. Mario Covas Jr., 1, Paulicéia/SP, SP;Rod. Gov. Mario Covas Jr.;1;;;Paulicéia/SP;SP;;;;;21/05/2015 15:38:14;
24;2215689;Mil Green;;;(11) 2915-7670;;;;;;;;;;;;;;;;27/05/2015 22:32:08;
25;1203195;Frango Ouro;;;;;;;;Rodovia Br 158 , Km 4, Zona Rural, Tapira/PR, MS, 79570000;Rodovia Br 158 ;;Km 4;Zona Rural;Tapira/PR;MS;79570000;;;;07/11/2014 13:22:26;
26;2248574;Dunga Biscoitos;;;(11) 3576-6262;;;;;Iososuke Okave, 1273, Fazenda Caguacu, Álvares Florence/SP, SP;Iososuke Okave;1273;;Fazenda Caguacu;Álvares Florence/SP;SP;;;;;03/06/2015 22:37:42;
27;1033706;Usina Santa Isabel;;;(17) 3543-9100;;;;www.usinasantaisabel.com.br;Rod SP-304, 21500, Matinhos/PR, SP, 14960000;Rod SP-304;21500;;;Matinhos/PR;SP;14960000;;;;07/10/2014 04:40:22;Usina de cana.
28;1109897;Nutriplan;;;;;;;;;;;;;;;;;;;19/10/2014 13:52:34;
29;2083799;Sakura;;;(11) 2941-1177;;;;;Ordenacoes , 151, SP;Ordenacoes ;151;;;;SP;;;;;04/05/2015 23:45:24;
30;2138210;Friella;;;(45) 3240-8748;;;;;Rodovia BR 277, 680;Rodovia BR 277;680;;;;;;;;;15/05/2015 18:38:08;
31;1443554;Frutiquello Sorvetes;;;(11) 4819-6857;;;;;Praca Oscar da Silva, 21, Vila Guilherme, Álvares Florence/SP, SP;Praca Oscar da Silva;21;;Vila Guilherme;Álvares Florence/SP;SP;;;;;15/01/2015 18:46:38;
32;2221363;Ta Limpo - Lavanderia;;;(11) 2574-6241;(11) 99129-9577;;;;;;;;;;;;;;;28/05/2015 22:18:00;Contato da Diane da Centroeste. Tratar com Stefani
33;2460918;Ricaeli Alimentos;;;(11) 46718888;;garantiadaqualidade@ricaeli.com.br;;;Av ver. Jose donato, 530;Av ver. Jose donato;530;;;;;;;;;06/07/2015 22:40:49;Tratado com a Karine da qualidade, acabam de validar os processos de higienizaçao com a Pluron 02.07
34;2679911;Concreserv Santo Amaro;;06262453001497;(11) 2201-5400;;nfe@concreserv.com.br;;http://www.concreserv.com.br/;Avenida Carlos Caldeira Filho, 453, Saida da ponte joao dias, Vila Andrade, Álvares Florence/SP, SP, 05730190;Avenida Carlos Caldeira Filho;453;Saida da ponte joao dias;Vila Andrade;Álvares Florence/SP;SP;05730190;;;;11/08/2015 17:46:49;
35;2551034;Usina Colombo;;;(17) 3576-9000;;;;;Fazenda Bela Vista, São Joaquim da Barra/SP, SP, 15960000;;;;Fazenda Bela Vista;São Joaquim da Barra/SP;SP;15960000;;;;22/07/2015 20:40:23;
36;2216244;Belbon;;;(11) 2758-0875;;;;;Avenida Paulo Afonso, 540, Nova Petrópolis, Itinga/MG, SP;Avenida Paulo Afonso;540;;Nova Petrópolis;Itinga/MG;SP;;;;;27/05/2015 23:50:37;
37;2469507;Naw Ind ;;;(11) 24314241;;;;;Piraúba/MG, SP;;;;;Piraúba/MG;SP;;;;;07/07/2015 22:17:11;
38;2557192;Palmali;;;(44) 4001-3277;;;;;Rio Branco do Sul/PR, PR;;;;;Rio Branco do Sul/PR;PR;;;;;22/07/2015 22:28:49;
39;2311481;Frango Espacial ;;;(11) 43514688;;financeiro@frangoespacial.com.br;;;Rua Soldano , 30, SP;Rua Soldano ;30;;;;SP;;;;;12/06/2015 02:18:21;
40;1283500;Bom Peixe Pescados;;;(19) 3429-6600;;;;;;;;;;;;;;;;25/11/2014 20:59:16;
41;2216046;Boa Cozinha;;;(11) 3429-0400;;;;;Largo da Matriz Nossa Senhora do Ó, 234, Freguesia do Ó, Álvares Florence/SP, SP;Largo da Matriz Nossa Senhora do Ó;234;;Freguesia do Ó;Álvares Florence/SP;SP;;;;;27/05/2015 23:20:06;
42;1221125;My Temaki;;;;;;;;;;;;;;;;;;;10/11/2014 18:04:04;
43;1031172;Grupo Fix (Pão de Queijo Raro;;;(11) 3721-0781;;rosesp@grupofix.com.br;;www.grupofix.com.br;Clarimundo Fonseca, 163, Centro, Urânia/SP, MG;Clarimundo Fonseca;163;;Centro;Urânia/SP;MG;;;;;06/10/2014 21:52:26;Alimentícia
44;1109887;Friozen;;;;;;;;;;;;;;;;;;;19/10/2014 13:52:34;
45;1109890;BRF Foods;;;;;;;;;;;;;;;;;;;19/10/2014 13:52:34;
46;2216270;Addoratti Festas;;;(11) 2535-8810;;;;;Avenida Jacu Pêssego, 35, Altura 4200, Nova Trabalhadores, Álvares Florence/SP, SP;Avenida Jacu Pêssego;35;Altura 4200;Nova Trabalhadores;Álvares Florence/SP;SP;;;;;28/05/2015 00:00:11;
47;2551159;Pif Paf (Patrocínio);;;(34) 3839-8314;;;;;Dom Macedo Costa/BA, MG, 38740000;;;;;Dom Macedo Costa/BA;MG;38740000;;;;22/07/2015 20:55:24;
48;2369542;Livenza Massas;;;(11) 2915-5555;;;;;Rua Antônio Frederico, 77, Jardim Independência, Álvares Florence/SP, SP;Rua Antônio Frederico;77;;Jardim Independência;Álvares Florence/SP;SP;;;;;24/06/2015 20:20:39;
49;1469730;Santa Casa e Unimed Limeira;;;(19) 3446-6100;;;;;;;;;;;;;;;;22/01/2015 16:02:27;
50;2469780;Sky Asia Shooping Bourbon ;;;(11) 47386402;;;;;Rua Turiassu, 2100, Marumbi/PR, SP;Rua Turiassu;2100;;;Marumbi/PR;SP;;;;;07/07/2015 22:39:46;
51;2316087;Queijos Bandeira ;;;(35) 37421206;(35) 99558613;compras@queijosbandeira.com.br;;;Rod poços de caldas/ bandeira do sul, Km 60, Cachoeira de Pajeú/MG, MG;Rod poços de caldas/ bandeira do sul;;Km 60;;Cachoeira de Pajeú/MG;MG;;;;;13/06/2015 01:08:01;
52;2189114;Frescatto Laticinio;;;(21) 3527-9393;;;;;Rua Projetada, 27, Ribeirão Vermelho/MG, RJ;Rua Projetada;27;;;Ribeirão Vermelho/MG;RJ;;;;;21/05/2015 16:49:31;
53;2545024;Tejo Fran Terceirizada ;;;(11) 33112700;;ahotelac@tejofran.com.br;;;Alameda Nothmann, 816, SP;Alameda Nothmann;816;;;;SP;;;;;21/07/2015 23:19:57;
54;2187465;Enova Foods Catanduva;;46948287000187;(17) 3531-4000;;;;;Av.Elias Bauab, 665, Distrito Industrial, São João da Lagoa/MG, SP;Av.Elias Bauab;665;;Distrito Industrial;São João da Lagoa/MG;SP;;;;;21/05/2015 15:27:26;
55;2313270;Bragenfrig;;;(11) 3621-8575;;;;;Rua Coronel Virgilio dos Santos, 653, Vila Jaguara, Álvares Florence/SP, SP;Rua Coronel Virgilio dos Santos;653;;Vila Jaguara;Álvares Florence/SP;SP;;;;;12/06/2015 18:18:24;Frigorífico e Comércio de Alimentos
56;2470033;Pao no ponto;;;(11) 4168-1395;;;;;Rua Brooklin , 327, Chacara Marco, Itaberaí/GO, SP;Rua Brooklin ;327;;Chacara Marco;Itaberaí/GO;SP;;;;;07/07/2015 22:58:55;
57;1445356;Jumirim Frigorifico;;;(15) 3286-8100;;;;;Estrada da Colonia , 375, Tesouro/MT, SP;Estrada da Colonia ;375;;;Tesouro/MT;SP;;;;;15/01/2015 20:34:49;
58;1033716;Cassini;;;(19) 3765-8686;;;;www.cassini.com.br;Avenida Mercedes Benz, 300, Distrito Industrial, Planura/MG, SP, 13054750;Avenida Mercedes Benz;300;;Distrito Industrial;Planura/MG;SP;13054750;;;;07/10/2014 05:12:17;Alimentícia
59;1432470;Frivasa;;;(35) 3629-7400;;;;;Avenida Wagner Lemos Machado, 1100, Lago Norte/DF, MG;Avenida Wagner Lemos Machado;1100;;;Lago Norte/DF;MG;;;;;13/01/2015 04:27:36;
60;2355046;Guaraná Mineiro;;;(34) 3292-4500;;;;;Avenida Paulo Roberto Cunha Santos, 2305, Itabaianinha/SE, MG;Avenida Paulo Roberto Cunha Santos;2305;;;Itabaianinha/SE;MG;;;;;22/06/2015 18:19:23;
61;1443381;Raiola;;;(11) 3272-1944;;;;;Oscar Horta , 138, Mooca, Álvares Florence/SP, SP;Oscar Horta ;138;;Mooca;Álvares Florence/SP;SP;;;;;15/01/2015 17:59:55;
62;2367891;Atilatte;;;(11) 4538-0107;;;;;Rodovia Dom Pedro I, 13257, Landri Sales/PI, SP;Rodovia Dom Pedro I;13257;;;Landri Sales/PI;SP;;;;;24/06/2015 16:30:39;
63;1443357;KS Foods;;;(11) 3299-3850;;;;;Rua Alves de Almeida , 210, Álvares Florence/SP, SP;Rua Alves de Almeida ;210;;;Álvares Florence/SP;SP;;;;;15/01/2015 17:49:12;
64;2470309;HS BH 2013 Fast Food;;;;;;;;Av Severino Ballesteros Rodrigues, 850, Ressaca, Minduri/MG, MG;Av Severino Ballesteros Rodrigues;850;;Ressaca;Minduri/MG;MG;;;;;07/07/2015 23:18:15;
65;2462161;laticinios lara;;;(35) 3522-1021;;;;;Rua Paineiras, , 2382;Rua Paineiras, ;2382;;;;;;;;;07/07/2015 04:38:26;
66;2219433;Batie Massas ;;;(11) 2942-3000;;;;;Santa Gertrudes , SP;Santa Gertrudes ;;;;;SP;;;;;28/05/2015 19:04:14;
67;2304931;Empório Sao Paulo;;;(11) 7890-4067;;;;;;;;;;;;;;;;11/06/2015 23:19:36;
68;2535836;Doces Terra;;;(19) 98722-0039;;;;;Rua Izaltina Orlandini Terra, 301, Chacaras Reunidas, Jurema/PI, SP;Rua Izaltina Orlandini Terra;301;;Chacaras Reunidas;Jurema/PI;SP;;;;;20/07/2015 21:49:18;
69;1313509;New Millen;;;(11) 4447-2220;;;;;Dr. José Luis Leme Maciel, 327, Israelândia/GO, SP, 07760000;Dr. José Luis Leme Maciel;327;;;Israelândia/GO;SP;07760000;;;;04/12/2014 15:52:06;Suplementos
70;1203197;NT Gourmet;;;;;;;;;;;;;;;;;;;07/11/2014 13:22:26;
71;1033725;Mondelez;;;(41) 3202-8000;;;;www.mondelez.com.br;Avenida Juscelino Kubitschek de Oliveira, 13300, Cidade Industrial, Duartina/SP, PR, 81450000;Avenida Juscelino Kubitschek de Oliveira;13300;;Cidade Industrial;Duartina/SP;PR;81450000;;;;07/10/2014 05:39:48;Alimentícia
72;2222810;Unidade Plastival;;;;;;;;Faxinal/PR, SP;;;;;Faxinal/PR;SP;;;;;29/05/2015 02:16:32;
73;1442406;Marilan;;;(14) 2105-6000;;;;;Avenida Jose de Grande, São Francisco/SP, SP;Avenida Jose de Grande;;;;São Francisco/SP;SP;;;;;15/01/2015 13:40:58;Conersei com a vanessa no dia 15/01 e a Marta responsavel volta no dia 19/01
74;2316095;New Age Bebidas ;;;(19) 3573-6600;;max@newagebebidas.com.br;;;Rod Anhanguera km 607, Indaial/SC, SP;Rod Anhanguera km 607;;;;Indaial/SC;SP;;;;;13/06/2015 01:08:01;
75;2221365;Massa X;;;;;compras@massaxalimentos.com.br;;;Rua tung 300;Rua tung 300;;;;;;;;;;28/05/2015 22:18:00;Paula compradora e Diego não estavam. Deixei catálogo e enviei e-mail 22/05
76;1445412;Atelie do Sabor;;;(11) 3255-6411;;;;;;;;;;;;;;;;15/01/2015 20:51:30;
77;2388832;Ondina Alimentação;;;(11) 3205-9453;;compras@ondinaalimentacao.com.br;;;Rua Bom Pastor , 2732, 6 andar;Rua Bom Pastor ;2732;6 andar;;;;;;;;26/06/2015 17:12:32;
78;1459050;Ebicen - Glico;;;(11) 3686-7626;;;;;Frei Gaspar , 679, Dois Irmãos do Tocantins/TO, SP;Frei Gaspar ;679;;;Dois Irmãos do Tocantins/TO;SP;;;;;20/01/2015 14:46:37;
79;2469506;Phenix Panificação ;;;(11) 41611050;;;;;SP;;;;;;SP;;;;;07/07/2015 22:17:11;
80;2188957;Queensberry;;;(11) 2875-4043;;;;;Av. Fioravante Piovani , 2600, Landri Sales/PI, SP;Av. Fioravante Piovani ;2600;;;Landri Sales/PI;SP;;;;;21/05/2015 16:22:26;
81;2547773;Frimesa - Capanema;;;(46) 3552-1181;;fbariviera@frimesa.com.br;;;Rua Ibirata, 347, Santa Cruz, Cachoeira Grande/MA, PR;Rua Ibirata;347;;Santa Cruz;Cachoeira Grande/MA;PR;;;;;22/07/2015 15:01:12;
82;1031280;Grupo IMC (Frango Assado);;;(11) 30419686;;;;;Rod. Anhanguera, 72, Mauá da Serra/PR, SP;Rod. Anhanguera;72;;;Mauá da Serra/PR;SP;;;;;06/10/2014 22:11:25;Grupo de Restaurantes
83;1203198;Marvi Sorvetes;;;;;;;;;;;;;;;;;;;07/11/2014 13:22:26;
84;2248529;Super Bom Geléias;;;(11) 2842-1800;;;;;Domingos Peixoto da Silva , 245, Capao Redondo, Álvares Florence/SP, SP;Domingos Peixoto da Silva ;245;;Capao Redondo;Álvares Florence/SP;SP;;;;;03/06/2015 22:31:34;
85;1210964;Aladim;;;(17) 3253-2010;;;;;Avenida Victório Baccan, 1973, B, São José, Bento Fernandes/RN, SP;Avenida Victório Baccan;1973;B;São José;Bento Fernandes/RN;SP;;;;;07/11/2014 21:25:23;
86;1447261;Mn Propolis;;;(11) 4790-4600;;;;;Tenente Onofre Aguiar, 820, Aimorés/MG, SP;Tenente Onofre Aguiar;820;;;Aimorés/MG;SP;;;;;16/01/2015 12:40:01;15/01 Liguei prospectar mas Paula não estava
87;2283069;Frigorífico Frigonossa;;;(35) 3715-8000;;pedrosergio@frigonossa.com.br;;;Estrada Anna Antonia Merli km 12 ;Estrada Anna Antonia Merli km 12 ;;;;;;;;;;10/06/2015 04:17:03;
88;1109889;Sorvetes Jundiá;;;;;;;;;;;;;;;;;;;19/10/2014 13:52:34;
89;2311496;Pro Nutri Refeições;;;(11) 5054-6230;;;;;Rua Arizona , 500, SP;Rua Arizona ;500;;;;SP;;;;;12/06/2015 02:18:22;
90;2083684;EBBA - Maguary;;;(81) 2121-2900;;;;;;;;;;;;;;;;04/05/2015 23:23:38;
91;2368127;Beiruth Alimentos;;;(11) 2603-8500;;;;;Av. Dr. Francisco Mesquita, 1836, Álvares Florence/SP, SP;Av. Dr. Francisco Mesquita;1836;;;Álvares Florence/SP;SP;;;;;24/06/2015 16:59:01;
92;1750925;Arco-Íris;;72077514000156;(17) 3206-2000;;;;;Rua Félicio Ferreira, 63, Distrito Industrial, Nova Brasilândia/MT, SP, 15035610;Rua Félicio Ferreira;63;;Distrito Industrial;Nova Brasilândia/MT;SP;15035610;;;;09/03/2015 16:59:02;
93;2219435;Bebidas Piracaia;;;(11) 4036-6611;;;;;Rodovia Jan antonim Bata , 90, Tabaporã/MT, SP;Rodovia Jan antonim Bata ;90;;;Tabaporã/MT;SP;;;;;28/05/2015 19:04:14;
94;2213143;Fazenda Bela Vista;;;(35) 3551-2800;;;;;Guapó/GO, SP;;;;;Guapó/GO;SP;;;;;27/05/2015 16:05:49;
95;2700867;Sucos e Refrescos Nanico Morungaba;;;(11) 4014-6694;;;;;Rua Princesa Isabel, 171, Rio de Contas/BA, SP;Rua Princesa Isabel;171;;;Rio de Contas/BA;SP;;;;;13/08/2015 22:25:57;
96;1528865;Matilat Laticínios;;;(17) 3531-1700;;;;;Rua Florianópolis, 1, São Francisco, São João da Lagoa/MG, SP, 15806015;Rua Florianópolis;1;;São Francisco;São João da Lagoa/MG;SP;15806015;;;;05/02/2015 20:03:00;
97;1444726;Rascal;;;(11) 3576-7268;;;;;Shoppong Villa Lobos, Álvares Florence/SP, SP;Shoppong Villa Lobos;;;;Álvares Florence/SP;SP;;;;;15/01/2015 19:37:12;Restaurante de alto padrao possuem mais de 10 restaurantes
98;1290819;Suavipan;;;(11) 2295-9404;;;;;;;;;;;;;;;;26/11/2014 15:43:49;
99;1313040;Aqualav;;;(11) 4428-1490;;;;;Rua João de Godoy, 200, Biritiba, Baía Formosa/RN, SP, 08560590;Rua João de Godoy;200;;Biritiba;Baía Formosa/RN;SP;08560590;;;;04/12/2014 12:54:20;
100;1033720;Beira Rio;;;(16) 3832-8900;;;;www.beirarioagroindustrial.com.br;Figueirópolis/TO, SP, 14610000;;;;;Figueirópolis/TO;SP;14610000;;;;07/10/2014 05:20:26;Graxaria
101;2222811;Festival Ceagesp;;;;(11) 947288601;bruna@sampafoods.com.br;;;Doutor gastão vidgal ceagesp portão 4, SP;Doutor gastão vidgal ceagesp portão 4;;;;;SP;;;;;29/05/2015 02:16:32;
102;2273161;Lanchero;;;(14) 3417-2002;;;;;Rua Joaquim Palácio, José Ferreira da Costa Júnior (Lácio), São Francisco/SP, SP, 17539062;Rua Joaquim Palácio;;;José Ferreira da Costa Júnior (Lácio);São Francisco/SP;SP;17539062;;;;08/06/2015 22:06:08;
103;1109901;Frimesa - Medianeira;;;(45) 3264-8036;;joliveiraufq@frimesa.com.br;;;Agudos do Sul/PR, PR;;;;;Agudos do Sul/PR;PR;;;;;19/10/2014 13:52:35;
104;2425842;Frangoeste;;;(15) 3285-8200;;;;;Rod. Marechal Rondon km 159, 21500, São Pedro da Cipa/MT, SP;Rod. Marechal Rondon km 159;21500;;;São Pedro da Cipa/MT;SP;;;;;01/07/2015 23:21:01;
105;2074425;Wick Bold;;;(11) 4070-9700;;;;;Rua Umuarama , 650;Rua Umuarama ;650;;;;;;;;;30/04/2015 23:55:32;
106;2305004;Frileste;;;(11) 2682-9087;(11) 2682-9087;frileste@gmail.com;;;Av: 24 de maio, 227 Vl Rui barbosa , SP;Av: 24 de maio, 227 Vl Rui barbosa ;;;;;SP;;;;;11/06/2015 23:34:21;Celia Compras
107;2679829;Concreserv Parque Novo Mundo ;;06262453000334;(11) 2201-5400;;nfe@concreserv.com.br;;http://www.concreserv.com.br/;Rua Soldado Amarilho Gonçalves de Queirós, 21, Parque Novo Mundo, Álvares Florence/SP, SP, 02147010;Rua Soldado Amarilho Gonçalves de Queirós;21;;Parque Novo Mundo;Álvares Florence/SP;SP;02147010;;;;11/08/2015 17:34:26;
108;2363311;Bebidas 21 - Pirassuninga;;;(19) 3561-5433;;;;;210, Rod. Anhanguera KM, Itumirim/MG, SP;210;;;Rod. Anhanguera KM;Itumirim/MG;SP;;;;;23/06/2015 18:00:47;
109;2112357;Mezzani Massas;;;(14) 3103-3311;;;;;Waldemar Pereira Silveira, 327, Aparecida D Oeste/SP, SP;Waldemar Pereira Silveira;327;;;Aparecida D Oeste/SP;SP;;;;;11/05/2015 20:44:04;
110;2376045;Massas Aricanduva ;;;(11) 20594800;;;;;Frei Julião Romero , 246, SP;Frei Julião Romero ;246;;;;SP;;;;;25/06/2015 02:41:01;
111;2356297;Cooper Rita;;;(35) 3473-3500;;;;;Rua João Euzébio de Almeida, 528, Inhacorá/RS, MG;Rua João Euzébio de Almeida;528;;;Inhacorá/RS;MG;;;;;22/06/2015 20:49:34;
112;2083488;Hercules Leite;;;(14) 3486-9000;;;;;Expedissionários , 320, Itapecerica da Serra/SP, SP;Expedissionários ;320;;;Itapecerica da Serra/SP;SP;;;;;04/05/2015 22:48:04;Rua dos expessionarios 320, herculandia
113;2460667;Bacardí ;;;(11) 28333329;;fremiro@bacardi.com;;;;;;;;;;;;;;06/07/2015 22:15:45;Comprador Marcos saiu, agora é com o Felipe.
114;2388833;Renome Refeições;;;(11) 29786000;(11) 78449009;comprasrenome@renomerefeicoes.com.br;;;Rua Ismael Neri, 764;Rua Ismael Neri;764;;;;;;;;;26/06/2015 17:12:32;Alessandra
115;2294918;Queijos Regina;;;(33) 3277-9111;;;;;Rua Aluizio Pereira Esteves, 250, Óbidos/PA, MG;Rua Aluizio Pereira Esteves;250;;;Óbidos/PA;MG;;;;;11/06/2015 18:11:18;
116;2311482;Santa Helena Fábrica ;;;(16) 39341000;;;;;;;;;;;;;;;;12/06/2015 02:18:21;
117;2708017;Home Cooking;;;(19) 3876-5870;;;;;Rua Rancho Fundo, 351, Antonina/PR, SP;Rua Rancho Fundo;351;;;Antonina/PR;SP;;;;;14/08/2015 21:08:23;
118;1450131;Lobits - Milho de Ouro;;;(11) 4781-0242;;;;;Avenida Sete de Setembro, 1101, Miraselva/PR, SP;Avenida Sete de Setembro;1101;;;Miraselva/PR;SP;;;;;19/01/2015 13:54:24;
119;2219434;Jao ;;;;;;;;Israelândia/GO, SP;;;;;Israelândia/GO;SP;;;;;28/05/2015 19:04:14;
120;1031204;Balas Juquinha;;;(11) 3186-6363;;;;www.juquinha.com.br;Avenida dos Estados, 1211, Vila Metalúrgica, Alcinópolis/MS, SP, 09220570;Avenida dos Estados;1211;;Vila Metalúrgica;Alcinópolis/MS;SP;09220570;;;;06/10/2014 21:57:26;Balas e doces
121;1282009;Santa Helena;;;(16) 3934-1000;;;;;;;;;;;;;;;;25/11/2014 19:06:40;
122;2217153;Di Cunto;;;(11) 2081-7100;;;;;;;;;;;;;;;;28/05/2015 15:02:31;
123;1442729;Restaurante 348;;;(11) 98292-5345;;;;;;;;;;;;;;;;15/01/2015 14:49:06;
124;2228552;Dori Alimentos;;;(14) 3408-3000;;;;;Avenida República, 5159, Distrito Industrial Santo Barion, São Francisco/SP, SP, 17512035;Avenida República;5159;;Distrito Industrial Santo Barion;São Francisco/SP;SP;17512035;;;;30/05/2015 20:38:25;
125;1033691;Laticinios Estrela D Oeste;;;(17) 3833-1155;;estrela@laticiniosestrela.com.br;;http://www.laticiniosestrela.com.br/;Campinas, 75, Distrito Industrial, Formoso do Araguaia/TO, SP, 15650000;Campinas;75;;Distrito Industrial;Formoso do Araguaia/TO;SP;15650000;;;;07/10/2014 03:51:09;Laticínios
126;1444889;Mococa Laticinios;;;(19) 3666-7100;;;;;Rua Salustiano Lima, 2, Mato Rico/PR, SP;Rua Salustiano Lima;2;;;Mato Rico/PR;SP;;;;;15/01/2015 20:21:34;
127;2311494;Super Pão ;;;(11) 44519784;(11) 28655119;victor@industriasuperpao.com.br;;;;;;;;;;;;;;12/06/2015 02:18:22;
128;1109896;Zippy Alimentos;;;(17) 3663-1356;;;;;Av Antônio Sindeaux de Lima, Areia Branca/RN, SP, 15785000;Av Antônio Sindeaux de Lima;;;;Areia Branca/RN;SP;15785000;;;;19/10/2014 13:52:34;
129;2358232;Los Caldense Paletas Mexicanas;;;(35) 3714-7774;;;;;Rua São Paulo, 265, Porangatu/GO, MG;Rua São Paulo;265;;;Porangatu/GO;MG;;;;;22/06/2015 22:46:56;
130;2460579;Bem Barato ;;;(11) 41091536;;elias@supermercadobembarato.com.br;;;;;;;;;;;;;;06/07/2015 22:00:29;Eliane informou que agora as compras são feitas na central com o Edvaldo. Irá me passar o contato
131;2211803;Empresa teste;;;;;;;;;;;;;;;;;;;26/05/2015 23:14:38;
132;2681791;Alibra;;;;;;;;Agudos do Sul/PR, PR;;;;;Agudos do Sul/PR;PR;;;;;11/08/2015 22:27:41;
133;2460467;Laticínios Tapicó;;;(35) 3722-3275;;;;;Rua Paraíba, 265, Porangatu/GO, MG;Rua Paraíba;265;;;Porangatu/GO;MG;;;;;06/07/2015 21:44:07;
134;2469886;Associação Santa Teresinha;;;(11) 4181-2585;;;;;Deputado Emilio Carlos, 1235, Vila Caldas, Capela do Alto/SP, SP;Deputado Emilio Carlos;1235;;Vila Caldas;Capela do Alto/SP;SP;;;;;07/07/2015 22:56:08;
135;2567485;Sky Asia Gran Plaza ;;;(11) 40174781;;;;;Av industrial , SP;Av industrial ;;;;;SP;;;;;24/07/2015 01:22:30;
136;2313307;Gendai Sushi;;;(11) 5185-7200;;;;;Rua Verbo Divino, 663, Álvares Florence/SP, SP;Rua Verbo Divino;663;;;Álvares Florence/SP;SP;;;;;12/06/2015 18:28:22;"Grupo Trend Foods

Concorrente
Gendai: Ericon
China in Box: Ecolab"
137;2469511;Sky Ásia Shopping São Bernardo ;;;(11) 47386406;;;;;Av Rotary , 624, SP;Av Rotary ;624;;;;SP;;;;;07/07/2015 22:17:11;
138;2311497;Tanto Gosto ;;;(13) 34744433;;;;;Plinio Salgado , 159, Arapuã/PR, SP;Plinio Salgado ;159;;;Arapuã/PR;SP;;;;;12/06/2015 02:18:22;
139;2354856;Castellani Alimentos;;;(35) 3735-2500;;;;;Rua Joaquim Emboaba, 45, Dom Joaquim/MG, MG;Rua Joaquim Emboaba;45;;;Dom Joaquim/MG;MG;;;;;22/06/2015 18:05:58;
140;1443094;Florio Alimentos;;;;;;;;;;;;;;;;;;;15/01/2015 16:27:08;
141;2386393;Hotel Unique ;;;(11) 3055-4700;;;;;Avenida Brigadeiro Luís Antônio, 4700, Álvares Florence/SP, SP;Avenida Brigadeiro Luís Antônio;4700;;;Álvares Florence/SP;SP;;;;;26/06/2015 01:10:27;
142;2469510;Sky Ásia Shopping ABC;;;(11) 47386407;;;;;Av Pereira Barreto , 42, SP;Av Pereira Barreto ;42;;;;SP;;;;;07/07/2015 22:17:11;
143;2587963;Clube Primeiro De Maio.;;;(11) 84228360;;;;;;;;;;;;;;;;27/07/2015 20:31:00;
144;2111773;Forno de Minas;;;(37) 3271-0317;;;;;Via de acesso ás chacas campo do meio , Bairro Chararás Reunidas Santa Terezinha, Minduri/MG, MG;Via de acesso ás chacas campo do meio ;;;Bairro Chararás Reunidas Santa Terezinha;Minduri/MG;MG;;;;;11/05/2015 19:59:07;
145;1694896;Frango Facio;;07251005000136;(17) 3245-1154;;;;;Rodovia Vicinal José Bonifácio a Nipoã, Km 03, Aquidauana/MS, SP, 15200000;Rodovia Vicinal José Bonifácio a Nipoã;;Km 03;;Aquidauana/MS;SP;15200000;;;;02/03/2015 19:39:44;
146;2452046;Dom Luis;;;(35) 3441-7200;;;;;Rua Treze de Maio, 1795, Cachoeira de Goiás/GO, MG;Rua Treze de Maio;1795;;;Cachoeira de Goiás/GO;MG;;;;;06/07/2015 16:22:11;
147;2215493;Liotecnica;;;(11) 47852333;;nicholas.costa@liotecnica.com.br;;;Av Joao Paulo 1, 900;Av Joao Paulo 1, 900;;;;;;;;;;27/05/2015 22:07:25;"Atualmente nosso fornecedor de produtos para higienização nos atende.
Caso decidamos fazer alguma prospecção de novos fornecedores vocês serão chamados para receber escopo e avaliar o interesse. 
Não temos previsão de fazer avaliações até o final do ano.
Agradeço o contato. 
À disposição. 
Att. 
Nicholas Costa 
26/05"
148;2316303;Frigo Cruz;;;(44) 3676-1244;;;;;Tabapuã/SP, PR;;;;;Tabapuã/SP;PR;;;;;13/06/2015 16:17:37;
149;1444783;Cepam;;;(11) 2341-6644;;;;;Ibitirama, 1409, Vila Prudente, Álvares Florence/SP, SP;Ibitirama;1409;;Vila Prudente;Álvares Florence/SP;SP;;;;;15/01/2015 19:53:58;
150;1214535;Lual Alimentos (Brassuk);;;(11) 4023-7500;;;;;;;;;;;;;;;;07/11/2014 21:52:23;
151;2311491;Hospital Santa Marcelina;;;(11) 20706438;;;;;SP;;;;;;SP;;;;;12/06/2015 02:18:22;
152;1447295;Bel chocolates;;;(14) 3408-1200;;aline.lazaro@bel.com.br;;;Av.Antonieta Altenfelder, 705, São Francisco/SP, SP;Av.Antonieta Altenfelder;705;;;São Francisco/SP;SP;;;;;16/01/2015 13:04:07;16/01/2015 enviado catalogo por e-mail para Aline ( Qualidade)
153;2679988;Abatedouro Avicola Carraro;;;(19) 3656-3714;;;;;;;;;;;;;;;;11/08/2015 17:57:11;
154;1564308;Coca-Cola (Ribeirão Preto);;;(16) 4009-2000;;;;;Av Dom Pedro I, 2270, Paiva/MG, SP, 14055630;Av Dom Pedro I;2270;;;Paiva/MG;SP;14055630;;;;12/02/2015 15:31:13;
155;1031740;Zappas;;;(17) 3355-1222;;compras@zappas.com.br;;;Av. Bady Bassit, 3920, Nova Brasilândia/MT, SP;Av. Bady Bassit;3920;;;Nova Brasilândia/MT;SP;;;;;06/10/2014 23:20:35;Padarias
156;2316094;Mg Entreposto ;;;(11) 55413344;;tonimg@outlook.com;;;Alameda Santo Amaro , 525, SP;Alameda Santo Amaro ;525;;;;SP;;;;;13/06/2015 01:08:01;
157;2208994;Life Company;;;(19) 3504-7200;;;;;Braz Rodrigues de Souza, 344, Rosário do Sul/RS, SP;Braz Rodrigues de Souza;344;;;Rosário do Sul/RS;SP;;;;;26/05/2015 17:24:22;
158;2196028;CVNC - Parmalat;;;(11) 4815-092;;;;;SP;;;;;;SP;;;;;22/05/2015 15:44:21;
159;2358146;Ki Sabor;;;(19) 3829-9200;;;;;Lidia Conceicao Manali, 60, Constantina/RS, SP;Lidia Conceicao Manali;60;;;Constantina/RS;SP;;;;;22/06/2015 22:36:11;
160;2551064;Frimesa Marechal;;;(45) 3284-4909;;;;;Agudos do Sul/PR, PR;;;;;Agudos do Sul/PR;PR;;;;;22/07/2015 20:44:02;
161;2679848;Concreserv Suzano;;06262453000849;(11) 4119-8991;;nfe@concreserv.com.br;;http://www.concreserv.com.br/;Estrada Geraldo Miranda, 705, Chácara Estância Paulista, Frei Gaspar/MG, SP, 08653055;Estrada Geraldo Miranda;705;;Chácara Estância Paulista;Frei Gaspar/MG;SP;08653055;;;;11/08/2015 17:36:56;
162;2081045;Boia Fria;;;;;;;;Barao de Surui , 140;Barao de Surui ;140;;;;;;;;;04/05/2015 20:38:47;
163;2493003;Mama Refeicoes;;;(11) 99187-1255;;;;;Alagoa/MG, SP;;;;;Alagoa/MG;SP;;;;;13/07/2015 20:51:34;
164;2222809;Unidade Alvenius ;;;;;;;;Faxinal/PR, SP;;;;;Faxinal/PR;SP;;;;;29/05/2015 02:16:32;
165;2192625;Norac do Brasil - Atelie do Sabor;;;(15) 3249-2890;;;;;Sabará, 400, Açailândia/MA, SP;Sabará;400;;;Açailândia/MA;SP;;;;;21/05/2015 21:24:16;
166;2679815;Concreserv Taboao da Serra;;06262453000253;(11) 4137-0824;;nfe@concreserv.com.br;;http://www.concreserv.com.br/;Rodovia Regis Bittencourt, KM 20, Centro, Mariópolis/PR, SP, 06768000;Rodovia Regis Bittencourt;;KM 20;Centro;Mariópolis/PR;SP;06768000;;;;11/08/2015 17:32:14;
167;1472170;Damm Pescados;;;(11) 3099-9500;;;;;Rua Amador Bueno, 294, Piratininga, Dois Irmãos do Tocantins/TO, SP, 06230100;Rua Amador Bueno;294;;Piratininga;Dois Irmãos do Tocantins/TO;SP;06230100;;;;22/01/2015 22:22:43;
168;2083575;Jussara Leite;;;(16) 3145-9900;;;;;;;;;;;;;;;;04/05/2015 22:59:45;
169;2354488;Calu - Laticinios;;;(34) 3233-6057;;;;;Rua Belém, 2, Bom Jesus, Itabaianinha/SE, MG;Rua Belém;2;;Bom Jesus;Itabaianinha/SE;MG;;;;;22/06/2015 17:30:44;
170;2413393;El Botin;;;(11) 99975-0098;;;;;Rua das Esmeraldas, 473, Bairro Jardim, Alcinópolis/MS, SP;Rua das Esmeraldas;473;;Bairro Jardim;Alcinópolis/MS;SP;;;;;30/06/2015 21:50:54;04 restaurantes
171;2034308;Marvi;;;(14) 3322-6832;;;;;Km 376, Rodovia Melo Peixoto, Piranga/MG, SP;;;Km 376;Rodovia Melo Peixoto;Piranga/MG;SP;;;;;23/04/2015 17:03:23;
172;2208265;Come Vap - Laticinios;;;(12) 3625-8800;;;;;Rod. Oswaldo Cruz , 3, Presidente Figueiredo/AM, SP;Rod. Oswaldo Cruz ;3;;;Presidente Figueiredo/AM;SP;;;;;26/05/2015 17:06:10;
173;2311483;Kandy Doces ;;;(11) 40444582;;kandydoces@kandydoces.com.br;;;Av Dr Ulisses , 1695, Marataízes/ES, SP;Av Dr Ulisses ;1695;;;Marataízes/ES;SP;;;;;12/06/2015 02:18:21;
174;1282357;Pão de Queijo do Maestro;;;(11) 2979-9519;;;;;;;;;;;;;;;;25/11/2014 20:25:18;
175;2219443;Bom Prato Mogi ;;;(11) 47353297;;Lucia.nutri@gmail.com;;;Professor Flaviano de Mello, , 378, Aimorés/MG, SP;Professor Flaviano de Mello, ;378;;;Aimorés/MG;SP;;;;;28/05/2015 19:04:14;
176;1033689;Frigorifico Boi Mix;;18715000000133;(17) 3485-1294;(17) 99914-9521;;;;Estrada Vicinal Jose M. Barreto, Varacao, Nossa Senhora do Livramento/MT, SP, 15520000;Estrada Vicinal Jose M. Barreto;;;Varacao;Nossa Senhora do Livramento/MT;SP;15520000;;;;07/10/2014 03:44:39;Frigorífico
177;1210996;Liotécnica;;;(11) 4785-2300;;;;www.liotecnica.com.br;Av. João Paulo I, 1098, Jardim Santa Bárbara, Miraselva/PR, SP, 06818901;Av. João Paulo I;1098;;Jardim Santa Bárbara;Miraselva/PR;SP;06818901;;;;07/11/2014 21:38:16;
178;1528894;Bebidas Poty;;;(17) 3827-9500;;;;;Caetano Bruno, 131, Alvinlândia/SP, SP, 15105000;Caetano Bruno;131;;;Alvinlândia/SP;SP;15105000;;;;05/02/2015 20:08:34;
179;2034624;Fazendinha;;;(19) 3879-5090;;;;;Rod. Campinas - Monte Mor, Km 15, Piranguçu/MG, SP;Rod. Campinas - Monte Mor;;Km 15;;Piranguçu/MG;SP;;;;;23/04/2015 18:24:58;
180;1443335;Dom Pedro Limpeza;;;(11) 2601-9419;;;;;;;;;;;;;;;;15/01/2015 17:40:51;
181;2679864;Concreserv Barueri;;06262453001306;(11) 2971-5200;;nfe@concreserv.com.br;;http://www.concreserv.com.br/;Estrada Doutor Cícero Borges de Morais, 856, Vila Universal, Itaberaí/GO, SP, 06407000;Estrada Doutor Cícero Borges de Morais;856;;Vila Universal;Itaberaí/GO;SP;06407000;;;;11/08/2015 17:38:34;
182;1516320;Santa Cruz;;;(16) 3944-1552;;;;www.santacruzalimentos.com.br;Rod. Mario Donegá, Km 16, São João Batista do Glória/MG, SP, 14120000;Rod. Mario Donegá;;Km 16;;São João Batista do Glória/MG;SP;14120000;;;;03/02/2015 21:23:45;
183;2311498;Lips Sorvetes ;;;(11) 25537000;;;;;Rua Jerônimo prado, 6, SP;Rua Jerônimo prado;6;;;;SP;;;;;12/06/2015 02:18:22;
184;2311495;Maks Fruit ;;;(11) 39455571;;chamadotecnico@maksfruit.com.br;;;Av Alto do Rio Branco , 214, SP;Av Alto do Rio Branco ;214;;;;SP;;;;;12/06/2015 02:18:22;
185;2113398;Cia Muller - Bebidas 51;;;(19) 3565-5294;;;;;VX novembro , 2885, Centro, Itumirim/MG, SP;VX novembro ;2885;;Centro;Itumirim/MG;SP;;;;;11/05/2015 21:20:16;
186;2376044;Da Sabor Califórnia ;;;(12) 39583127;;amanda@grupodasabor.com.br;;;SP;;;;;;SP;;;;;25/06/2015 02:41:01;
187;2216012;FGA Foods;;;(11) 3714-0666;;;;;Avenida Jaguaré, 1500, Jaguaré, Álvares Florence/SP, SP;Avenida Jaguaré;1500;;Jaguaré;Álvares Florence/SP;SP;;;;;27/05/2015 23:15:57;
188;1033715;Total Alimentos;;;(35) 36912000;;;;www.totalalimentos.com.br;Rod Fernão Dias, 699, Distrito Industrial, Cafezal do Sul/PR, MG, 37410000;Rod Fernão Dias;699;;Distrito Industrial;Cafezal do Sul/PR;MG;37410000;;;;07/10/2014 05:09:20;Ração
189;1444638;Bar Do Alemao;;;(11) 4612-6437;;;;;Rod. Raposo Tavares KM 22 Open Mall, Faxinal/PR, SP;Rod. Raposo Tavares KM 22 Open Mall;;;;Faxinal/PR;SP;;;;;15/01/2015 19:19:09;
190;1044048;Ryco Alimentos;;;(11) 3789-6689;;;;www.rycoalimentos.com.br;Rua Paolo Agostini, 658, Parque Ipê, Álvares Florence/SP, SP, 05572190;Rua Paolo Agostini;658;;Parque Ipê;Álvares Florence/SP;SP;05572190;;;;09/10/2014 20:00:55;
191;2194317;Danubio - Vigor;;;(12) 3141-2200;;;;;R. Eng. Antônio Penido, 1088, Itapeva/SP, SP;R. Eng. Antônio Penido;1088;;;Itapeva/SP;SP;;;;;21/05/2015 23:37:14;
192;1444569;Saint Luiger Sorvetes;;;(11) 4614-5457;;;;;Jose Menino, Faxinal/PR, SP;Jose Menino;;;;Faxinal/PR;SP;;;;;15/01/2015 19:14:29;
193;1109894;CarolPan;;;(17) 3651-3347;;;;;Padre Anchieta, 5439, Iúna/ES, SP, 15720000;Padre Anchieta;5439;;;Iúna/ES;SP;15720000;;;;19/10/2014 13:52:34;
194;2535299;Marfrig - Promissão;;;(14) 3543-9600;;;;;Tibau/RN, SP;;;;;Tibau/RN;SP;;;;;20/07/2015 20:53:43;
195;2525778;Nutri Nipo- Nutri Serv;;;(11) 2412-9472;;;;;Rua Itajuba, Piraúba/MG, SP;Rua Itajuba;;;;Piraúba/MG;SP;;;;;17/07/2015 18:12:32;
196;2538586;Ferraspari Bebidas e Refrigerantes;;;(11) 4588-2315;;;;;Av.Dr.Cavalcanti, 137, Centro, Triunfo Potiguar/RN, SP;Av.Dr.Cavalcanti;137;;Centro;Triunfo Potiguar/RN;SP;;;;;21/07/2015 15:49:43;
197;2213124;Catupiry (Bebedouro);;;(17) 3342-1147;;;;;Rua Prudente de Moraes, 1, Centro, Capão do Cipó/RS, SP, 14700120;Rua Prudente de Moraes;1;;Centro;Capão do Cipó/RS;SP;14700120;;;;27/05/2015 16:00:47;
198;2112304;Palmali Frigorifico;;;(44) 4001-3277;;;;;;;;;;;;;;;;11/05/2015 20:36:37;
199;2313309;Gendai - Grupo Trend Foods;;;(11) 5185-7200;;;;;Rua Verbo Divino, 663, Álvares Florence/SP, SP;Rua Verbo Divino;663;;;Álvares Florence/SP;SP;;;;;12/06/2015 18:29:23;"Grupo Trend Foods

Concorrente
Gendai: Ericon
China in Box: Ecolab"
200;2678622;A.P Mirante ;;;(11) 2979-8719;;;;;Avenida Leôncio de Magalhães, 1170, Jardim São Paulo(Zona Norte), Álvares Florence/SP, SP, 02042001;Avenida Leôncio de Magalhães;1170;;Jardim São Paulo(Zona Norte);Álvares Florence/SP;SP;02042001;;;;11/08/2015 16:14:29;
201;1290641;Top Cau;;;(11) 2172-3500;;;;;Rua Silva Teles, 821, Pari, Álvares Florence/SP, SP, 03026001;Rua Silva Teles;821;;Pari;Álvares Florence/SP;SP;03026001;;;;26/11/2014 14:27:28;
202;1203199;Kopenhagen;;;(11) 4689-8170;(35) 3435-4780;;;;;;;;;;;;;;;07/11/2014 13:22:26;
203;2198659;Pita Bread;;;(11) 4414-1166;;;;;Av. Industrial Walter Kloth, 777, Aldeias Altas/MA, SP;Av. Industrial Walter Kloth;777;;;Aldeias Altas/MA;SP;;;;;22/05/2015 23:00:06;
204;1109893;Keleck (Jales);;01370961000150;(17) 3624-3120;;;;;Av. Paulo Marcondes, 401, Distrito Industrial I, Analândia/SP, SP;Av. Paulo Marcondes;401;;Distrito Industrial I;Analândia/SP;SP;;;;;19/10/2014 13:52:34;
205;2113757;Neolat Laticinios - Queijos Ipanema;;;(18) 3265-2588;;;;;Avenida Pedro De Toledo, 1055, Chapecó/SC, SP;Avenida Pedro De Toledo;1055;;;Chapecó/SC;SP;;;;;11/05/2015 22:16:42;
206;2425849;Frigorifico Laranjal;;;(15) 3383-9898;;;;;Rod. Marechal Rondon, 171, Av. Silpa - Bairro da Ponte, Manfrinópolis/PR, SP;Rod. Marechal Rondon;171;Av. Silpa - Bairro da Ponte;;Manfrinópolis/PR;SP;;;;;01/07/2015 23:21:54;
207;2113858;Triangulo Alimentos - Doce Mineiro;;;(34) 3266-3200;;;;;Rod. BR 153, 37, Capela/AL, MG;Rod. BR 153;37;;;Capela/AL;MG;;;;;11/05/2015 22:31:45;
208;2416103;Laticínios Aviação;;;(35) 3539-8100;;;;;Avenida Wenceslau Braz, 36, Pirenópolis/GO, MG;Avenida Wenceslau Braz;36;;;Pirenópolis/GO;MG;;;;;30/06/2015 23:46:03;
209;1678865;Grupo Ionic;;;(16) 3505-2200;;;;;;;;;;;;;;;;27/02/2015 20:40:28;
210;2215122;Frigo Plus;;;(11) 2086-9199;;;;;Eunice, 177, Piraúba/MG, SP;Eunice;177;;;Piraúba/MG;SP;;;;;27/05/2015 21:19:43;
211;2356603;Minas Castro;;;(34) 3513-0620;;;;;;;;;;;;;;;;22/06/2015 21:19:50;
212;2220365;Peixe Brasil;;;(62) 3322-6237;;;;;Faz. Agro Barsa rod 139, 40, Itaúna do Sul/PR, GO;Faz. Agro Barsa rod 139;40;;;Itaúna do Sul/PR;GO;;;;;28/05/2015 19:57:56;
213;2712121;Sky Asia Contagem;;;(31) 3956-9417;;camila@pequim2000.com.br;;;Av severino ballestero rodrigues, 850, Minduri/MG, MG;Av severino ballestero rodrigues;850;;;Minduri/MG;MG;;;;;15/08/2015 10:33:12;
214;2545022;L' Alegro;;;(11) 27142020;;compras@lallegro.com.br;;;Tibagi, 482, SP;Tibagi;482;;;;SP;;;;;21/07/2015 23:19:57;
215;2113435;Jazam Alimentos;;;(14) 3405-2000;;;;;Av. Industrial, 208, Marumbi/PR, SP;Av. Industrial;208;;;Marumbi/PR;SP;;;;;11/05/2015 21:25:01;
216;2188867;Wow Nutrition;;;(12) 3654-6060;;;;;Av. Vereador Geraldo Nogueira da Silva, 5111, Ipaporanga/CE, SP;Av. Vereador Geraldo Nogueira da Silva;5111;;;Ipaporanga/CE;SP;;;;;21/05/2015 16:07:09;
217;2188927;Muraro Bebidas;;;(54) 3292-2266;;;;;Frei Eugenio , 855, Jacupiranga/SP, RS;Frei Eugenio ;855;;;Jacupiranga/SP;RS;;;;;21/05/2015 16:17:26;
218;1458561;Kim Paes;;;(11) 3336-3645;;;;;Avenida Argentia , 7, Vila Helena, Capela do Alto/SP, SP;Avenida Argentia ;7;;Vila Helena;Capela do Alto/SP;SP;;;;;20/01/2015 13:16:49;
219;2314325;Max Brill;;;(11) 3706-9706;;;;;;;;;;;;;;;;12/06/2015 21:05:17;
220;2580714;Hot bread;;;;;;;;Mooca, SP;;;;Mooca;;SP;;;;;25/07/2015 20:25:30;
221;2316088;Refrix;;;(15) 3282-9800;;isaac@refrix.com.br;;;Rua Santa Teresinha , 551, SP;Rua Santa Teresinha ;551;;;;SP;;;;;13/06/2015 01:08:01;
222;2311488;Lc Restaurantes;;;(11) 38490439;;Pedro.augusto@lcrestaurantes.com.br;;;Jacques Felix , 75, Vl nova Conceição , SP;Jacques Felix ;75;;Vl nova Conceição ;;SP;;;;;12/06/2015 02:18:22;
223;2311493;Granja São Paulo;;;(11) 46511650;(11) 46551887;granjasaopaulo@gmail.com;;;Rua hercilio Mattos de oliveira, 165, SP;Rua hercilio Mattos de oliveira;165;;;;SP;;;;;12/06/2015 02:18:22;
224;2311477;Antoniolli Massas ;;;(11) 23611077;;adm.antonio@gmail.com;;;;;;;;;;;;;;12/06/2015 02:18:21;
225;1031573;Poly Vac;;;(11) 5693-9988;;debora.toledo@poly-vac.com;;www.poly-vac.com;Avenida das Nações Unidas 21313 Poly Vac S/A Indústria e Comércio de Embalagens, 21313, Vila Almeida, Álvares Florence/SP, SP, 04795924;Avenida das Nações Unidas 21313 Poly Vac S/A Indústria e Comércio de Embalagens;21313;;Vila Almeida;Álvares Florence/SP;SP;04795924;;;;06/10/2014 23:01:50;Industria de embalagens
226;2208624;Argenzio;;;(19) 3671-1064;;;;;Avenida Jose Beni, 880, Maria Helena/PR, SP;Avenida Jose Beni;880;;;Maria Helena/PR;SP;;;;;26/05/2015 17:16:38;
227;1528681;Nestlé Purina PetCare;;60409075010891;(11) 5508-7585;;;;;;;;;;;;;;;;05/02/2015 19:21:59;
228;2460503;Laticínios Leitsul;;;(35) 3712-1498;;;;;Rua Ferro, 440, Porangatu/GO, MG;Rua Ferro;440;;;Porangatu/GO;MG;;;;;06/07/2015 21:48:20;
229;2221362;Lara - Lavanderia;;;;(11) 973751671;;;;;;;;;;;;;;;28/05/2015 22:18:00;Quem passou o contato foi a Diane da Centroeste
230;2354398;Frigorífico Santa Lúcia;;;(34) 3242-8455;;;;;Rua Julio Cesar de Souza, 970, Carlinda/MT, MG;Rua Julio Cesar de Souza;970;;;Carlinda/MT;MG;;;;;22/06/2015 17:18:41;
231;2470077;HSO Pompeia alimentos;;;(11) 94738-6402;;;;;Rua Tiriassu , 2100, Perdizes, SP;Rua Tiriassu ;2100;;Perdizes;;SP;;;;;07/07/2015 23:05:26;
232;2198083;Genuina - Agua;;;(19) 3898-9800;;;;;Av. Nossa Senhora das Brotas, 547, Paulicéia/SP, SP;Av. Nossa Senhora das Brotas;547;;;Paulicéia/SP;SP;;;;;22/05/2015 22:26:49;
233;2126320;Grupo Petropolis - Assepsia;;;(15) 3363-9000;;;;;;;;;;;;;;;;13/05/2015 21:31:28;
234;2462199;Bem Brasil Alimentos;;;(34) 3669-9000;;;;;Av. Hítalo Rós, , 4000, Antônio Prado/RS, MG;Av. Hítalo Rós, ;4000;;;Antônio Prado/RS;MG;;;;;07/07/2015 05:18:33;
235;2665469;Agua Min.Sta Candida Da Flora - Mococa;;;(19) 3656-0221;;;;;;;;;;;;;;;;07/08/2015 21:42:12;
236;2469514;Casa do Salgado ;;;(11) 55647552;;;;;Howard Archibaldi Acheson Junior , 535, Faxinal/PR, SP;Howard Archibaldi Acheson Junior ;535;;;Faxinal/PR;SP;;;;;07/07/2015 22:17:11;
237;1210303;Zinho Pão de Alho;;;(16) 3626-6707;;;;www.zinho.ind.br;Rua Marcelo Pinto de Moraes, 105, Parque Industrial Avelino Alves Palma, Paiva/MG, SP, 14077440;Rua Marcelo Pinto de Moraes;105;;Parque Industrial Avelino Alves Palma;Paiva/MG;SP;14077440;;;;07/11/2014 19:50:32;
238;1432471;Ultrapan;;;(19) 3849-8346;;rodolfo.bresil@ultrapan.com.br;;;;;;;;;;;;;;13/01/2015 04:27:36;
239;2417168;Laticínios Rosena;;;(35) 3325-2747;;;;;Rua José Maria de Carvalho, 461, Nossa Senhora de Fátima, Inajá/PR, MG;Rua José Maria de Carvalho;461;;Nossa Senhora de Fátima;Inajá/PR;MG;;;;;01/07/2015 01:28:52;
240;2083370;Lider Alimentos;;;(18) 2101-3909;;;;;;;;;;;;;;;;04/05/2015 22:34:23;
241;2216208;JLA Alimentação;;;(11) 2598-4959;;;;;Rua Xingú, 535, Alcinópolis/MS, SP;Rua Xingú;535;;;Alcinópolis/MS;SP;;;;;27/05/2015 23:42:35;
242;1031424;Hospital do Cancer de Barretos;;;(17) 3321-6600;;;;;1331, 14748400;;1331;;;;;14748400;;;;06/10/2014 22:27:16;Hospital
243;2316091;Curral De Minas ;;;(37) 33327000;;sonia@curraldeminas.com.br;;;Rod Br 381 km 607, MG;Rod Br 381 km 607;;;;;MG;;;;;13/06/2015 01:08:01;
244;2189392;Latco - Beltrao;;;(46) 3524-3013;;;;;Beltrao , 188, São José do Herval/RS, PR;Beltrao ;188;;;São José do Herval/RS;PR;;;;;21/05/2015 17:29:50;
245;2679955;Concreserv Guarulhos;;06262453001063;(11) 95048-4457;;;;http://www.concreserv.com.br/;Avenida Amâncio Gaiolli, 235, Água Chata, Piraúba/MG, SP, 07251250;Avenida Amâncio Gaiolli;235;;Água Chata;Piraúba/MG;SP;07251250;;;;11/08/2015 17:53:36;
246;2320422;Munik Chocolates;;;;;compras@munik.com.br;;;;;;;;;;;;;;15/06/2015 20:35:50;
247;2320284;Bariloche;;;(11) 96399713;(11) 29882210;;;;Av kennedy, SP;Av kennedy;;;;;SP;;;;;15/06/2015 20:19:10;Inauguração da nova fábrica final de julho junto com pedido.
248;1033708;Hospital de Base de Rio Preto;;;(17) 3201-5000;;;;www.hospitaldebase.com.br;Avenida Brigadeiro Faria Lima, 5544, Vila São José, Nova Brasilândia/MT, SP, 15090000;Avenida Brigadeiro Faria Lima;5544;;Vila São José;Nova Brasilândia/MT;SP;15090000;;;;07/10/2014 04:45:52;Hospital
249;1042796;Embrase;;;(11) 3879-6200;;;;;Avenida Santa Marina, 1560, Água Branca, Álvares Florence/SP, SP, 05036001;Avenida Santa Marina;1560;;Água Branca;Álvares Florence/SP;SP;05036001;;;;08/10/2014 23:37:10;
250;1444813;Starbene Refeicoes;;;(11) 3927-8856;;;;;Mourato Coelho, 90, Pinheiros, SP;Mourato Coelho;90;;Pinheiros;;SP;;;;;15/01/2015 20:00:43;
251;2469513;Alsácia ;;;(11) 33848390;;comercial@sacia.com.br;;;Rua Pires Pimentel , 301, SP;Rua Pires Pimentel ;301;;;;SP;;;;;07/07/2015 22:17:11;
252;1109888;Parmato Laticínios;;;;;;;;;;;;;;;;;;;19/10/2014 13:52:34;
253;1210988;Pão de Queijo e Cia;;;(19) 3478-9500;;;;;;;;;;;;;;;;07/11/2014 21:34:44;
254;2080689;Mae Terra;;;(11) 3468-0187;;;;;Sabia, 45, Dois Irmãos do Tocantins/TO, SP;Sabia;45;;;Dois Irmãos do Tocantins/TO;SP;;;;;04/05/2015 19:45:11;
255;2369925;Bel Cook Alimentos;;;(11) 2305-1954;;;;;Rua Costa Barros, 192, Álvares Florence/SP, SP;Rua Costa Barros;192;;;Álvares Florence/SP;SP;;;;;24/06/2015 20:58:49;
256;2679740;Concreserv Itaquera;;06262453001225;(11) 2201-5400;;nfe@concreserv.com.br;;http://www.concreserv.com.br/;Rua Zituo Karasawa, 181, Lote 182A, Colônia (Zona Leste), Álvares Florence/SP, SP, 08260120;Rua Zituo Karasawa;181;Lote 182A;Colônia (Zona Leste);Álvares Florence/SP;SP;08260120;;;;11/08/2015 17:22:27;
257;2551436;Fugini Alimentos;;;(16) 3244-5514;;;;;Av. Fugita, 1000, Novo Paraíso, Pariconha/AL, SP, 15910000;Av. Fugita;1000;;Novo Paraíso;Pariconha/AL;SP;15910000;;;;22/07/2015 21:17:57;
258;2313290;Peralta Ambiental;;;(11) 2325-3050;;;;;Rua Fernando Costa, Álvares Florence/SP, SP;Rua Fernando Costa;;;;Álvares Florence/SP;SP;;;;;12/06/2015 18:22:24;
259;2187461;Laticínios Jussara;;;(16) 3145-9909;;;;;Lagoa do Barro do Piauí/PI, SP, 14415000;;;;;Lagoa do Barro do Piauí/PI;SP;14415000;;;;21/05/2015 15:26:29;
260;2155212;Flamboia;;;(11) 4529-8500;;;;;Av. Antonio Ortega, 3604;Av. Antonio Ortega;3604;;;;;;;;;19/05/2015 21:29:48;
261;2357567;Doces Colmeia/Caldense;;;(35) 3735-1381;;;;;Avenida Jeronimo da Silva Loures, 1140, Dom Joaquim/MG, MG;Avenida Jeronimo da Silva Loures;1140;;;Dom Joaquim/MG;MG;;;;;22/06/2015 21:50:23;
262;2161256;Real Lacto;;;(44) 3642-9300;;;;;02, Rodovia BR 163, Presidente Médici/RO, PR;02;;;Rodovia BR 163;Presidente Médici/RO;PR;;;;;19/05/2015 23:36:34;
263;2678479;Refrigerante Mogi Guaçu;;;(19) 3841-2240;;;;;;;;;;;;;;;;11/08/2015 16:04:55;
264;1210211;Bialini;;;(35) 3235-1639;;;;;Rodovia BR 381 - KM 762, Capitão Leônidas Marques/PR, MG, 37400000;Rodovia BR 381 - KM 762;;;;Capitão Leônidas Marques/PR;MG;37400000;;;;07/11/2014 19:12:54;Laticínios
265;1215838;Frigosul;;;(67) 3565-9000;;;;;;;;;;;;;;;;07/11/2014 21:59:49;
266;2311492;Kosher ;;;(11) 48288000;;;;;Coronel Bicaco/RS, SP;;;;;Coronel Bicaco/RS;SP;;;;;12/06/2015 02:18:22;
267;2216112;Suvide;;;(11) 2672-9500;;;;;Rua Antonio de Barros, 2831, Tatuapé, Álvares Florence/SP, SP;Rua Antonio de Barros;2831;;Tatuapé;Álvares Florence/SP;SP;;;;;27/05/2015 23:27:44;
268;1183309;Jundiá;;;;;;;;Emancipadores Municipio, 655, Alagoa/MG, SP, 13295000;Emancipadores Municipio;655;;;Alagoa/MG;SP;13295000;;;;03/11/2014 21:31:54;
269;2678482;Argenzio Laticinio;;;(19) 98109-8314;;;;;Rua Jose Bene, 880, Casa Branca, Álvares Florence/SP, SP;Rua Jose Bene;880;;Casa Branca;Álvares Florence/SP;SP;;;;;11/08/2015 16:05:34;
270;2361004;Vivo Sabor - Cozinha Ind.;;;(19) 3465-8080;;;;;Av. Nossa Senhora de Fátima, Chácara Machadinho, Campo Redondo/RN, SP;Av. Nossa Senhora de Fátima;;Chácara Machadinho;;Campo Redondo/RN;SP;;;;;23/06/2015 16:36:44;
271;2311480;Amor e Sabor;;;(11) 22282077;;vylma.allves@bol.com.br;;;SP;;;;;;SP;;;;;12/06/2015 02:18:21;
272;2270109;Jagua Frangos;;;(43) 3272-8000;;;;;Lote 213/214 A S/N - PR-340, Livramento de Nossa Senhora/BA, PR;Lote 213/214 A S/N - PR-340;;;;Livramento de Nossa Senhora/BA;PR;;;;;08/06/2015 19:52:59;
273;2562647;Sacia Hospitalar ;;;(11) 26010451;;;;;Conego Antônio Lessa, 166, SP;Conego Antônio Lessa;166;;;;SP;;;;;23/07/2015 16:28:28;
274;2469869;Restaurante e Pizz Kobb;;;(11) 4163-1566;;;;;Rua Adelino Cardana, 713, Itaberaí/GO, SP;Rua Adelino Cardana;713;;;Itaberaí/GO;SP;;;;;07/07/2015 22:53:10;
275;1210985;Senac;;;;;;;;;;;;;;;;;;;07/11/2014 21:33:34;
276;1498288;C-Vale;;77863223000107;(44) 43649-8181;;;;;Av. Independencia, 2347, Presidente Médici/MA, PR, 85950000;Av. Independencia;2347;;;Presidente Médici/MA;PR;85950000;;;;29/01/2015 02:29:55;
277;2083545;General Brands;;;(11) 31331580;;;;;;;;;;;;;;;;04/05/2015 22:54:13;
278;2215168;Divino Fogão;;;(11) 45187853;;;;;SP;;;;;;SP;;;;;27/05/2015 21:24:20;
279;2460332;Laticínios Sta Marina;;;(35) 3715-8060;;;;;Rodovia Poços - Palmeiral , Km 16 - Fazenda Sta Marina, Porangatu/GO, MG;Rodovia Poços - Palmeiral ;;Km 16 - Fazenda Sta Marina;;Porangatu/GO;MG;;;;;06/07/2015 21:29:06;
280;2319272;Llinea Alimentacao;;;(11) 2424-2579;;;;;Avenida Copacabana, 277, Álvares Florence/SP, SP;Avenida Copacabana;277;;;Álvares Florence/SP;SP;;;;;15/06/2015 17:29:42;
281;2679776;Concreserv Limão;;06262453000920;(11) 2201-5400;;nef@concreserv.com.br;;http://www.concreserv.com.br/;Rua Horácio Vergueiro Rudge, 157, Casa Verde, Álvares Florence/SP, SP, 02512060;Rua Horácio Vergueiro Rudge;157;;Casa Verde;Álvares Florence/SP;SP;02512060;;;;11/08/2015 17:26:34;
282;2535756;Colpani Pescados;;;(19) 3656-6911;;;;;Estrada Dr.Gentil Ferreira da Silva, 2, Zona Rural, Zona Rural, Mato Rico/PR, SP;Estrada Dr.Gentil Ferreira da Silva;2;Zona Rural;Zona Rural;Mato Rico/PR;SP;;;;;20/07/2015 21:37:56;
283;2424073;Arroz Vasconcelos;;;(34) 2108-7979;;;;  ;Carlinda/MT, MG;;;;;Carlinda/MT;MG;;;;;01/07/2015 21:42:57;
284;2218226;Euro Foods;;;(11) 4224-8000;;qualidade@hiperfoods.ind.br;;;RUA MAJOR CARLO DEL PRETE, 170, CENTRO, Cerro Negro/SC, SP;RUA MAJOR CARLO DEL PRETE;170;;CENTRO;Cerro Negro/SC;SP;;;;;28/05/2015 18:03:52;
285;2316090;Cooper Lat ;;;(12) 31284450;;;;;Av da Exposição , 353;Av da Exposição ;353;;;;;;;;;13/06/2015 01:08:01;Flavio conversou por telefone com Valdirene dia 30.08.16 e enviou emails dos relatorios da Latco e agendou retorno para final de mes de setembro, pois ela sairá de licença.
286;2313360;Central de Sabores Patês e Antepastos;;;(11) 2028-9454;;;;;Avenida Dr José Higino, 764, Mooca, Álvares Florence/SP, SP;Avenida Dr José Higino;764;;Mooca;Álvares Florence/SP;SP;;;;;12/06/2015 18:51:58;
287;2311490;Tejo Fran ;;;(11) 33112700;;ahotelac@tejofran.com.br;;;Alameda Nothmann, 816, SP;Alameda Nothmann;816;;;;SP;;;;;12/06/2015 02:18:22;
288;1291065;Supergelados Nora;;;(12) 3642-3633;;;;;Estrada Municipal do Socorro, 1000, Socorro, São Gabriel da Cachoeira/AM, SP;Estrada Municipal do Socorro;1000;;Socorro;São Gabriel da Cachoeira/AM;SP;;;;;26/11/2014 18:36:20;
289;2470052;Sky Asia Shopping Santa Cruz ;;;(11) 94738-6401;;;;;Rua Domingos de Morais , 2564, SP;Rua Domingos de Morais ;2564;;;;SP;;;;;07/07/2015 23:02:33;
290;2316089;Sandeleh ;;;(15) 32394470;;;;;Avenida bandeirantes , 5328, Celso Ramos/SC, SP;Avenida bandeirantes ;5328;;;Celso Ramos/SC;SP;;;;;13/06/2015 01:08:01;
291;1109891;Vale Sul Alimentos;;;;;;;;;;;;;;;;;;;19/10/2014 13:52:34;
292;1409627;Predilecta;;;(16) 3383-4140;;;;;Via Predilecta, 50, São Lourenço do Turvo, Itamari/BA, SP, 15999800;Via Predilecta;50;;São Lourenço do Turvo;Itamari/BA;SP;15999800;;;;09/01/2015 16:17:11;
293;1907947;Alimentos Wilson;;;(18) 3941-9000;;;;;Içara/SC, SP, 19570000;;;;;Içara/SC;SP;19570000;;;;30/03/2015 17:48:16;
294;2577036;Tamagoshi Sushi Garden ;;;;;janaina@tamagoshi.com.br;;;;;;;;;;;;;;24/07/2015 21:43:37;
295;1031072;Minerva Foods;;;(17) 3321-3484;;;;www.minervafoods.com.br;Avenida Antônio Manso Bernardes, Oriente, Novo Mundo/MT, SP, 14781545;Avenida Antônio Manso Bernardes;;;Oriente;Novo Mundo/MT;SP;14781545;;;;06/10/2014 21:34:40;Frigorífico
296;2221366;Bifum Massas;;;(11) 47472727;;ellianchiang@bifum.com.br;;;Rua Tung;Rua Tung;;;;;;;;;;28/05/2015 22:18:00;
297;1031781;Frigorifico BB;;;(11) 3647-4000;;rubia@frigorificobb.com.br;;www.frigorificobb.com.br;Avenida Mofarrej, 1504, Vila Leopoldina, Álvares Florence/SP, SP, 05311000;Avenida Mofarrej;1504;;Vila Leopoldina;Álvares Florence/SP;SP;05311000;;;;06/10/2014 23:27:37;Frigorífico
298;1298710;Pandurata Alimentos (Bauducco);;;(11) 2573-9492;;;;;Rua Endres, 794, Piraúba/MG, SP;Rua Endres;794;;;Piraúba/MG;SP;;;;;27/11/2014 21:09:03;
299;2311489;Restaurante Tamagoschi;;;(11) 43178262;;;;;Rua Flávio Fongaro , 585, Vila Marlene, SP;Rua Flávio Fongaro ;585;;Vila Marlene;;SP;;;;;12/06/2015 02:18:22;
300;2311476;Brasil Fruit ;;;(11) 22676620;;carla@brasilfruit.com.br;;;Av Mariana Calegiori, 951, SP;Av Mariana Calegiori;951;;;;SP;;;;;12/06/2015 02:18:21;
301;1109902;Frigol;;;(14) 3269-3900;;;;;Rua Doutor Gabriel de Oliveira Rocha, 704, Vila Mamedina, Itacuruba/PE, SP, 18681030;Rua Doutor Gabriel de Oliveira Rocha;704;;Vila Mamedina;Itacuruba/PE;SP;18681030;;;;19/10/2014 13:52:35;
302;2313376;Coco Bambu;;;(11) 4304-6221;;;;;Rua Azevedo Soares, 2150, Anália Franco, Álvares Florence/SP, SP;Rua Azevedo Soares;2150;;Anália Franco;Álvares Florence/SP;SP;;;;;12/06/2015 18:58:15;
303;2311485;Damm Alimentos ;;;(11) 36022118;;compras@damm.com.br;;;Rua Amador Bueno, 294, Dois Irmãos do Tocantins/TO, SP;Rua Amador Bueno;294;;;Dois Irmãos do Tocantins/TO;SP;;;;;12/06/2015 02:18:21;
304;2221136;serramar laticínios;;;;;;;;;;;;;;;;;;;28/05/2015 21:48:15;
305;2126446;Frigo Astra;;;(44) 3676-8130;;;;;;;;;;;;;;;;13/05/2015 21:47:59;
306;2462200;Laticinios Brava;;;(16) 3368-2829;;;;; Rodovia Washigton Luís, , 225, Ipuaçu/SC, SP; Rodovia Washigton Luís, ;225;;;Ipuaçu/SC;SP;;;;;07/07/2015 05:21:14;
307;1210974;Frigorifico Wessel;;;(11) 3777-4466;;;;;;;;;;;;;;;;07/11/2014 21:29:49;
308;1042801;Cacau Show;;;(11) 4144-9800;;;;;;;;;;;;;;;;08/10/2014 23:37:10;
309;1042795;Frango Rosaves;;;(14) 3888-1370;;;;;Marcos Martins Ver, 111, Campos Borges/RS, SP, 18580000;Marcos Martins Ver;111;;;Campos Borges/RS;SP;18580000;;;;08/10/2014 23:37:10;
310;1282159;D'Guste;;;(17) 3364-7996;;;;;Rua José Marianinho, 643, Residencial Machado I, Nova Brasilândia/MT, SP, 15052244;Rua José Marianinho;643;;Residencial Machado I;Nova Brasilândia/MT;SP;15052244;;;;25/11/2014 19:44:40;
311;1033713;Cutrale Sucocítrico;;;(17) 3341-9127;;;;www.cutrale.com.br;Rodovia Brigadeiro Faria Lima, 409, Araquari/SC, SP, 14770000;Rodovia Brigadeiro Faria Lima;409;;;Araquari/SC;SP;14770000;;;;07/10/2014 05:00:36;Sucos
312;1516088;Ninfa;;78099777000142;(45) 3240-8500;;;;www.ninfa.com.br;BR 277, Km 667,4, Área Industrial, Moraújo/CE, PR, 85884000;BR 277;;Km 667,4;Área Industrial;Moraújo/CE;PR;85884000;;;;03/02/2015 20:30:44;Biscoitos
313;2074507;Sonda Supermercados;;;;;;;;;;;;;;;;;;;01/05/2015 00:35:43;
314;2219440;Moinho Santa Clara;;;(11) 42234277;;;;;Heloisa Pamplona, , 842, SP;Heloisa Pamplona, ;842;;;;SP;;;;;28/05/2015 19:04:14;
315;2219444;Hospital Cruz Azul;;;;(11) 33484000;;;;Lins de Vasconcelos , SP;Lins de Vasconcelos ;;;;;SP;;;;;28/05/2015 19:04:14;
316;2462188;Laticínios Roseira;;;(35) 3743-2038;;;;;Sete de Setembro, 194, São João dos Patos/MA, MG;Sete de Setembro;194;;;São João dos Patos/MA;MG;;;;;07/07/2015 05:03:16;
317;2161447;Zaeli;;;(44) 3361-2000;;;;;Av. Zaeli 2310, Carvalhos/MG, PR;Av. Zaeli 2310;;;;Carvalhos/MG;PR;;;;;20/05/2015 00:19:28;
318;2304972;Kroschs Biscoitos;;;(15) 19356-2780;;;;;Rua: Antenor Pereira, , 1059, Itumirim/MG, SP;Rua: Antenor Pereira, ;1059;;;Itumirim/MG;SP;;;;;11/06/2015 23:29:07;
319;2221364;Centroeste;;;;;;;;;;;;;;;;;;;28/05/2015 22:18:00;Bomba dosadora para tratamento de agua
320;2319392;LALLEGRO ALIMENTAÇÃO;;;(11) 2714-2020;;;;;;;;;;;;;;;;15/06/2015 17:44:34;ENVIADO APRESENTAÇÃO WILSON CESAR
321;2081175;Arabian Bread;;;(11) 4070-7050;;;;;Avenida Piraporinha , 866, Marataízes/ES, SP;Avenida Piraporinha ;866;;;Marataízes/ES;SP;;;;;04/05/2015 20:52:07;
322;2138188;Latco;;;(44) 3676-5267;;;;;Tabapuã/SP, PR;;;;;Tabapuã/SP;PR;;;;;15/05/2015 18:27:47;
323;2493055;Guimaconseco;;;(11) 2066-0077;;;;;Rua Heitor Peixoto, 702, Cambuci, Álvares Florence/SP, SP, 01543001;Rua Heitor Peixoto;702;;Cambuci;Álvares Florence/SP;SP;01543001;;;;13/07/2015 20:59:26;
324;1221124;JUMIRIM;;;;;;;;;;;;;;;;;;;10/11/2014 18:04:04;
325;1042798;Viva Vida Pão De Queijo;;;;;;;;;;;;;;;;;;;08/10/2014 23:37:10;
326;2551261;Pif Paf (Leopoldina);;;(32) 3449-2814;;;;;Gonçalves Dias/MA, MG;;;;;Gonçalves Dias/MA;MG;;;;;22/07/2015 21:09:30;
327;2679791;Concreserv SBC;;;(11) 4341-7266;;nfe@concreserv.com.br;;http://www.concreserv.com.br/;Avenida Piraporinha, 1073, Planalto, Itinga/MG, SP, 09891002;Avenida Piraporinha;1073;;Planalto;Itinga/MG;SP;09891002;;;;11/08/2015 17:28:52;
328;2161403;Dom Armando;;;(45) 3260-1230;;;;;Bambuí/MG, PR;;;;;Bambuí/MG;PR;;;;;20/05/2015 00:06:23;
329;2681225;Gran Corte;;;(14) 3714-2911;;;;;Unnamed Rd, Pedra Bela/SP, SP, 18760000;Unnamed Rd;;;;Pedra Bela/SP;SP;18760000;;;;11/08/2015 21:29:35;
330;2216051;Salute;;;(16) 3366-1464;;;;;Rua Aldo Germano Klein, 172, CEAT, Ipuaçu/SC, SP, 13573470;Rua Aldo Germano Klein;172;;CEAT;Ipuaçu/SC;SP;13573470;;;;27/05/2015 23:20:43;
331;2214100;Frigocruz;;;(44) 3676-1244;;;;;Av. Paraná, 323, Tabapuã/SP, PR, 87400000;Av. Paraná;323;;;Tabapuã/SP;PR;87400000;;;;27/05/2015 17:52:21;
332;2311486;Cedispal ;;;(11) 36964054;;liban@libanfoods.com.br;;;Dois Irmãos do Tocantins/TO, SP;;;;;Dois Irmãos do Tocantins/TO;SP;;;;;12/06/2015 02:18:21;
333;2192719;Para Tudo Bebidas;;;(34) 3228-3800;;;;;Av. Jose Andraus Gassani , 2795, Itabaianinha/SE, MG;Av. Jose Andraus Gassani ;2795;;;Itabaianinha/SE;MG;;;;;21/05/2015 21:34:06;
334;1030120;Frigorifico Angelelli;;;(19) 3415-9500;;mariana@angelelli.com.br;;www.angelelli.com.br;Rua João Pedro Corrêa, 1111, Santa Terezinha, Tibau do Sul/RN, SP, 13411142;Rua João Pedro Corrêa;1111;;Santa Terezinha;Tibau do Sul/RN;SP;13411142;;;;06/10/2014 20:04:48;Frigorífico
335;1109895;Frango nutribem;;;(17) 3811-1116;;;;;;;;;;;;;;;;19/10/2014 13:52:34;
336;1042800;Sodiê Doces;;;;;;;;;;;;;;;;;;;08/10/2014 23:37:10;
337;1203196;Stj Agropecuaria;;;;;;;;;;;;;;;;;;;07/11/2014 13:22:26;
338;1042794;Friore (pão De Queijo);;;;;;;;;;;;;;;;;;;08/10/2014 23:37:10;
339;2470268;HS Betim Comercio de Alimentos;;;(31) 3426-3699;;;;;Rod BR 381 Fernão Dias km 492, loja 3042 piso 3 , São João, Acaraú/CE, MG;Rod BR 381 Fernão Dias km 492;;loja 3042 piso 3 ;São João;Acaraú/CE;MG;;;;;07/07/2015 23:14:35;
340;1444880;GTP Paulista Servicos;;;(11) 4785-1600;;;;;;;;;;;;;;;;15/01/2015 20:17:57;
341;1109898;Frigorífico Frian;;;;;;;;;;;;;;;;;;;19/10/2014 13:52:34;
342;1402617;Nutrimix;;;;;;;;;;;;;;;;;;;08/01/2015 02:16:45;
343;1498292;Laticínios Tirolez;;;(17) 3275-1758;;;;;Osvaldo Aranha, 443, Dueré/TO, SP, 15150000;Osvaldo Aranha;443;;;Dueré/TO;SP;15150000;;;;29/01/2015 02:34:05;
344;2680950;Frigo Seva;;;(46) 3220-5055;;carla.oliveira@vibra.com.br;;; Rua Tapir 1149, Centro, Morada Nova/CE, PR, 85502970; Rua Tapir 1149;;;Centro;Morada Nova/CE;PR;85502970;;;;11/08/2015 21:03:25;
345;2215170;Da Sabor ;;;;;;;;;;;;;;;;;;;27/05/2015 21:24:20;
346;2250158;ISS;;;;;;;;;;;;;;;;;;;04/06/2015 20:23:10;
347;2462165;Laticinios Hué;;;(35) 3332-2370;;;;;Alameda Francisco Coli,, 35, Curral de Cima/PB, MG;Alameda Francisco Coli,;35;;;Curral de Cima/PB;MG;;;;;07/07/2015 04:47:52;
348;2469512;Sky Ásia Shopping Tucuruvi;;;(11) 94736408;;;;;Av Dr Antônio Maria Lait , 566, SP;Av Dr Antônio Maria Lait ;566;;;;SP;;;;;07/07/2015 22:17:11;
349;2219436;Santa Helena Refeições ;;;(12) 3956-1950;;;;;Indiara/GO, SP;;;;;Indiara/GO;SP;;;;;28/05/2015 19:04:14;
350;2316093;Cajuru Frigorífico ;;;(16) 36679080;;;;;Jonas Jacob Santana , 85, Aparecida/SP, SP;Jonas Jacob Santana ;85;;;Aparecida/SP;SP;;;;;13/06/2015 01:08:01;
351;2064176;Danone - Água;;;;;;;;;;;;;;;;;;;28/04/2015 21:35:53;
352;2357962;Cremo Minas;;;(35) 3733-1460;;;;;Rua Fernando Felisberto, 1000, Rianápolis/GO, MG;Rua Fernando Felisberto;1000;;;Rianápolis/GO;MG;;;;;22/06/2015 22:12:49;
353;2514878;Confruty;;;(11) 3643-7301;;;;;Ceagesp, Vl Leopoldina, Santo Expedito/SP, SP;Ceagesp;;;Vl Leopoldina;Santo Expedito/SP;SP;;;;;15/07/2015 23:21:55;
354;1443019;Nacon Laticinio;;;(16) 3324-5172;;;;;Fortunato Bressan, Flores/PE, SP;Fortunato Bressan;;;;Flores/PE;SP;;;;;15/01/2015 15:51:44;
355;1033704;Lanxess;;;(11) 3741-2500;;;;www.lanxess.com.br;Avenida Maria Coelho Aguiar 215 Rhodia S.A., 215, Jardim São Luís, Álvares Florence/SP, SP, 05804902;Avenida Maria Coelho Aguiar 215 Rhodia S.A.;215;;Jardim São Luís;Álvares Florence/SP;SP;05804902;;;;07/10/2014 04:30:42;Industria 
356;1212847;Yakult;;;;;;;;Bodo/RN, SP;;;;;Bodo/RN;SP;;;;;07/11/2014 21:43:27;
357;2197964;Junior Alimentos;;;(11) 4615-4460;;;;;Rua Vinte e Um de Abril, 221, Jardim Barro Branco, Faxinal/PR, SP, 06705045;Rua Vinte e Um de Abril;221;;Jardim Barro Branco;Faxinal/PR;SP;06705045;;;;22/05/2015 22:05:04;
358;2113553;EBBA Maguary;;;(34) 2108-3530;;;;;Republica Árabe Unida , 40, Rosário da Limeira/MG, PE;Republica Árabe Unida ;40;;;Rosário da Limeira/MG;PE;;;;;11/05/2015 21:45:32;
359;1109900;Bispo Alimentos;;;;;;;;;;;;;;;;;;;19/10/2014 13:52:35;
360;1459544;Vigor;;;(11) 2799-5521;;;;;Rua Joaquim Carlos, 396, Brás, Álvares Florence/SP, SP, 03019000;Rua Joaquim Carlos;396;;Brás;Álvares Florence/SP;SP;03019000;;;;20/01/2015 17:31:03;
361;2217900;Selmi Galo;;;(19) 3873-8400;;;;;Rod.Virginia Vill Dallorto, Km 1.9, Sao Francisco, Jurema/PI, SP;Rod.Virginia Vill Dallorto;;Km 1.9;Sao Francisco;Jurema/PI;SP;;;;;28/05/2015 17:17:11;
362;2368676;Castelo alimentos.;;;(11) 4589-7119;;;;;Av Professora Maria do Carmo Guimarães Pellegrini, 480, Triunfo Potiguar/RN, SP;Av Professora Maria do Carmo Guimarães Pellegrini;480;;;Triunfo Potiguar/RN;SP;;;;;24/06/2015 18:24:21;
363;2215169;Integral Alimentação ;;;;;;;;SP;;;;;;SP;;;;;27/05/2015 21:24:20;
364;2215693;Arrifana;;;(11) 2732-8000;;;;;Tineciro Icibaci, 2337, Álvares Florence/SP, SP;Tineciro Icibaci;2337;;;Álvares Florence/SP;SP;;;;;27/05/2015 22:32:35;
365;2161328;Sao Leopoldo Laticinio;;;(44) 3652-1121;;;;;BR 272, 3, Fortaleza dos Valos/RS, PR;BR 272;3;;;Fortaleza dos Valos/RS;PR;;;;;19/05/2015 23:52:57;
366;2355159;Itambé Leite;;;(37) 3541-5444;;;;;Rua Francisco Antonio Rodrigues, 90, Cascavel/PR, MG;Rua Francisco Antonio Rodrigues;90;;;Cascavel/PR;MG;;;;;22/06/2015 18:54:52;
367;2125776;Coopetativa Laticinio Sao José;;;(12) 2139-2211;;;;;Paraibuna , 245, Coqueiros do Sul/RS, SP;Paraibuna ;245;;;Coqueiros do Sul/RS;SP;;;;;13/05/2015 20:43:22;
368;2356496;Coopas Latícinio;;;(35) 9874-360;;;;;Rod Br 459 km 42, Rio pardo ;Rod Br 459 km 42;;;Rio pardo ;;;;;;;22/06/2015 21:08:32;
369;2679414;Rapido Perus;;;(11) 3915-6464;;;;http://www.rapidoperus.com.br/;Rua Presidente Vargas, 13, Vila Caiúba, Álvares Florence/SP, SP, 05207000;Rua Presidente Vargas;13;;Vila Caiúba;Álvares Florence/SP;SP;05207000;;;;11/08/2015 16:35:40;
370;2215711;Uni Frango;;;;;;;;;;;;;;;;;;;27/05/2015 22:34:07;
371;1210969;Doces Covizzi;;;(17) 3253-5522;;;;;Bento Fernandes/RN, SP;;;;;Bento Fernandes/RN;SP;;;;;07/11/2014 21:27:17;
372;2222808;Unidade Pombo;;;;;;;;Faxinal/PR, SP;;;;;Faxinal/PR;SP;;;;;29/05/2015 02:16:32;
373;1033726;Frigoboi;;;(17) 2137-2777;;;;www.frigoboi.com.br;;;;;;;;;;;;07/10/2014 05:42:04;
374;1447269;Macarrão Siena;;;(19) 3881-1550;;;;;Rua Duilio Beltrame, 7501, Constantina/RS, SP;Rua Duilio Beltrame;7501;;;Constantina/RS;SP;;;;;16/01/2015 12:49:18;16/01/2015 enviado catalogo por e-mail para Marcelo ( Qualidade)
375;1214533;Salgadinhos Fabitos;;;(19) 3341-7000;;;;;Francisco Ceará Barbosa, 47, Campo dos Amarais, Planura/MG, SP;Francisco Ceará Barbosa;47;;Campo dos Amarais;Planura/MG;SP;;;;;07/11/2014 21:49:57;
376;1447986;Minalice Bolachas;;;(16) 3984-9100;;;;;Rod.SSM 110 Km04, Jaboatão dos Guararapes/PE, SP;Rod.SSM 110 Km04;;;;Jaboatão dos Guararapes/PE;SP;;;;;16/01/2015 15:32:35;16/01/2015 enviado apresentacao por e-mail para compras - a/c Paulo - pmelo@minalice.com.br
377;2311478;Pingo De Neve ;;;(11) 25813778;;pingodeneve@terra.com.br;;;Rua conceição de Almeida , 687, SP;Rua conceição de Almeida ;687;;;;SP;;;;;12/06/2015 02:18:21;
378;2083713;Oetker;;;(11) 3783-9309;;;;;Joaquim Lapas Veiga, 239, SP;Joaquim Lapas Veiga;239;;;;SP;;;;;04/05/2015 23:30:02;
379;1447354;Rb Garca Alimentos;;;(14) 3407-1700;;;;;Av. Dr.Labieno da C.Machado, 400, Distrito Industrial, Feira Nova/PE, SP;Av. Dr.Labieno da C.Machado;400;;Distrito Industrial;Feira Nova/PE;SP;;;;;16/01/2015 13:39:37;16/01/2015 enviado catalogo por e-mail para Aline ( qualidade) qualidade@rbalimentos.com.br
380;2127417;Sakura Alimentos;;;(11) 2941-1177;;;;;Ordenacoes , 136, Álvares Florence/SP, SP;Ordenacoes ;136;;;Álvares Florence/SP;SP;;;;;13/05/2015 22:44:12;
381;2112759;Carolina Laticinio;;;(43) 3536-8100;;;;;Benjamin Constant, 840, Montividiu do Norte/GO, PR;Benjamin Constant;840;;;Montividiu do Norte/GO;PR;;;;;11/05/2015 20:58:04;
382;2358959;Mata Boi Alimentos;;;(34) 3221-2700;;;;;Avenida Governador Rondon Pacheco, 3927, Itabaianinha/SE, MG;Avenida Governador Rondon Pacheco;3927;;;Itabaianinha/SE;MG;;;;;22/06/2015 23:37:17;
383;2266587;Globo Aves;;;(45) 3218-2000;;;;;Rod. Br Quatrocentos e Sessenta e Sete, 3, São Sebastião do Rio Verde/MG, PR;Rod. Br Quatrocentos e Sessenta e Sete;3;;;São Sebastião do Rio Verde/MG;PR;;;;;08/06/2015 17:55:32;
384;2221263;Laticinio Xando;;;(19) 3543-1550;;;;;Rod. Anhanguera , Itapirapuã Paulista/SP, SP;Rod. Anhanguera ;;;;Itapirapuã Paulista/SP;SP;;;;;28/05/2015 22:05:15;
385;2355002;Frutas de Minas;;;(35) 8877-9903;;;;;Rodovia BR 459, Km 28, Dom Joaquim/MG, MG;Rodovia BR 459;;Km 28;;Dom Joaquim/MG;MG;;;;;22/06/2015 18:11:39;
386;1498283;Special Dog;;;;;;;;Chácara Santa Amália, Chácara Santa Amália, Águas Frias/SC, SP, 18900000;Chácara Santa Amália;;;Chácara Santa Amália;Águas Frias/SC;SP;18900000;;;;29/01/2015 02:23:16;
387;2215601;Beneficencia Portuguesa S.A;;;(11) 98957-0430;;;;;;;;;;;;;;;;27/05/2015 22:20:37;
388;2678459;Alinutri;;;(19) 3844-1100;;;;;Av.Antonio Batista Piva, 135, Jose Paulino Nogueira, Fruta de Leite/MG, SP;Av.Antonio Batista Piva;135;;Jose Paulino Nogueira;Fruta de Leite/MG;SP;;;;;11/08/2015 16:00:24;
389;1693319;Kodilar;;;(17) 3201-4400;;;;;Avenida Waldomiro Mazzocato, 201, Distrito Industrial Doutor Ulysses da Silveira Guimarães, Nova Brasilândia/MT, SP, 15092604;Avenida Waldomiro Mazzocato;201;;Distrito Industrial Doutor Ulysses da Silveira Guimarães;Nova Brasilândia/MT;SP;15092604;;;;02/03/2015 15:43:11;
390;2219446;Dubhay Terceirização ;;;(11) 47771355;;marcio@dubhay.com;;;Faxinal/PR, SP;;;;;Faxinal/PR;SP;;;;;28/05/2015 19:04:14;
391;2220737;Zabet;;;;;;;;;;;;;;;;;;;28/05/2015 20:59:30;
392;1033371;Santa Casa de Auriflama;;;(17) 3482-1292;;;;;Alfredo Dainese, 5952, Marilândia do Sul/PR, SP, 15350000;Alfredo Dainese;5952;;;Marilândia do Sul/PR;SP;15350000;;;;07/10/2014 03:37:03;Hospital
393;1290724;Cory Alimentos;;;(16) 3024-3333;;;;;Rua Antônio Fernandes Figueroa, 1056, Parque Industrial Lagoinha, Paiva/MG, SP, 14095280;Rua Antônio Fernandes Figueroa;1056;;Parque Industrial Lagoinha;Paiva/MG;SP;14095280;;;;26/11/2014 15:01:25;
394;2533660;Frigorifico Martini Alimentos;;;(19) 3829-2713;;;;;Joao Bissotto Filho, 1821, Ortizes, Constantina/RS, SP;Joao Bissotto Filho;1821;;Ortizes;Constantina/RS;SP;;;;;20/07/2015 17:09:44;
395;2219447;Risk Alimentos ;;;(11) 46151500;;jabades@cotiaempresarial.com.br;;;Rua Vasco Massafeli, , 1000, Faxinal/PR, SP;Rua Vasco Massafeli, ;1000;;;Faxinal/PR;SP;;;;;28/05/2015 19:04:14;
396;1459543;Sorvetes Do Bom;;;;;;;;;;;;;;;;;;;20/01/2015 17:31:03;
397;2665365;Alinutri Refeições para Coletividade;;;(19) 3844-1100;;;;;Av.Antonio Batista Piva, 135, Jose Paulino Nogueira, Fruta de Leite/MG, SP, 13140000;Av.Antonio Batista Piva;135;;Jose Paulino Nogueira;Fruta de Leite/MG;SP;13140000;;;;07/08/2015 21:25:43;
398;1031397;Refrigerantes Dolly;;;(11) 4093-8080;;;;www.dolly.com.br;Avenida Paranapanema, 192, Taboão, Marataízes/ES, SP, 09930450;Avenida Paranapanema;192;;Taboão;Marataízes/ES;SP;09930450;;;;06/10/2014 22:19:14;Refrigerantes
399;2215686;MNM Refeições ;;;(11) 2856-7500;;;;;;;;;;;;;;;;27/05/2015 22:31:30;
400;2215573;Backed Potato;;;(11) 98957-0430;;;;;Itaberaí/GO, SP;;;;;Itaberaí/GO;SP;;;;;27/05/2015 22:17:19;
401;2126391;Zachetta;;;(15) 3363-9600;;;;;Rodovia Gladys Bernardes Minhoto, 22, SP;Rodovia Gladys Bernardes Minhoto;22;;;;SP;;;;;13/05/2015 21:41:14;
402;2039116;BR Aves;;;(16) 3362-6000;;;;;;;;;;;;;;;;23/04/2015 21:39:09;
403;1031093;Frango Rico;;56431364000180;(17) 3405-9500;;bianca.cq@frangorico.com;;www.frangorico.com.br;Avenida Doutor Augusto Aparecido Arroyo Marchi, 3795, Parque Industrial II, Ibiraçu/ES, SP, 15507000;Avenida Doutor Augusto Aparecido Arroyo Marchi;3795;;Parque Industrial II;Ibiraçu/ES;SP;15507000;;;;06/10/2014 21:38:40;Processamento de Frango
404;2313116;Ingredient Alimentos;;;(11) 5522-1287;;;;;Rua Galeno de Castro , 67, Álvares Florence/SP, SP;Rua Galeno de Castro ;67;;;Álvares Florence/SP;SP;;;;;12/06/2015 17:48:13;
405;2469508;Pizzaria A Esperança ;;;(11) 26397012;;;;;Av Morumbi 8185, SP;Av Morumbi 8185;;;;;SP;;;;;07/07/2015 22:17:11;
406;2545023;Grupo RS Terceirizada ;;;(11) 20201050;;gabriela@-consultoria.com;;;Marques de Praia Grande, 135, SP;Marques de Praia Grande;135;;;;SP;;;;;21/07/2015 23:19:57;
407;1043133;Frigorífico Olhos d'Agua;;;(16) 3832-8001;;;;;Joaquim Nabuco, 629, Figueirópolis/TO, SP, 14610000;Joaquim Nabuco;629;;;Figueirópolis/TO;SP;14610000;;;;09/10/2014 15:00:42;
408;2469515;FRO Thome Pizzaria ;;;(11) 38311086;;;;;Mario Whateley , 6, SP;Mario Whateley ;6;;;;SP;;;;;07/07/2015 22:17:11;
409;1445901;Churrasco Jundiai;;;(11) 4584-9914;;;;;;;;;;;;;;;;15/01/2015 20:58:42;
410;2207973;Shefa Alimentos;;;(19) 3907-9700;;;;;;;;;;;;;;;;26/05/2015 16:33:16;
411;2679901;Concreserv Matriz Santana;;06262453000172;(11) 22015-4000;;nfe@concreserv.com.br;;http://www.concreserv.com.br/;Rua Doutor César, 1368, Santana, Álvares Florence/SP, SP, 02013004;Rua Doutor César;1368;;Santana;Álvares Florence/SP;SP;02013004;;;;11/08/2015 17:43:58;
412;2080901;Si Senor;;;(11) 99893-4421;;;;;;;;;;;;;;;;04/05/2015 20:23:37;
413;2678671;Advance Transatur;;44471985000109;(11) 5928-7577;;;;http://www.advancetransatur.com.br/empresa.php;Rua José Solana, 600, Jardim das Camélias (Zona Sul), Álvares Florence/SP, SP, 04829280;Rua José Solana;600;;Jardim das Camélias (Zona Sul);Álvares Florence/SP;SP;04829280;;;;11/08/2015 16:22:41;
414;2660531;FSB Foods;;;(11) 2879-4900;;;;;Rua Amador Bueno, 942, Santo Amaro, Álvares Florence/SP, SP;Rua Amador Bueno;942;;Santo Amaro;Álvares Florence/SP;SP;;;;;06/08/2015 23:04:57;
415;1203194;Fundação Salvador Arena;;;;;;;;;;;;;;;;;;;07/11/2014 13:22:26;
416;1034000;Manserv;;;(11) 4225-5800;;;;www.manserv.com.br;Rua Nazaret, 369, Barcelona, Cerro Negro/SC, SP, 09551200;Rua Nazaret;369;;Barcelona;Cerro Negro/SC;SP;09551200;;;;07/10/2014 16:12:06;Manutenção e limpeza industrial
417;1442880;Ki Delicia Sorvetes;;;(11) 2943-5762;;;;;Rua Anisio de Abreu , 767, Vila Cisper;Rua Anisio de Abreu ;767;;Vila Cisper;;;;;;;15/01/2015 15:27:40;
418;1033702;Sebo Jales;;;(17) 3694-1123;;;;;São João de Iracema/SP, SP;;;;;São João de Iracema/SP;SP;;;;;07/10/2014 04:25:18;
419;1757176;Casa Suíca;;;(11) 4772-0788;;;;;Estrada Velha de Itu, 1401, Jardim Alvorada, Pirapetinga/MG, SP, 06612250;Estrada Velha de Itu;1401;;Jardim Alvorada;Pirapetinga/MG;SP;06612250;;;;10/03/2015 17:18:05;
420;2376052;Rancho De Minas ;;;(31) 25571717;;;;;Rua casuarinas , 248, Eldorado , Minduri/MG, MG;Rua casuarinas ;248;;Eldorado ;Minduri/MG;MG;;;;;25/06/2015 02:49:16;
421;2588280;Toninho Refeicoes;;;(19) 3861-7376;;;;;;;;;;;;;;;;27/07/2015 21:07:59;
422;2469819;Sky Asia Shopping Mocca;;;(11) 94738-6403;;;;;Rua Capitão Pacheco Chaves, 313, Sananduva/RS, SP;Rua Capitão Pacheco Chaves;313;;;Sananduva/RS;SP;;;;;07/07/2015 22:46:39;
423;2712122;Sky Asia Pequim  Minas Shooping;;;(31) 3426-1190;;nathalina@pequim2000.com.br;;;Av Cristiano Machado, 4000, Olivedos/PB, MG;Av Cristiano Machado;4000;;;Olivedos/PB;MG;;;;;15/08/2015 10:33:12;
424;2208217;Amor Aos Pedaços;;;(11) 2198-1055;;;;;;;;;;;;;;;;26/05/2015 17:00:54;
425;1458881;Majestade Aves;;;(11) 4991-5766;;;;;Avenida Dom Pedro II, 1640;Avenida Dom Pedro II;1640;;;;;;;;;20/01/2015 14:31:13;
426;2354710;Doce Mineiro;;;(34) 3266-3200;;;;;Rodovia BR 153, Km 37, Capela/AL, MG;Rodovia BR 153;;Km 37;;Capela/AL;MG;;;;;22/06/2015 17:48:38;Alimentos Triangulo
427;2712123;Sky asia Shopping Metropolitan Betim.;;;(31) 9423-0121;;carina@pequim2000.com.br;;;Fernao Dias., 601, Acaraú/CE, MG;Fernao Dias.;601;;;Acaraú/CE;MG;;;;;15/08/2015 10:33:12;
428;1044085;Rocha Pan;;;(11) 2014-2144;;;;www.rochapan.com.br;Rua André de Almeida, 2100, Cidade São Mateus, Álvares Florence/SP, SP, 03950000;Rua André de Almeida;2100;;Cidade São Mateus;Álvares Florence/SP;SP;03950000;;;;09/10/2014 20:15:09;Congelados
429;1212850;Mendonça Distribuidora;;;(11) 2146-8761;;;;;;;;;;;;;;;;07/11/2014 21:46:48;
430;2588525;SATISUMAYA IND. DOCES;;;(11) 2431-1448;;;;;Rua Flórida, 87, Cidade Parque São Luiz, Piraúba/MG, SP, 07171020;Rua Flórida;87;;Cidade Parque São Luiz;Piraúba/MG;SP;07171020;;;;27/07/2015 21:15:34;
431;1033711;Grupo Guabi;;;(19) 3114-7107;;;;www.guabi.com.br;Rodovia Francisco Marcos Junqueira Netto, Km 383, Tenente Laurentino Cruz/RN, SP, 14660000;Rodovia Francisco Marcos Junqueira Netto;;Km 383;;Tenente Laurentino Cruz/RN;SP;14660000;;;;07/10/2014 04:50:59;Indústria de ração.
432;1042797;Pif Paf (Visconde do Rio Branco);;;(32) 3559-1300;;;;;Rod. MG 447, Km 105, Alto Garças/MT, MG, 36520000;Rod. MG 447;;Km 105;;Alto Garças/MT;MG;36520000;;;;08/10/2014 23:37:10;É tudo feito por Visconde do Rio Branco - MG
433;1109899;Nosso Tempero;;07879980000193;(17) 3641-1523;;;;;Av. Marginal, S/N, Distrito Industrial III, Nova Canaã do Norte/MT, SP, 15775000;Av. Marginal, S/N;;;Distrito Industrial III;Nova Canaã do Norte/MT;SP;15775000;;;;19/10/2014 13:52:34;
434;2273650;Real Latco;;;(44) 3642-9300;;;;;Rod. BR 163 , Presidente Médici/RO, PR;Rod. BR 163 ;;;;Presidente Médici/RO;PR;;;;;08/06/2015 22:37:13;
435;2469509;Yamaci Comércio De Embalagens ;;;(11) 55129086;;;;;Professor Leitão da Cunha , 1274, SP;Professor Leitão da Cunha ;1274;;;;SP;;;;;07/07/2015 22:17:11;
436;2295323;Homemade;;;(11) 4496-4190;;;;;R. Maria Soldeira Lourençon, 801, Alagoa/MG, SP;R. Maria Soldeira Lourençon;801;;;Alagoa/MG;SP;;;;;11/06/2015 20:12:32;
437;2679439;Auto Elétrico Biazzin;;55440648000170;(11) 3223-8335;;;;;Rua Jaraguá, 268, Bom Retiro, Álvares Florence/SP, SP, 01129000;Rua Jaraguá;268;;Bom Retiro;Álvares Florence/SP;SP;01129000;;;;11/08/2015 16:38:39;
438;2216172;Nutriline Alimentação;;;(11) 2412-3277;;;;;Rua Dagmar, 37, Piraúba/MG, SP;Rua Dagmar;37;;;Piraúba/MG;SP;;;;;27/05/2015 23:36:47;
439;2469842;Sassa Sushi Mor;;;(11) 51833898;;;;;Rua Henri Dunant, 918;Rua Henri Dunant;918;;;;;;;;;07/07/2015 22:50:06;
440;2219438;Prov Chips ;;;(11) 44555275;;lidiane@provchips.com.br;;;;;;;;;;;;;;28/05/2015 19:04:14;
441;2332534;Laticínios Baby ;;;(35) 3733-1234;(35) 9949-2776;luiscarlosandrafas@outlook.com;;;Rua Manoel Coqueiro Ribeiro, 15, Rianápolis/GO, MG;Rua Manoel Coqueiro Ribeiro;15;;;Rianápolis/GO;MG;;;;;17/06/2015 18:57:28;
442;2548946;Sooro;;;(45) 3284-5300;;;;;Agudos do Sul/PR, PR;;;;;Agudos do Sul/PR;PR;;;;;22/07/2015 17:31:31;
443;1459048;United Mills (Trio Alimentos);;;(15) 3229-3030;;;;;Rodovia João Leme dos Santos, 440, Parque Reserva Fazenda Imperial, Celso Ramos/SC, SP, 18052780;Rodovia João Leme dos Santos;440;;Parque Reserva Fazenda Imperial;Celso Ramos/SC;SP;18052780;;;;20/01/2015 14:46:27;
444;2320421;Batel Alimentos;;;;;qualidade@latabledor.com.br;;;Rua Batel , 7;Rua Batel ;7;;;;;;;;;15/06/2015 20:35:50;Daniele irá testar os produtos essa semana. Ligar dia 13.07
445;2678514;A.S Transportes;;57705097000155;(11) 2902-8888;;;;http://www.astur.com.br/;Rua São Quirino, 209, Vila Guilherme, Álvares Florence/SP, SP, 02056070;Rua São Quirino;209;;Vila Guilherme;Álvares Florence/SP;SP;02056070;;;;11/08/2015 16:11:59;
446;2359215;Cemil;;;(34) 3818-1300;;;;;Avenida das Industrias, 1090, Passagem/RN, MG;Avenida das Industrias;1090;;;Passagem/RN;MG;;;;;23/06/2015 01:31:55;
447;2209071;Polenghi;;;(15) 3355-8060;;;;;Estrada Municipal , Tamandaré/PE, SP;Estrada Municipal ;;;;Tamandaré/PE;SP;;;;;26/05/2015 17:32:37;
448;2215718;Netto Alimentos;;;;;;;;;;;;;;;;;;;27/05/2015 22:34:58;
449;2244725;Grupo Palazzo;;;(16) 3209-4200;;;;;Rodovia Carlos Tonani, Km 120, Santa Izabel, Nova Nazaré/MT, SP, 14890500;Rodovia Carlos Tonani;;Km 120;Santa Izabel;Nova Nazaré/MT;SP;14890500;;;;02/06/2015 23:44:00;
450;2219441;Soberana ;;;(11) 43322596;;gribeiro@soberanaserv.com.br;;;Rua Coimbra , 15, Itinga/MG, SP;Rua Coimbra ;15;;;Itinga/MG;SP;;;;;28/05/2015 19:04:14;
451;2217157;Dona Deola;;;(11) 3673-2389;;;;;;;;;;;;;;;;28/05/2015 15:05:13;Claudiano compra de outro fornecedor, disse que está sendo muito bem atendido porém ele é muito atencioso e sempre responde email. Continuar tentando.
452;2219439;Saborama Bebidas ;;;(11) 41370500;;compras@saborama.com.br;;;Rua Constantino Lopes, , 171, SP;Rua Constantino Lopes, ;171;;;;SP;;;;;28/05/2015 19:04:14;
453;2219442;Max Food ;;;;;;;;10276, Itinga/MG, SP;;10276;;;Itinga/MG;SP;;;;;28/05/2015 19:04:14;
454;2204641;Oggi Sorvetes;;;(11) 4343-4343;;;;;;;;;;;;;;;;25/05/2015 19:26:26;
455;2189287;Latco Realeza;;;(46) 3543-1874;;;;;Avenida Rubens César Cazelani, Paula Freitas/PR, PR;Avenida Rubens César Cazelani;;;;Paula Freitas/PR;PR;;;;;21/05/2015 17:15:24;
456;1221123;Sabor Da Mama;;;;;;;;;;;;;;;;;;;10/11/2014 18:04:04;
457;1276964;Hospital São Lucas;;;(11) 2178-2286;;;;;;;;;;;;;;;;24/11/2014 20:20:09;
458;1528933;Minalice;;;(16) 3984-9100;;;;;Rod. SP - 253, KM 04, Centro, Jaboatão dos Guararapes/PE, SP, 14200000;Rod. SP - 253;;KM 04;Centro;Jaboatão dos Guararapes/PE;SP;14200000;;;;05/02/2015 20:16:12;
459;2219432;Long Way Alimentos;;;(11) 4615-5858;;;;;Rua Pacífico , 160, Faxinal/PR, SP;Rua Pacífico ;160;;;Faxinal/PR;SP;;;;;28/05/2015 19:04:14;
460;2364889;Burgman;;;(15) 3218-1818;;;;;Av. Engenheiro Carlos Reinaldo Mendes, 5025, Celso Ramos/SC, SP;Av. Engenheiro Carlos Reinaldo Mendes;5025;;;Celso Ramos/SC;SP;;;;;23/06/2015 22:00:36;
461;2416188;Queijos Scala;;;(34) 3351-8000;;;;;Rua Virgilio de Melo Franco, 62, Centro, Muniz Ferreira/BA, MG;Rua Virgilio de Melo Franco;62;;Centro;Muniz Ferreira/BA;MG;;;;;30/06/2015 23:58:19;
462;2557651;Grupo Petropolis - Consumo;;;(15) 3363-9000;;;;;;;;;;;;;;;;22/07/2015 23:16:27;
463;1031594;Graal - São Carlos;;;(16) 2106-4226;;rubi.compras@redegraal.com.br;;;SP-310, 220, Ipuaçu/SC, SP;SP-310, 220;;;;Ipuaçu/SC;SP;;;;;06/10/2014 23:07:17;Restaurantes
464;2273179;Regina Laticínios;;;;;;;lcq@regina.com.br;;;;;;;;;;;;08/06/2015 22:09:18;
465;2679558;Araujo & Silva Locadora de Veiculos Ltda - ME;;16726651000101;(11) 3542-9550;;;;;Rua Nossa Senhora da Lapa, 671, CONJ. 71, Lapa, Álvares Florence/SP, SP, 05072000;Rua Nossa Senhora da Lapa;671;CONJ. 71;Lapa;Álvares Florence/SP;SP;05072000;;;;11/08/2015 16:54:31;
466;2219437;Satsumaya;;;(11) 2431-1448;;compras@satsumaya.com.br;;;;;;;;;;;;;;28/05/2015 19:04:14;
467;1184155;Frigorífico Cardeal;;;;;;;www.fcardeal.com.br;Rua 28 de Julho, Cerro Negro/SC, SP;Rua 28 de Julho;;;;Cerro Negro/SC;SP;;;;;04/11/2014 13:56:36;
468;1033701;La Basque;;;(19) 3756-1950;;;;www.labasque.com.br;218;;218;;;;;;;;;07/10/2014 04:22:54;Sorvetes
469;1031010;Frigoestrela;;;;;controlequalidade@frigoestrela.com.br;;www.estrelaalimentos.com.br;Formoso do Araguaia/TO, SP, 15650000;;;;;Formoso do Araguaia/TO;SP;15650000;;;;06/10/2014 21:22:40;Frigorífico
470;2316092;Sucorrico;;;(19) 35446092;(19) 93591440;;;;Rod Anhanguera km 176,6, fazenda colorado , Itapirapuã Paulista/SP, SP;Rod Anhanguera km 176,6;;fazenda colorado ;;Itapirapuã Paulista/SP;SP;;;;;13/06/2015 01:08:01;
471;1757126;Quatá Alimentos;;;(11) 2390-1050;;;;;;;;;;;;;;;;10/03/2015 17:01:05;
472;2712120;Sky asia Belo Horizonte. Shopping Diamond;;;(31) 3292-9018;;lenicilva@pequim2000.com.br;;;Av olegario maciel, 1600, Shopping Diamond, MG;Av olegario maciel;1600;Shopping Diamond;;;MG;;;;;15/08/2015 10:33:12;
473;2216106;Frig West;;;(17) 3236-2066;;;;;;;;;;;;;;;;27/05/2015 23:26:41;
474;2283070;Frigorífico Frivassa ;;;;;claudinei@frivasa.com.br;;;Porangatu/GO, MG;;;;;Porangatu/GO;MG;;;;;10/06/2015 04:17:03;
475;2080857;ZF Sachs;;;(15) 4009-2504;;;;;Conde Zeppelin, 1935;Conde Zeppelin;1935;;;;;;;;;04/05/2015 20:15:50;
476;2113377;Brasa Burguers;;;(19) 99742-3040;;;;;Estrada CTR, chacara nova esperanca, Pederneiras/SP, SP;Estrada CTR, chacara nova esperanca;;;;Pederneiras/SP;SP;;;;;11/05/2015 21:17:21;
477;2326623;Laticínios Tatitania;;;(35) 3713-3475;(35) 3713-1486;luiz@docestatitania.com;;;Presidente venceslau Braz km 4 Caminho 1 , 112, Porangatu/GO, MG;Presidente venceslau Braz km 4 Caminho 1 ;112;;;Porangatu/GO;MG;;;;;16/06/2015 18:27:44;
478;1458590;Skimoni Sorvetes;;;(19) 3478-8060;;;;;Avenida Afonso Pansan, 1837, Campo Redondo/RN, SP;Avenida Afonso Pansan;1837;;;Campo Redondo/RN;SP;;;;;20/01/2015 13:30:38;
479;1210201;Rancho de Minas;;;(35) 3231-2068;(35) 8871-2852;ranchodeminas@hotmail.com;;;Rod. Três Corações / Cambuquira,  KM 1, Cafezal do Sul/PR, MG, 37410000;Rod. Três Corações / Cambuquira,  KM 1;;;;Cafezal do Sul/PR;MG;37410000;;;;07/11/2014 19:08:42;Laticínios
480;1033367;Masterfoods;;;(19) 3805-8600;;;;www.mars.com;Avenida Geraldo Potiguara Silveira Franco, 900, Parque da Empresa, Serra Talhada/PE, SP, 13803340;Avenida Geraldo Potiguara Silveira Franco;900;;Parque da Empresa;Serra Talhada/PE;SP;13803340;;;;07/10/2014 03:24:19;Alimentícia
481;2469753;HS 2007 Santa Cruz;;;(11) 94738-6401;;;;;Domingos de Morais , 2564, Álvares Florence/SP, SP;Domingos de Morais ;2564;;;Álvares Florence/SP;SP;;;;;07/07/2015 22:36:11;
482;1033714;Frigwest;;;(17) 3236-2066;;;;www.frigwest.com.br;Rua Capitão Faustino de Almeida, 1530, Vila Esplanada, Nova Brasilândia/MT, SP, 15030510;Rua Capitão Faustino de Almeida;1530;;Vila Esplanada;Nova Brasilândia/MT;SP;15030510;;;;07/10/2014 05:03:58;Frigorífico
483;2217161;SAJ;;;(11) 3032-5939;;;;;;;;;;;;;;;;28/05/2015 15:06:00;
484;2212943;Ceratti;;;(19) 3836-6321;;;;;Rod. SP 324, Km 324, Área Industrial, Antonina/PR, SP, 13280000;Rod. SP 324;;Km 324;Área Industrial;Antonina/PR;SP;13280000;;;;27/05/2015 15:27:24;
485;2209160;Catupiry (Sta Fé do Sul);;;(17) 3631-1034;;;;;;;;;;;;;;;;26/05/2015 17:43:20;
486;2701273;Big Bom Supermercados;;;(19) 3861-9000;;;;;;;;;;;;;;;;13/08/2015 22:43:38;
487;2313342;Sabor e Minas Pão de Queijo;;;(11) 4576-7720;;;;;Avenida José Moreira, 196, Jardim IV Centenário, Cananéia/SP, SP;Avenida José Moreira;196;;Jardim IV Centenário;Cananéia/SP;SP;;;;;12/06/2015 18:44:52;
488;2241351;Florio;;;;;;;;Rua Alberto Correia Fracfort , 113;Rua Alberto Correia Fracfort ;113;;;;;;;;;02/06/2015 21:29:22;
489;2219368;Frigorifico Nosso;;;;;;;;;;;;;;;;;;;28/05/2015 18:39:29;
490;1033723;Hospital Samaritano;;;(11) 3821-5300;;;;www.samaritano.org.br;Rua Conselheiro Brotero, 1486, Santa Cecília, Álvares Florence/SP, SP, 01232010;Rua Conselheiro Brotero;1486;;Santa Cecília;Álvares Florence/SP;SP;01232010;;;;07/10/2014 05:24:21;Hospital
491;2679576;Cantu Pneus;;08888040000204;(11) 4178-4221;;;;http://www.cantupneus.com.br/;Rua Dom Lucas Obes, 956, Ipiranga, Álvares Florence/SP, SP, 04212020;Rua Dom Lucas Obes;956;;Ipiranga;Álvares Florence/SP;SP;04212020;;;;11/08/2015 16:57:18;
492;2678746;AGUIA DE FOGO SERVICE;;11751311000109;(11) 5523-3147;;;;;Estrada da Barrinha, 1699, Paineiras/MG, SP, 06890000;Estrada da Barrinha;1699;;;Paineiras/MG;SP;06890000;;;;11/08/2015 16:30:40;
493;1033724;Marfrig;;;(11) 4422-7200;;;;www.marfrig.com.br;Prefeito José Carlos, 730, Alagoa/MG, SP, 13295000;Prefeito José Carlos;730;;;Alagoa/MG;SP;13295000;;;;07/10/2014 05:34:24;
494;1290698;Grill Hall;;;(11) 5572-0018;;;;;Rua Pedro de Toledo, 1361, Vila Clementino, Álvares Florence/SP, SP, 04039033;Rua Pedro de Toledo;1361;;Vila Clementino;Álvares Florence/SP;SP;04039033;;;;26/11/2014 14:48:35;
495;1447364;TonyKelly Doces;;;(19) 3845-6813;;;;;Av.Joao Coelho , 495, Rosário do Sul/RS, SP;Av.Joao Coelho ;495;;;Rosário do Sul/RS;SP;;;;;16/01/2015 13:44:20;16/01/2015 enviado catalogo por e-mail para Isabel ( qualidade) comercial@docestonykelly.com.br
496;1109892;Suiba Frigorifico;;;(17) 3567-9090;;;;;Rodoviaria Anel V Paulino Alberguine, 110, Varjão/GO, SP, 15825000;Rodoviaria Anel V Paulino Alberguine;110;;;Varjão/GO;SP;15825000;;;;19/10/2014 13:52:34;
497;1443080;Frimarchi Linguica;;;(12) 99728-4013;;;;;;;;;;;;;;;;15/01/2015 16:18:16;
498;1516343;Tirolez;;;(11) 3723-7777;;;;;Rua Quitanduba, 400, Caxingui, Álvares Florence/SP, SP, 05516030;Rua Quitanduba;400;;Caxingui;Álvares Florence/SP;SP;05516030;;;;03/02/2015 21:29:38;
499;2219445;Koscher ;;;(11) 48288000;;;;;Pedro Ripoli,, 379, Coronel Bicaco/RS, SP;Pedro Ripoli,;379;;;Coronel Bicaco/RS;SP;;;;;28/05/2015 19:04:14;
500;2313349;Ice Fruit;;;(11) 3308-6767;;;;;Rodovia Castelo Branco, Km 128, Teixeira/PB, SP;Rodovia Castelo Branco;;Km 128;;Teixeira/PB;SP;;;;;12/06/2015 18:48:09;
501;27392766;PGR - PLANMAR;;;(11) 4577-0399;;;;;Est SUMARE PAULI Nº 1010   , JARDIM MARIA ANTONIA ( NOVA VENESA ) - SUMARÉ;Est SUMARE PAULI Nº 1010   , JARDIM MARIA ANTONIA ( NOVA VENESA ) - SUMARÉ;;;;;;;;;;07/01/2022 19:03:12;NULL
502;27392708;JIMMY BERRY;;;(11) 89649-9252;;;;;Avenida IBIRAPUERA 3103 Nº 3103   , INDIANÓPOLIS - SÃO PAULO;Avenida IBIRAPUERA 3103 Nº 3103   , INDIANÓPOLIS - SÃO PAULO;;;;;;;;;;07/01/2022 19:03:07;NULL
503;27392519;CONDOMINIO ESPLANADA;;;(11) 4990-1394;;;;;Rua PADRE MANOEL DE PAIVA Nº 355    , JARDIM - SANTO ANDRÉ;Rua PADRE MANOEL DE PAIVA Nº 355    , JARDIM - SANTO ANDRÉ;;;;;;;;;;07/01/2022 19:02:37;NULL
504;3143584;Laticinios Costa;;;(45) 3345-1213;;;;;Portao Ocoy, Bambuí/MG, PR;Portao Ocoy;;;;Bambuí/MG;PR;;;;;15/10/2015 20:20:03;
505;27392611;HOSPITAL CENTRAL;;;(11) 98244-5821;;;;;Rua MANOEL COELHO Nº 845    , SANTO ANTONIO - SÃO CAETANO DO SUL;Rua MANOEL COELHO Nº 845    , SANTO ANTONIO - SÃO CAETANO DO SUL;;;;;;;;;;07/01/2022 19:02:59;NULL
506;2767427;Tom Brasil casa de show;;;(11) 5646-2145;;;;;SP;;;;;;SP;;;;;24/08/2015 19:06:22;
507;27392745;PRONUTRI BRASILATA;;;(11) 3195-4249;;;;;Rua ROBERT BOSCH Nº 332/45 BRASILATA                     , PARQUE INDUSTRIAL TOMAS EDSON - SÃO PAULO;Rua ROBERT BOSCH Nº 332/45 BRASILATA                     , PARQUE INDUSTRIAL TOMAS EDSON - SÃO PAULO;;;;;;;;;;07/01/2022 19:03:10;NULL
508;27392542;DIA BRASIL RIBEIRAO PRETO;;;(11) 3886-8610;;;;;Av PAPA JOÃO XXIII Nº 3059   , LOTEAMENTO INDUSTRIAL CORAL - MAUÁ;Av PAPA JOÃO XXIII Nº 3059   , LOTEAMENTO INDUSTRIAL CORAL - MAUÁ;;;;;;;;;;07/01/2022 19:02:38;NULL
509;27392466;A S CAJE RESTUARANTE LTDA;;;(11) 98100-1403;;;;;Rua IBIAPAVA Nº 49     , VILA APIAÍ - SANTO ANDRÉ;Rua IBIAPAVA Nº 49     , VILA APIAÍ - SANTO ANDRÉ;;;;;;;;;;07/01/2022 19:02:33;NULL
510;27392732;ABM - LC BARUERI 7097;;;(11) 2894-3933;;;;;Avenida PREFEITO JOÃO VILALLOBO QUERO Nº 1505   , JARDIM ITAQUITI - BARUERI;Avenida PREFEITO JOÃO VILALLOBO QUERO Nº 1505   , JARDIM ITAQUITI - BARUERI;;;;;;;;;;07/01/2022 19:03:09;NULL
511;27392598;VARANDA PATIO PAULISTA;;;(11) 98152-1388;;;;;Rua TREZE DE MAIO 1947 Nº 1947   LOJA 01 A 07                  , BELA VISTA  - SÃO PAULO;Rua TREZE DE MAIO 1947 Nº 1947   LOJA 01 A 07                  , BELA VISTA  - SÃO PAULO;;;;;;;;;;07/01/2022 19:02:58;NULL
512;27392762;PGR - PRENSA 7053;;;(11) 2894-3933;;;;;Rodovia EDGARD MÁXIMO ZAMBOTTO Nº 5500   , CHÁCARA LAGOA BRANCA - CAMPO LIMPO PAULISTA;Rodovia EDGARD MÁXIMO ZAMBOTTO Nº 5500   , CHÁCARA LAGOA BRANCA - CAMPO LIMPO PAULISTA;;;;;;;;;;07/01/2022 19:03:11;NULL
513;27392589;EMPORIUM SAO PAULO - MARACATINS;;;(11) 3053-3310;;;;;Alameda DOS MARACATINS Nº 217    , INDIANÓPOLIS - SÃO PAULO;Alameda DOS MARACATINS Nº 217    , INDIANÓPOLIS - SÃO PAULO;;;;;;;;;;07/01/2022 19:02:58;NULL
514;2968183;Motel Parati;;;(17) 3227-4554;;;;;Avenida das Águias, 557, Loteamento Parque dos Pássaros, Nova Brasilândia/MT, SP, 15093641;Avenida das Águias;557;;Loteamento Parque dos Pássaros;Nova Brasilândia/MT;SP;15093641;;;;22/09/2015 19:49:32;
515;27392607;HENZ CORREA;;;(15) 99670-3460;;;;;Rua SALDANHA MARINHO Nº 465    , CENTRO - ITAPETININGA;Rua SALDANHA MARINHO Nº 465    , CENTRO - ITAPETININGA;;;;;;;;;;07/01/2022 19:02:59;NULL
516;27392524;CONDOMINIO SHOPPING CAMPO LIMPO;;;(11) 3326-5174;;;;;Estrada DO CAMPO LIMPO Nº 459    , VILA PREL - SÃO PAULO;Estrada DO CAMPO LIMPO Nº 459    , VILA PREL - SÃO PAULO;;;;;;;;;;07/01/2022 19:02:37;NULL
517;27392658;LBGS - HC INSTITUTO DA CRIANÇA;;;(11) 4428-1490;;;;;Avenida DOUTOR ENÉAS CARVALHO DE AGUIAR Nº 647    , CERQUEIRA CESAR - SÃO PAULO;Avenida DOUTOR ENÉAS CARVALHO DE AGUIAR Nº 647    , CERQUEIRA CESAR - SÃO PAULO;;;;;;;;;;07/01/2022 19:03:03;NULL
518;27392641;LBGS HOSPITAL NHOCUNE;;;(11) 4428-1490;;;;;Rua ALVES MALDONADO Nº 182    , VILA NHOCUNE - SÃO PAULO;Rua ALVES MALDONADO Nº 182    , VILA NHOCUNE - SÃO PAULO;;;;;;;;;;07/01/2022 19:03:02;NULL
519;3139417;Lual Alimentos;;;(11) 4013-4429;;;;;Rodovia Dom Gabriel Paulino Bueno Couto, 814, Medianeira/PR, SP;Rodovia Dom Gabriel Paulino Bueno Couto;814;;;Medianeira/PR;SP;;;;;15/10/2015 16:15:05;
520;2888559;Blue Tree Hotel - Anália Franco;;;(11) 2672-7000;;;;;Rua Eleonora Cintra, 960, Anália Franco, Álvares Florence/SP, SP;Rua Eleonora Cintra;960;;Anália Franco;Álvares Florence/SP;SP;;;;;14/09/2015 22:50:44;
521;27392613;IGOR PAULINO;;;(11) 4433-0980;;;;;Rua GERTRUDES DE LIMA Nº 238    , CENTRO - SANTO ANDRÉ;Rua GERTRUDES DE LIMA Nº 238    , CENTRO - SANTO ANDRÉ;;;;;;;;;;07/01/2022 19:02:59;NULL
522;3080276;Aguas da Prata;;;(19) 3642-9310;;;;;;;;;;;;;;;;06/10/2015 20:48:01;
523;27392573;INTEGRAL NUTRI - HOSP. VILA PENTEADO;;;(11) 4307-9743;;;;;Avenida MINISTRO PETRÔNIO PORTELA Nº 1800   , JARDIM IRACEMA - SÃO PAULO;Avenida MINISTRO PETRÔNIO PORTELA Nº 1800   , JARDIM IRACEMA - SÃO PAULO;;;;;;;;;;07/01/2022 19:02:56;NULL
524;2815198;MeGusta Gourmet;;;(11) 4538-1083;;;;;Rua Piza e Almeida, 452, Sala 34, Centro, Landri Sales/PI, SP;Rua Piza e Almeida;452;Sala 34;Centro;Landri Sales/PI;SP;;;;;01/09/2015 22:25:02;
525;27392624;JONATHAN ROGERIO;;;(11) 2919-2418;;;;;Rua ANTÔNIO PEREIRA MACHADO Nº 356    , PARQUE SÃO RAFAEL - SÃO PAULO;Rua ANTÔNIO PEREIRA MACHADO Nº 356    , PARQUE SÃO RAFAEL - SÃO PAULO;;;;;;;;;;07/01/2022 19:03:00;NULL
526;27392495;BIPO STEACK HOUSE;;;(11) 95970-8929;;;;;Alameda SANTOS Nº 1518   LOJAS 71/72                   , CERQUEIRA CESAR - SÃO PAULO;Alameda SANTOS Nº 1518   LOJAS 71/72                   , CERQUEIRA CESAR - SÃO PAULO;;;;;;;;;;07/01/2022 19:02:35;NULL
527;27392765;PRONUTRI - PUKET;;;(11) 2985-7802;;;;;Avenida JULIÃO MACHADO Nº 28     7079 PUKET                    , VILA RIBEIRO DE BARROS - SÃO PAULO;Avenida JULIÃO MACHADO Nº 28     7079 PUKET                    , VILA RIBEIRO DE BARROS - SÃO PAULO;;;;;;;;;;07/01/2022 19:03:11;NULL
528;27392502;CAPACI;;;(11) 2602-4300;;;;;Av VEREADOR ABEL FERREIRA Nº 320    , VILA REGENTE FEIJO - SÃO PAULO;Av VEREADOR ABEL FERREIRA Nº 320    , VILA REGENTE FEIJO - SÃO PAULO;;;;;;;;;;07/01/2022 19:02:35;NULL
529;27392725;PGR - CARDINAL;;;(11) 2985-7802;;;;;Avenida ORDEM E PROGRESSO Nº 240    8 SUL                         , VÁRZEA DA BARRA FUNDA - SÃO PAULO;Avenida ORDEM E PROGRESSO Nº 240    8 SUL                         , VÁRZEA DA BARRA FUNDA - SÃO PAULO;;;;;;;;;;07/01/2022 19:03:08;NULL
530;27392492;BB;;;(11) 3647-4000;;;;;Av MOFARREJ Nº 1504   , VILA LEOPOLDINA - SÃO PAULO;Av MOFARREJ Nº 1504   , VILA LEOPOLDINA - SÃO PAULO;;;;;;;;;;07/01/2022 19:02:34;NULL
531;27392808;PRONUTRI - MOVE;;;(11) 2985-7802;;;;;Rua MURTA-DO-CAMPO Nº 450    , VILA ALPINA - SÃO PAULO;Rua MURTA-DO-CAMPO Nº 450    , VILA ALPINA - SÃO PAULO;;;;;;;;;;07/01/2022 19:03:15;NULL
532;27392784;PRONUTRI - BRABUS;;;(11) 5696-9463;;;;;Rua GALENO DE CASTRO Nº 486    , JURUBATUBA - SÃO PAULO;Rua GALENO DE CASTRO Nº 486    , JURUBATUBA - SÃO PAULO;;;;;;;;;;07/01/2022 19:03:13;NULL
533;27392470;AGRODANIELI - TAPEJARA;;;(54) 3344-4280;;;;;A (Área) LOCALIDADE DE SAO SILVESTRE Nº SNN    PREDIO 2 E SALA 02            , INTERIOR - TAPEJARA;A (Área) LOCALIDADE DE SAO SILVESTRE Nº SNN    PREDIO 2 E SALA 02            , INTERIOR - TAPEJARA;;;;;;;;;;07/01/2022 19:02:33;NULL
534;27392487;AUTO POSTO GUIGUI;;;(11) 94756-0975;;;;;Rua DAS MONÇÕES Nº 618    , JARDIM - SANTO ANDRÉ;Rua DAS MONÇÕES Nº 618    , JARDIM - SANTO ANDRÉ;;;;;;;;;;07/01/2022 19:02:34;NULL
535;27392703;TRIPLE BOWLS - OAKBERRY PINHEIROS;;;(11) 98148-6888;;;;;Rua DOS PINHEIROS Nº 466    , PINHEIROS - SÃO PAULO;Rua DOS PINHEIROS Nº 466    , PINHEIROS - SÃO PAULO;;;;;;;;;;07/01/2022 19:03:07;NULL
536;3245391;Frigo Cardeal;;;(11) 4227-9609;;;;;Rua 28 de Julho, 25, Fundação, Cerro Negro/SC, SP;Rua 28 de Julho;25;;Fundação;Cerro Negro/SC;SP;;;;;27/10/2015 22:07:08;
537;27392647;LBGS - HOSPITAL DA MULHER;;;(11) 4428-1490;;;;;Rua AMÉRICA DO SUL Nº 285    , PARQUE NOVO ORATÓRIO - SANTO ANDRÉ;Rua AMÉRICA DO SUL Nº 285    , PARQUE NOVO ORATÓRIO - SANTO ANDRÉ;;;;;;;;;;07/01/2022 19:03:02;NULL
538;2811860;Frisia ;;;;;;;;Barcelos/AM, PR;;;;;Barcelos/AM;PR;;;;;01/09/2015 17:02:26;Rafael compras e Bruna qualidade. Ivan mandou catalogo via e-mail
539;2985491;Vittaqualy Alimentos;;;;;;;;Coronel Bicaco/RS, SP;;;;;Coronel Bicaco/RS;SP;;;;;23/09/2015 17:07:20;
540;27392648;LBGS - HOSP LEONOR MENDES DE BARROS;;;(11) 4428-1490;;;;;Avenida CELSO GARCIA Nº 2477   , BRÁS - SÃO PAULO;Avenida CELSO GARCIA Nº 2477   , BRÁS - SÃO PAULO;;;;;;;;;;07/01/2022 19:03:02;NULL
541;27392774;PGR - CERAMICA LUME - LIMEIRA;;;;;;;;Rod ROD.DEP.LAERCIO CORTE KM 121 Nº KM 121 , ZONA RURAL - LIMEIRA;Rod ROD.DEP.LAERCIO CORTE KM 121 Nº KM 121 , ZONA RURAL - LIMEIRA;;;;;;;;;;07/01/2022 19:03:12;NULL
542;27392527;COOP REGIONAL - MAJESTADE;;;(54) 3343-8200;;;;;Est RIO BRANCO Nº 358    , CENTRO - SANANDUVA;Est RIO BRANCO Nº 358    , CENTRO - SANANDUVA;;;;;;;;;;07/01/2022 19:02:37;NULL
543;2745912;Genuína;;;;;guibratoledo@gmail.com;;;;;;;;;;;;;;20/08/2015 20:41:06;
544;27392800;PGR - ABCP;;;(11) 4577-0399;;;;;Avenida TORRES DE OLIVEIRA 76 Nº 76     , JAGUARE - SÃO PAULO;Avenida TORRES DE OLIVEIRA 76 Nº 76     , JAGUARE - SÃO PAULO;;;;;;;;;;07/01/2022 19:03:14;NULL
545;27392514;COND SHOPPING PRACA NOVA ARACATUBA;;;(18) 3607-6000;;;;;Avenida CARLOS PEREIRA DA SILVA Nº 6000   , GUANABARA - ARAÇATUBA;Avenida CARLOS PEREIRA DA SILVA Nº 6000   , GUANABARA - ARAÇATUBA;;;;;;;;;;07/01/2022 19:02:36;NULL
546;27392741;PGR - CAPIVARI;;;;;;;;Rod DOM GABRIEL PAULINO BUENO COUTO Nº S/N    , JACARE - CAMPINAS;Rod DOM GABRIEL PAULINO BUENO COUTO Nº S/N    , JACARE - CAMPINAS;;;;;;;;;;07/01/2022 19:03:09;NULL
547;2769189;Ativa alimentos;;;(11) 4744-7990;;silvia@ativaalimentacao.com.br;;;SP;;;;;;SP;;;;;24/08/2015 21:52:45;
548;27392541;DIA BRASIL - OSASCO;;;(11) 3886-8610;;;;;Av PAPA JOÃO XXIII Nº 3059   , LOTEAMENTO INDUSTRIAL CORAL - MAUÁ;Av PAPA JOÃO XXIII Nº 3059   , LOTEAMENTO INDUSTRIAL CORAL - MAUÁ;;;;;;;;;;07/01/2022 19:02:38;NULL
549;27392669;MANDUU;;;(11) 97688-1579;;;;;Rua DAS BANDEIRAS Nº 266    TRAV AV DOM PEDRO II  JARDIM  , JARDIM - SANTO ANDRÉ;Rua DAS BANDEIRAS Nº 266    TRAV AV DOM PEDRO II  JARDIM  , JARDIM - SANTO ANDRÉ;;;;;;;;;;07/01/2022 19:03:04;NULL
550;2767426;Casa de show city bank hall;;;(11) 4505-2544;;;;;SP;;;;;;SP;;;;;24/08/2015 19:06:22;
551;2887972;Blue Tree Hotel - Morumbi;;;(11) 5187-1200;;;;;Avenida Roque Petroni Junior , 1000, Jardim das Acacias, Álvares Florence/SP, SP;Avenida Roque Petroni Junior ;1000;;Jardim das Acacias;Álvares Florence/SP;SP;;;;;14/09/2015 22:09:51;
552;27392646;LBGS - CAIEIRAS;;;(11) 4428-1490;;;;;Rua FLÁVIO AUGUSTO DE MORAES Nº 100    , REGIÃO CENTRAL - CAIEIRAS;Rua FLÁVIO AUGUSTO DE MORAES Nº 100    , REGIÃO CENTRAL - CAIEIRAS;;;;;;;;;;07/01/2022 19:03:02;NULL
553;4027668;Consuma;;;(11) 3215-7000;;;;;Alameda Araguaia, 2044, SP;Alameda Araguaia;2044;;;;SP;;;;;24/02/2016 20:28:50;
554;27392479;ACJ - ALLPARMEGIANA;;;(11) 97682-5387;;;;;Av LEAO MACHADO Nº 100    , JAGUARE - SÃO PAULO;Av LEAO MACHADO Nº 100    , JAGUARE - SÃO PAULO;;;;;;;;;;07/01/2022 19:02:34;NULL
555;27392755;CHURRASCLICK DELIVERY;;;(11) 2521-8894;;;;;Rua CALIFÓRNIA Nº 1336   , CIDADE MONÇÕES - SÃO PAULO;Rua CALIFÓRNIA Nº 1336   , CIDADE MONÇÕES - SÃO PAULO;;;;;;;;;;07/01/2022 19:03:11;NULL
556;27392754;PGR - WS WAGNER - NAO USAR;;;(11) 97457-3606;;;;;Avenida FÁBIO EDUARDO RAMOS ESQUIVEL Nº 2737   , CANHEMA - DIADEMA;Avenida FÁBIO EDUARDO RAMOS ESQUIVEL Nº 2737   , CANHEMA - DIADEMA;;;;;;;;;;07/01/2022 19:03:11;NULL
557;27392738;PRONUTRI - COMPONEL;;;(11) 2985-7802;;;;;Rua DOMINGOS MARCHETTI Nº 41     , LIMAO - SÃO PAULO;Rua DOMINGOS MARCHETTI Nº 41     , LIMAO - SÃO PAULO;;;;;;;;;;07/01/2022 19:03:09;NULL
558;27392549;DMS -;;;(11) 96230-2964;;;;;Rua FRANCISCO VERGUEIRO PORTO Nº 257    , PARQUE DOROTEIA - SÃO PAULO;Rua FRANCISCO VERGUEIRO PORTO Nº 257    , PARQUE DOROTEIA - SÃO PAULO;;;;;;;;;;07/01/2022 19:02:39;NULL
559;27392709;VHP2 - OAKBERRY;;;(11) 98273-8774;;;;;Avenida JAPÃO Nº 980    , JARDIM SANTO ANTONIO - SANTO ANDRÉ;Avenida JAPÃO Nº 980    , JARDIM SANTO ANTONIO - SANTO ANDRÉ;;;;;;;;;;07/01/2022 19:03:07;NULL
560;27392522;CONDOMINIO SANTANA PARQUE SHOPPING;;;(11) 2238-3002;;;;;R (Rua) CONSELHEIRO MOREIRA DE BARROS Nº 2780   , LAUZANE PAULISTA - SÃO PAULO;R (Rua) CONSELHEIRO MOREIRA DE BARROS Nº 2780   , LAUZANE PAULISTA - SÃO PAULO;;;;;;;;;;07/01/2022 19:02:37;NULL
561;27392545;DIBON SANTO AMARO;;;(11) 98920-1273;;;;;Avenida SANTO AMARO Nº 5420   , SANTO AMARO - SÃO PAULO;Avenida SANTO AMARO Nº 5420   , SANTO AMARO - SÃO PAULO;;;;;;;;;;07/01/2022 19:02:39;NULL
562;27392617;INSTITUTO LICEU JARDIM;;;(11) 4993-5200;;;;;Rua SILVEIRAS Nº 70     , VILA GUIOMAR - SANTO ANDRÉ;Rua SILVEIRAS Nº 70     , VILA GUIOMAR - SANTO ANDRÉ;;;;;;;;;;07/01/2022 19:03:00;NULL
563;27392510;COND DO BOULEVARD SHOPING BH;;;(31) 2511-7100;;;;;Avenida DOS ANDRADAS Nº 3000   , SANTA EFIGÊNIA - BELO HORIZONTE;Avenida DOS ANDRADAS Nº 3000   , SANTA EFIGÊNIA - BELO HORIZONTE;;;;;;;;;;07/01/2022 19:02:36;NULL
564;27392583;DAITAN - POMPEIA;;;(11) 2102-0999;;;;;Rua CARLOS VICARI Nº 154    , POMPEIA - SÃO PAULO;Rua CARLOS VICARI Nº 154    , POMPEIA - SÃO PAULO;;;;;;;;;;07/01/2022 19:02:57;NULL
565;2767092;Paineiras;;;(11) 3538-2114;;;;;SP;;;;;;SP;;;;;24/08/2015 18:24:36;
566;27392494;BETEL SOLUCOES;;;(11) 4229-7407;;;;;Al TERRACOTA Nº 185    , CERAMICA - SÃO CAETANO DO SUL;Al TERRACOTA Nº 185    , CERAMICA - SÃO CAETANO DO SUL;;;;;;;;;;07/01/2022 19:02:35;NULL
567;3241330;Churrascaria Ventos do Sul;;;(17) 3229-5416;;;;http://ventosdosul.com.br/;Avenida José Munia, 5083, Jardim Redentor, Nova Brasilândia/MT, SP;Avenida José Munia;5083;;Jardim Redentor;Nova Brasilândia/MT;SP;;;;;27/10/2015 19:15:05;
568;2746679;Ati Latte;;;;;;;;;;;;;;;;;;;20/08/2015 21:37:01;
569;27392780;PGR MÁQUINAS;;;;;;;;Rua ACURUÍ Nº 72     , VILA FORMOSA - SÃO PAULO;Rua ACURUÍ Nº 72     , VILA FORMOSA - SÃO PAULO;;;;;;;;;;07/01/2022 19:03:13;NULL
570;27392781;PGR - ADIENTE;;;(11) 3195-4249;;;;;Avenida ROBERT KENNEDY Nº 925    , PLANALTO - SÃO BERNARDO DO CAMPO;Avenida ROBERT KENNEDY Nº 925    , PLANALTO - SÃO BERNARDO DO CAMPO;;;;;;;;;;07/01/2022 19:03:13;NULL
571;27392767;PGR -BROGOTA;;;(11) 2894-3933;;;;;Rua ISLÂNDIA Nº 310    , PARQUE INDUSTRIAL DACI - TABOÃO DA SERRA;Rua ISLÂNDIA Nº 310    , PARQUE INDUSTRIAL DACI - TABOÃO DA SERRA;;;;;;;;;;07/01/2022 19:03:12;NULL
572;3624315;Neolat;;;(18) 3265-6553;;;;;Avenida Pedro de Toledo, 1065, Vila Iguaçu, Chapecó/SC, SP;Avenida Pedro de Toledo;1065;;Vila Iguaçu;Chapecó/SC;SP;;;;;07/01/2016 13:15:40;
573;27392670;MARCELO - MM DECOR;;;(11) 95206-1182;;;;;Avenida ITAMARATI Nº 310    , VILA CURUÇÁ - SANTO ANDRÉ;Avenida ITAMARATI Nº 310    , VILA CURUÇÁ - SANTO ANDRÉ;;;;;;;;;;07/01/2022 19:03:04;NULL
574;27392486;ASSOCIAÇÃO LOVE;;;(11) 99660-6067;;;;;Rua PEDRO MORGANTI Nº 147    , VILA MARIANA  - SÃO PAULO;Rua PEDRO MORGANTI Nº 147    , VILA MARIANA  - SÃO PAULO;;;;;;;;;;07/01/2022 19:02:34;NULL
575;27392497;BOULEVARD SHOPPING BRASILIA;;;(21) 2176-7272;;;;;STN Nº S/N    CONJ J                        , ASA NORTE - BRASÍLIA;STN Nº S/N    CONJ J                        , ASA NORTE - BRASÍLIA;;;;;;;;;;07/01/2022 19:02:35;NULL
576;27392513;COND SHOPPING PARQUE DOM PEDRO;;;(19) 3208-3600;;;;;Avenida GUILHERME CAMPOS 500 Nº 500    , JARDIM SANTA GENEBRA - CAMPINAS;Avenida GUILHERME CAMPOS 500 Nº 500    , JARDIM SANTA GENEBRA - CAMPINAS;;;;;;;;;;07/01/2022 19:02:36;NULL
577;27392574;INTEGRAL NUTRI - HOSPITAL INTERLAGOS;;;(11) 4307-9743;;;;;Rua LEONOR ALVIM Nº 11     , INTERLAGOS - SÃO PAULO;Rua LEONOR ALVIM Nº 11     , INTERLAGOS - SÃO PAULO;;;;;;;;;;07/01/2022 19:02:57;NULL
578;27392572;INTEGRAL NUTRI - SECRETARIA SAUDE GUARUL;;;;;;;;Rua ÍRIS Nº 300    , VILA IRIS - GUARULHOS;Rua ÍRIS Nº 300    , VILA IRIS - GUARULHOS;;;;;;;;;;07/01/2022 19:02:56;NULL
579;2767225;Original cakes;;;(11) 5081-4072;;;;;SP;;;;;;SP;;;;;24/08/2015 18:46:28;
580;27392517;CONDOMINIO CIVIL CENTER SHOP SAO BERNARD;;;(11) 3371-4133;;;;;Praça SAMUEL SABATINI 200 Nº 200    , CENTRO - SÃO BERNARDO DO CAMPO;Praça SAMUEL SABATINI 200 Nº 200    , CENTRO - SÃO BERNARDO DO CAMPO;;;;;;;;;;07/01/2022 19:02:36;NULL
581;27392679;NACON ARARAQUARA;;;(16) 3324-5172;;;;;Avenida FORTUNATO BRESSAN Nº 501    , JARDIM MORADA DO SOL (VILA XAVIER) - ARARAQUARA;Avenida FORTUNATO BRESSAN Nº 501    , JARDIM MORADA DO SOL (VILA XAVIER) - ARARAQUARA;;;;;;;;;;07/01/2022 19:03:05;NULL
582;27392554;DON MARCHE - HOSPITAL MILITAR;;;(11) 3744-7209;;;;;Avenida NOVA CANTAREIRA Nº 3659   , TUCURUVI - SÃO PAULO;Avenida NOVA CANTAREIRA Nº 3659   , TUCURUVI - SÃO PAULO;;;;;;;;;;07/01/2022 19:02:39;NULL
583;27392664;LONGEVITA;;;(11) 4902-2526;;;;;R (Rua) DOS EMBOABAS Nº 16     , VILA PIRES - SANTO ANDRÉ;R (Rua) DOS EMBOABAS Nº 16     , VILA PIRES - SANTO ANDRÉ;;;;;;;;;;07/01/2022 19:03:03;NULL
584;27392564;FAROL VERDE - RED. BAP;;;(11) 94756-0975;;;;;Rua GENERAL BERTOLDO KLINGER Nº 50     , PAULICEIA - SÃO BERNARDO DO CAMPO;Rua GENERAL BERTOLDO KLINGER Nº 50     , PAULICEIA - SÃO BERNARDO DO CAMPO;;;;;;;;;;07/01/2022 19:02:55;NULL
585;27392752;PGR CONDOMINIO GR;;;(11) 2985-7802;;;;;Rodovia VICE-PREFEITO HERMENEGILDO TONOLLI 2000 GALPÃO 200 Nº 1500   , DISTRITO INDUSTRIAL - JUNDIAÍ;Rodovia VICE-PREFEITO HERMENEGILDO TONOLLI 2000 GALPÃO 200 Nº 1500   , DISTRITO INDUSTRIAL - JUNDIAÍ;;;;;;;;;;07/01/2022 19:03:11;NULL
586;27392511;COND FRANCA SHOPPING CENTER;;;;;;;;Al RIO NEGRO Nº 110    , SAO MIGUEL - FRANCA;Al RIO NEGRO Nº 110    , SAO MIGUEL - FRANCA;;;;;;;;;;07/01/2022 19:02:36;NULL
587;27392488;BAP - BARAO;;;;;;;;Av BARÃO DE MAUÁ Nº 2990   , JARDIM MARINGÁ - MAUÁ;Av BARÃO DE MAUÁ Nº 2990   , JARDIM MARINGÁ - MAUÁ;;;;;;;;;;07/01/2022 19:02:34;NULL
588;27392775;PGR EATON 7132 VALINHOS;;;;;;;;Rua CLARK Nº 2061   EATON VALINHOS                , MACUCO - VALINHOS;Rua CLARK Nº 2061   EATON VALINHOS                , MACUCO - VALINHOS;;;;;;;;;;07/01/2022 19:03:12;NULL
589;27392687;F L PEDREIRA - OAKBERRY RAPOSO SHOPPING;;;(11) 2096-8898;;;;;Rod RAPOSO TAVARES Nº 3779   , JARDIM ARPOADOR - SÃO PAULO;Rod RAPOSO TAVARES Nº 3779   , JARDIM ARPOADOR - SÃO PAULO;;;;;;;;;;07/01/2022 19:03:05;NULL
590;27392803;PGR - TECTEXTIL 2;;;(11) 3195-4249;;;;;Rua JOÃO BATISTA CAMPOS PINTO Nº 125    , JARDIM ABAETÉ - PIRACICABA;Rua JOÃO BATISTA CAMPOS PINTO Nº 125    , JARDIM ABAETÉ - PIRACICABA;;;;;;;;;;07/01/2022 19:03:15;NULL
591;27392720;ABM - CEVA;;;(11) 2894-3933;;;;;Rua PREF JOÃO VILALLOBO QUERO Nº 1560   , JARDIM BELVAL - BARUERI;Rua PREF JOÃO VILALLOBO QUERO Nº 1560   , JARDIM BELVAL - BARUERI;;;;;;;;;;07/01/2022 19:03:08;NULL
592;27392609;HORTIFRUT VILA;;;(11) 4468-1439;;;;;Rua ADOLFO BASTOS Nº 234    , VILA BASTOS - SANTO ANDRÉ;Rua ADOLFO BASTOS Nº 234    , VILA BASTOS - SANTO ANDRÉ;;;;;;;;;;07/01/2022 19:02:59;NULL
593;3094593;Cepera Ind.e Com Alimentos(Catchup/Molhos);;;(11) 4646-4600;;;;;Rua Piracicaba, 911, Vila Monte Belo, Correia Pinto/SC, SP;Rua Piracicaba;911;;Vila Monte Belo;Correia Pinto/SC;SP;;;;;07/10/2015 22:58:13;
594;27392677;MVGB;;;(19) 3802-9800;;;;;Rua ADELINA BOZ MARFIM Nº s/n    , JUNDIAPEBA - MOGI DAS CRUZES;Rua ADELINA BOZ MARFIM Nº s/n    , JUNDIAPEBA - MOGI DAS CRUZES;;;;;;;;;;07/01/2022 19:03:05;NULL
595;27392673;MICHELLE SILVA CARVALHO DE JESUS;;;(11) 4366-9777;;;;;Rua SERRA DO JAPI Nº 47     , COOPERATIVA - SÃO BERNARDO DO CAMPO;Rua SERRA DO JAPI Nº 47     , COOPERATIVA - SÃO BERNARDO DO CAMPO;;;;;;;;;;07/01/2022 19:03:04;NULL
596;27392805;PGR  - COPLAC ITU - NAO USAR;;;(11) 4577-0399;;;;;Rua DOUTOR CARLOS Nº 111    COPLAC ITU                    , RANCHO GRANDE - ITU;Rua DOUTOR CARLOS Nº 111    COPLAC ITU                    , RANCHO GRANDE - ITU;;;;;;;;;;07/01/2022 19:03:15;NULL
597;27392807;PGR - FLEX LIMEIRA;;;(19) 99963-0807;;;;;Av AV. FIGUEIRA BRANCA Nº 1965   , DOS LOPES - LIMEIRA;Av AV. FIGUEIRA BRANCA Nº 1965   , DOS LOPES - LIMEIRA;;;;;;;;;;07/01/2022 19:03:15;NULL
598;27392489;BAP - RODOANEL;;;(11) 94756-0975;;;;;Avenida DOS ESTADOS Nº 10300  , CAPUAVA - MAUÁ;Avenida DOS ESTADOS Nº 10300  , CAPUAVA - MAUÁ;;;;;;;;;;07/01/2022 19:02:34;NULL
599;3000182;Condomínio Portal do Morumbi;;;(11) 3779-0203;;;;;Rua Marechal Hastinphilo de Moura, 338, Morumbi, Álvares Florence/SP, SP;Rua Marechal Hastinphilo de Moura;338;;Morumbi;Álvares Florence/SP;SP;;;;;24/09/2015 17:45:39;
600;27392764;ECN PRONUTRI - FATURAMENTO;;;(11) 2521-8894;;;;;R QUINTANA Nº 753    , CIDADE MONÇÕES - SÃO PAULO;R QUINTANA Nº 753    , CIDADE MONÇÕES - SÃO PAULO;;;;;;;;;;07/01/2022 19:03:11;NULL
601;27392772;PGR - ISOFORMA;;;(11) 2985-7802;;;;;Rod DOM GABRIEL PAULINO BUENO COUTO Nº S/N    , PINHAL - CABREÚVA;Rod DOM GABRIEL PAULINO BUENO COUTO Nº S/N    , PINHAL - CABREÚVA;;;;;;;;;;07/01/2022 19:03:12;NULL
602;27392758;PGR - EATON 7135 GUARATINGUETA;;;(11) 2985-7802;;;;;Rodovia PREFEITO ARISTEU VIEIRA VILELA Nº 2755   KM 181                        , RIO COMPRIDO - GUARATINGUETÁ;Rodovia PREFEITO ARISTEU VIEIRA VILELA Nº 2755   KM 181                        , RIO COMPRIDO - GUARATINGUETÁ;;;;;;;;;;07/01/2022 19:03:11;NULL
603;27392568;FLV - QUITANDA - PINHEIROS;;;(11) 3060-3230;;;;;Rua ARTUR DE AZEVEDO Nº 1433   , PINHEIROS - SÃO PAULO;Rua ARTUR DE AZEVEDO Nº 1433   , PINHEIROS - SÃO PAULO;;;;;;;;;;07/01/2022 19:02:56;NULL
604;27392516;COND. VERONA;;;(11) 98748-0973;;;;;Rua DOUTOR EMÍLIO RIBAS Nº 70     , PERDIZES - SÃO PAULO;Rua DOUTOR EMÍLIO RIBAS Nº 70     , PERDIZES - SÃO PAULO;;;;;;;;;;07/01/2022 19:02:36;NULL
605;2994204;Quality Hotel Saint Paul;;00319295000163;(17) 3216-9000;;;;;Avenida José Munia, 5200, Nova Redentora, Nova Brasilândia/MT, SP;Avenida José Munia;5200;;Nova Redentora;Nova Brasilândia/MT;SP;;;;;24/09/2015 04:42:10;
606;27392601;VARANDA POMAR;;;(11) 99243-3346;;;;;Rua NILZA MEDEIROS MARTINS Nº 77     , JARDIM COLOMBO - SÃO PAULO;Rua NILZA MEDEIROS MARTINS Nº 77     , JARDIM COLOMBO - SÃO PAULO;;;;;;;;;;07/01/2022 19:02:59;NULL
607;3957897;Le Garcon Itaquacetuba;;;(11) 7794-4899;;;;;Santa Catarina , 382, Morro Branco, Correia Pinto/SC, SP;Santa Catarina ;382;;Morro Branco;Correia Pinto/SC;SP;;;;;17/02/2016 17:53:47;
608;27392581;A2A ABC;;;(11) 94017-1720;;;;;Av PEREIRA BARRETO Nº 42     , PARAISO - SANTO ANDRÉ;Av PEREIRA BARRETO Nº 42     , PARAISO - SANTO ANDRÉ;;;;;;;;;;07/01/2022 19:02:57;NULL
609;27392663;LOGFARMA;;;(11) 4428-1490;;;;;Rua ARAÇATUBA Nº 426    , SANTA MARIA - SANTO ANDRÉ;Rua ARAÇATUBA Nº 426    , SANTA MARIA - SANTO ANDRÉ;;;;;;;;;;07/01/2022 19:03:03;NULL
610;3373383;Frigorifico Boa Vista.;;;;;;;;;;;;;;;;;;;18/11/2015 18:12:51;
611;2888824;Cepam Panificadora;;;(11) 2341-6644;;;;;Rua Ibitirama, 1409, Vila Prudente, Álvares Florence/SP, SP;Rua Ibitirama;1409;;Vila Prudente;Álvares Florence/SP;SP;;;;;14/09/2015 23:18:51;
612;27392539;DIA AMERICANA;;;(11) 3886-8610;;;;;Av PAPA JOÃO XXIII Nº 3059   GLEBA B                       , LOTEAMENTO INDUSTRIAL CORAL - MAUÁ;Av PAPA JOÃO XXIII Nº 3059   GLEBA B                       , LOTEAMENTO INDUSTRIAL CORAL - MAUÁ;;;;;;;;;;07/01/2022 19:02:38;NULL
613;27392676;MURILO;;;(11) 2564-7351;;;;;R (Rua) ANTONIO CAPUTO Nº 258    , RIO GRANDE - SÃO BERNARDO DO CAMPO;R (Rua) ANTONIO CAPUTO Nº 258    , RIO GRANDE - SÃO BERNARDO DO CAMPO;;;;;;;;;;07/01/2022 19:03:04;NULL
614;27392578;HS 2007 - SKY ASIA;;;(11) 94017-4785;;;;;R (Rua) DOMINGOS DE MORAIS Nº 2564   , VILA MARIANA  - SÃO PAULO;R (Rua) DOMINGOS DE MORAIS Nº 2564   , VILA MARIANA  - SÃO PAULO;;;;;;;;;;07/01/2022 19:02:57;NULL
615;2767951;Nutrisom 9 de julho;;;(11) 3255-4263;;;;;Vd nove de julho 160, Centro, SP;Vd nove de julho 160;;;Centro;;SP;;;;;24/08/2015 20:09:42;
616;27392587;EMPORIUM;;;(11) 4437-3690;;;;;Av HIGIENÓPOLIS Nº 177    , VILA GILDA - SANTO ANDRÉ;Av HIGIENÓPOLIS Nº 177    , VILA GILDA - SANTO ANDRÉ;;;;;;;;;;07/01/2022 19:02:58;NULL
617;27392696;MARITA - OAKBERRY IPIRANGA;;;(11) 99113-7007;;;;;Rua BOM PASTOR Nº 1592   , IPIRANGA - SÃO PAULO;Rua BOM PASTOR Nº 1592   , IPIRANGA - SÃO PAULO;;;;;;;;;;07/01/2022 19:03:06;NULL
618;2767199;Monte castelo;;;;;;;;;;;;;;;;;;;24/08/2015 18:39:55;
619;27392499;C VALE - PALOTINA;;;(41) 2033-0599;;;;;Av INDEPENDENCIA Nº 2347   , CENTRO - PALOTINA;Av INDEPENDENCIA Nº 2347   , CENTRO - PALOTINA;;;;;;;;;;07/01/2022 19:02:35;NULL
620;27392751;PGR - KADANT;;;(11) 2985-7802;;;;;R (Rua) ALMEIDA ITAJUBA Nº 1416   , JOAPIRANGA - VALINHOS;R (Rua) ALMEIDA ITAJUBA Nº 1416   , JOAPIRANGA - VALINHOS;;;;;;;;;;07/01/2022 19:03:11;NULL
621;2746684;Bioleve;;;(19) 3898-9860;;;;;;;;;;;;;;;;20/08/2015 21:37:29;
622;27392740;PGR - GE SOROCABA - NAO USAR;;;;;;;;Rod JORNALISTA FRANCISCO AGUINE Nº 4900   , CAJURU - SOROCABA;Rod JORNALISTA FRANCISCO AGUINE Nº 4900   , CAJURU - SOROCABA;;;;;;;;;;07/01/2022 19:03:09;NULL
623;27392713;PAOLETTI;;;(11) 94747-4763;;;;;Rua ITAPETI Nº 1000   AP 31                         , VILA GOMES CARDIM - SÃO PAULO;Rua ITAPETI Nº 1000   AP 31                         , VILA GOMES CARDIM - SÃO PAULO;;;;;;;;;;07/01/2022 19:03:08;NULL
624;3303443;Hospital de Base;;;(17) 3201-5000;;;;http://www.hospitaldebase.com.br/;Avenida Brigadeiro Faria Lima, 5544, Vila São José, Nova Brasilândia/MT, SP, 15090000;Avenida Brigadeiro Faria Lima;5544;;Vila São José;Nova Brasilândia/MT;SP;15090000;;;;05/11/2015 20:27:30;
625;27392630;LBGS - HOSPITAL DARCY VARGAS - USAR;;;(11) 4428-1490;;;;;Rua DOUTOR SERÁFICO DE ASSIS CARVALHO Nº 34     , JARDIM LEONOR - SÃO PAULO;Rua DOUTOR SERÁFICO DE ASSIS CARVALHO Nº 34     , JARDIM LEONOR - SÃO PAULO;;;;;;;;;;07/01/2022 19:03:01;NULL
626;27392579;HS MOOCA - SKY ASIA;;;(11) 94017-4787;;;;;R (Rua) CAPITAO PACHECO CHAVES Nº 313    , MOOCA - SÃO PAULO;R (Rua) CAPITAO PACHECO CHAVES Nº 313    , MOOCA - SÃO PAULO;;;;;;;;;;07/01/2022 19:02:57;NULL
627;2888453;Blue Tree Hotel - Santo André;;;(11) 2199-7000;;;;;Avenida Portugal, 1464, Alcinópolis/MS, SP;Avenida Portugal;1464;;;Alcinópolis/MS;SP;;;;;14/09/2015 22:43:24;
628;27392735;PGR - 7074 FITESA - NAO USAR;;;(11) 2985-7802;;;;;Rod ZEFERINO VAZ Nº KM 138 8 SUL                         , SP 332 - COSMÓPOLIS;Rod ZEFERINO VAZ Nº KM 138 8 SUL                         , SP 332 - COSMÓPOLIS;;;;;;;;;;07/01/2022 19:03:09;NULL
629;4071320;Fugini;;;(16) 3244-5500;;;;http://www.fugini.com.br/;Pariconha/AL, SP, 15910000;;;;;Pariconha/AL;SP;15910000;;;;29/02/2016 22:05:39;
630;27392476;TAMATAYA - ALLPARMEGIANA;;;(11) 3744-7209;;;;;Av DOS AUTONOMISTAS Nº 1400   , VILA YARA - OSASCO;Av DOS AUTONOMISTAS Nº 1400   , VILA YARA - OSASCO;;;;;;;;;;07/01/2022 19:02:33;NULL
631;27392504;CASTOR ALIMENTOS;;;(11) 3646-0030;;;;;Rua EUGÊNIA DA CONCEIÇÃO DIAS Nº 154    PAVILHAO AMI BOX 46/47        , REMÉDIOS - OSASCO;Rua EUGÊNIA DA CONCEIÇÃO DIAS Nº 154    PAVILHAO AMI BOX 46/47        , REMÉDIOS - OSASCO;;;;;;;;;;07/01/2022 19:02:35;NULL
632;27392491;BAP HUMAITA;;;(11) 94756-0975;;;;;Praça QUATORZE BIS Nº 15     , SILVEIRA  - SANTO ANDRÉ;Praça QUATORZE BIS Nº 15     , SILVEIRA  - SANTO ANDRÉ;;;;;;;;;;07/01/2022 19:02:34;NULL
633;4124141;Reação Brasil / Uniflavors;;;(17) 3563-3372;;;;;Rua Angelo Veroneze, 400, Goianorte/TO, SP, 15410000;Rua Angelo Veroneze;400;;;Goianorte/TO;SP;15410000;;;;08/03/2016 21:07:30;
634;27392801;ECN - ISAPA;;;(11) 3195-4249;;;;;Rua ROBERTO VENTUROLE Nº 553    , CIDADE ARACILIA - GUARULHOS;Rua ROBERTO VENTUROLE Nº 553    , CIDADE ARACILIA - GUARULHOS;;;;;;;;;;07/01/2022 19:03:15;NULL
635;27392691;OAKBERRY - ALAMEDA SANTOS;;;(11) 94280-3434;;;;;Alameda SANTOS Nº 1518   , CERQUEIRA CESAR - SÃO PAULO;Alameda SANTOS Nº 1518   , CERQUEIRA CESAR - SÃO PAULO;;;;;;;;;;07/01/2022 19:03:06;NULL
636;3169066;Nutribem;;;(17) 3811-1116;;;;http://www.frangonutribem.com.br/;Campos Novos Paulista/SP, SP, 15210000;;;;;Campos Novos Paulista/SP;SP;15210000;;;;19/10/2015 18:52:56;
637;2767090;Hospital monumento;;;;;;;;Ipiranga, SP;;;;Ipiranga;;SP;;;;;24/08/2015 18:24:36;
638;27392682;NUTR'S - BOM PEIXE FABRICA;;;(19) 99776-6368;;;;;Rua JOÃO FRANCO DE OLIVEIRA Nº 980    , UNILESTE - PIRACICABA;Rua JOÃO FRANCO DE OLIVEIRA Nº 980    , UNILESTE - PIRACICABA;;;;;;;;;;07/01/2022 19:03:05;NULL
639;3303471;Hospital Beneficiência Portuguesa;;;(17) 3233-2491;;;;http://www.beneriopreto.com.br/;Rua Luiz Vaz de Camões, 3150, Vila Redentora, Nova Brasilândia/MT, SP, 15015750;Rua Luiz Vaz de Camões;3150;;Vila Redentora;Nova Brasilândia/MT;SP;15015750;;;;05/11/2015 20:32:03;
640;27392644;LBGS - MUNIC. STO ANDRE;;;(11) 4428-1490;;;;;Av JOÃO RAMALHO Nº 326    , VILA ASSUNÇÃO - SANTO ANDRÉ;Av JOÃO RAMALHO Nº 326    , VILA ASSUNÇÃO - SANTO ANDRÉ;;;;;;;;;;07/01/2022 19:03:02;NULL
641;27392723;PGR - ATMOSFERA;;;(11) 4577-0399;;;;;Avenida ANTONIETA PIVA BARRANQUEIROS Nº S/N    , SITIO COTRINS - JUNDIAÍ;Avenida ANTONIETA PIVA BARRANQUEIROS Nº S/N    , SITIO COTRINS - JUNDIAÍ;;;;;;;;;;07/01/2022 19:03:08;NULL
642;27392498;BRASIL PROTEC;;;(11) 4200-0980;;;;;Rua LAPA Nº 358    CHACARAS MARCO                , CHÁCARAS MARCO - BARUERI;Rua LAPA Nº 358    CHACARAS MARCO                , CHÁCARAS MARCO - BARUERI;;;;;;;;;;07/01/2022 19:02:35;NULL
643;27392475;ALIANSCE SONAE - SHOPPING SAO GONÇALO;;;(11) 98913-0999;;;;;Rodovia BR-101 Nº 100    , BOA VISTA - SÃO GONÇALO;Rodovia BR-101 Nº 100    , BOA VISTA - SÃO GONÇALO;;;;;;;;;;07/01/2022 19:02:33;NULL
644;27392507;CONCA & BARTIE ACAITERIA;;;(11) 99686-8823;;;;;Avenida ÔMEGA Nº 174    , MELVILLE EMPRESARIAL I E II - BARUERI;Avenida ÔMEGA Nº 174    , MELVILLE EMPRESARIAL I E II - BARUERI;;;;;;;;;;07/01/2022 19:02:35;NULL
645;27392484;APM DA EE JOSE DE SAN MARTIN;;;(11) 96138-6892;;;;;Rua DELTA Nº 79     , JARDIM NAIR - SÃO PAULO;Rua DELTA Nº 79     , JARDIM NAIR - SÃO PAULO;;;;;;;;;;07/01/2022 19:02:34;NULL
646;27392770;PGR - FITESA - COSMOPOLIS;;;(11) 4577-0399;;;;;Rod ZEFERINO VAZ Nº KM 138 KM 138,8 SUL                  , SITIO COTRINS - COSMÓPOLIS;Rod ZEFERINO VAZ Nº KM 138 KM 138,8 SUL                  , SITIO COTRINS - COSMÓPOLIS;;;;;;;;;;07/01/2022 19:03:12;NULL
647;27392779;PRONUTRI - SUPERTEC;;;(11) 2985-7802;;;;;Rua GAIVOTA Nº 111    , JARDIM SANTA LÚCIA - CAMPO LIMPO PAULISTA;Rua GAIVOTA Nº 111    , JARDIM SANTA LÚCIA - CAMPO LIMPO PAULISTA;;;;;;;;;;07/01/2022 19:03:13;NULL
648;27392795;PGR - TRIVIUM;;;(11) 3195-4249;;;;;Rod AKZO NOBEL Nº 680    , SAO ROQUE DA CHAVE  - ITUPEVA;Rod AKZO NOBEL Nº 680    , SAO ROQUE DA CHAVE  - ITUPEVA;;;;;;;;;;07/01/2022 19:03:14;NULL
649;27392769;PGR - ARLINGTON;;;(11) 4577-0399;;;;;Avenida COMENDADOR LEOPOLDO DEDINI Nº 310    , UNILESTE - PIRACICABA;Avenida COMENDADOR LEOPOLDO DEDINI Nº 310    , UNILESTE - PIRACICABA;;;;;;;;;;07/01/2022 19:03:12;NULL
650;3298514;Seta Supermercados;;;(11) 99863-4466;;;;;Rua Ferraz de Vasconcelos, 500, Rua: Itú, Vila Monte Belo, Correia Pinto/SC, SP, 08577540;Rua Ferraz de Vasconcelos;500;Rua: Itú;Vila Monte Belo;Correia Pinto/SC;SP;08577540;;;;05/11/2015 02:10:13;Visita em cliente dia 04/11, passamos proposta de trabalho e vamos reagendar visita. OBS 30 Lojas e perspectiva de abertura de mais 4 esse mês.
651;27392645;LBGS -HOSP -  MATERNIDADE DE CAIEIRAS;;;(11) 4428-1490;;;;;Rua FLÁVIO AUGUSTO DE MORAES Nº 100    , REGIÃO CENTRAL - CAIEIRAS;Rua FLÁVIO AUGUSTO DE MORAES Nº 100    , REGIÃO CENTRAL - CAIEIRAS;;;;;;;;;;07/01/2022 19:03:02;NULL
652;2848203;Rede gendai;;;;;;;;;;;;;;;;;;;08/09/2015 21:18:43;
653;27392602;VARANDA FRUTAS - CIDADE JARDIM - SHOPING;;;(11) 99243-3346;;;;;Avenida MAGALHÃES DE CASTRO Nº 1200   LOJA 2/11 4 ANDAR 4           , CIDADE JARDIM - SÃO PAULO;Avenida MAGALHÃES DE CASTRO Nº 1200   LOJA 2/11 4 ANDAR 4           , CIDADE JARDIM - SÃO PAULO;;;;;;;;;;07/01/2022 19:02:59;NULL
654;27392535;DAL POZZO;;;(11) 94198-9494;;;;;Rua BENJAMIM EGAS Nº 66     cj 01                         , PINHEIROS - SÃO PAULO;Rua BENJAMIM EGAS Nº 66     cj 01                         , PINHEIROS - SÃO PAULO;;;;;;;;;;07/01/2022 19:02:38;NULL
655;27392597;AFONSO;;;(11) 4337-1110;;;;;R (Rua) DOUTOR FLAQUER Nº 639    , CENTRO - SÃO BERNARDO DO CAMPO;R (Rua) DOUTOR FLAQUER Nº 639    , CENTRO - SÃO BERNARDO DO CAMPO;;;;;;;;;;07/01/2022 19:02:58;NULL
656;27392571;GISELA SOUZA DA SILVA;;;(11) 98169-0047;;;;;Rua ADOLFO BASTOS Nº 847    APTO 03                       , VILA BASTOS - SANTO ANDRÉ;Rua ADOLFO BASTOS Nº 847    APTO 03                       , VILA BASTOS - SANTO ANDRÉ;;;;;;;;;;07/01/2022 19:02:56;NULL
657;3765495;Kodilar Rio Preto;;;(17) 3201-4400;;;;http://www.kodilar.com.br;Avenida Waldomiro Mazzocato, 201, Distrito Industrial Doutor Ulysses da Silveira Guimarães, Nova Brasilândia/MT, SP, 15092604;Avenida Waldomiro Mazzocato;201;;Distrito Industrial Doutor Ulysses da Silveira Guimarães;Nova Brasilândia/MT;SP;15092604;;;;20/01/2016 15:04:50;
658;27392802;PRONUTRI VITROTEC;;;(11) 3195-4245;;;;;Rua PRIMEIRO DE DEZEMBRO Nº 300    , JARDIM MARSOLA - CAMPO LIMPO PAULISTA;Rua PRIMEIRO DE DEZEMBRO Nº 300    , JARDIM MARSOLA - CAMPO LIMPO PAULISTA;;;;;;;;;;07/01/2022 19:03:15;NULL
659;27392793;PRONUTRI ASSEF MALUF 7081;;;(11) 2985-7802;;;;;Avenida FUAD ASSEF MALUF Nº 510    KM 51                         , JARDIM BELA VISTA - SUMARÉ;Avenida FUAD ASSEF MALUF Nº 510    KM 51                         , JARDIM BELA VISTA - SUMARÉ;;;;;;;;;;07/01/2022 19:03:14;NULL
660;2746690;Lindoya Verão;;;;;;;;;;;;;;;;;;;20/08/2015 21:38:11;
661;27392783;PRONUTRI - CONTER;;;(11) 3195-4249;;;;;Rua ALTAMIRA DO PARANÁ Nº 34     , VILA JAGUARA - SÃO PAULO;Rua ALTAMIRA DO PARANÁ Nº 34     , VILA JAGUARA - SÃO PAULO;;;;;;;;;;07/01/2022 19:03:13;NULL
662;27392692;OAKBERRY SHOPING BARUERI;;;(11) 98510-3223;;;;;Rua GENERAL DE DIVISÃO DE PEDRO RODRIGUES DA SILVA Nº 400    , < SEM  BAIRRO >      - BARUERI;Rua GENERAL DE DIVISÃO DE PEDRO RODRIGUES DA SILVA Nº 400    , < SEM  BAIRRO >      - BARUERI;;;;;;;;;;07/01/2022 19:03:06;NULL
663;3623737;Beni Car;;71869663000357;(17) 3216-8282;;;;;Avenida Arthur Nonato, 6095, Jardim Maracanã, Nova Brasilândia/MT, SP, 15092000;Avenida Arthur Nonato;6095;;Jardim Maracanã;Nova Brasilândia/MT;SP;15092000;;;;06/01/2016 23:39:37;
664;3298524;Rede Graal / Restaurante américa / Barbacoa;;;(11) 2813-2268;;;;;;;;;;;;;;;;05/11/2015 02:19:05;"Hoje dia 04/11 entrei em contato, dia 12/11 pediu para entrar em contato novamente, irei retornar e fazer a apresentação do produto. enviei tb apresentação do produto.
"
665;27392614;INFINIT;;;(11) 96828-4013;;;;;Rua RAFAEL BALZANI Nº 32     , VILA MOREIRA - GUARULHOS;Rua RAFAEL BALZANI Nº 32     , VILA MOREIRA - GUARULHOS;;;;;;;;;;07/01/2022 19:02:59;NULL
666;27392636;LBGS - NILPEL 2 MAUA;;;(11) 4428-1490;;;;;Rua DOUTOR ULISSES GUIMARÃES Nº 505/51 , VILA ASSIS BRASIL - MAUÁ;Rua DOUTOR ULISSES GUIMARÃES Nº 505/51 , VILA ASSIS BRASIL - MAUÁ;;;;;;;;;;07/01/2022 19:03:01;NULL
667;27392625;JOSE CARLOS;;;(19) 98139-6633;;;;;Rua DO ROSÁRIO Nº 2630   , PAULISTA - PIRACICABA;Rua DO ROSÁRIO Nº 2630   , PAULISTA - PIRACICABA;;;;;;;;;;07/01/2022 19:03:01;NULL
668;27392700;QUATRO INVESTIMENTOS - OAKBERRY;;;(11) 94027-3851;;;;;Rua HOLANDA Nº 37     , PARQUE DAS NACOES - SANTO ANDRÉ;Rua HOLANDA Nº 37     , PARQUE DAS NACOES - SANTO ANDRÉ;;;;;;;;;;07/01/2022 19:03:07;NULL
669;3033342;Saint Peter Hotel;;00887185000106;(17) 4009-4050;;;;;Rua Ondina, 360, Vila Redentora, Nova Brasilândia/MT, SP, 15015205;Rua Ondina;360;;Vila Redentora;Nova Brasilândia/MT;SP;15015205;;;;30/09/2015 00:03:41;
670;27392547;DIBON - SACOMA;;;(11) 98920-1273;;;;;Avenida PADRE ARLINDO VIEIRA Nº 3255   , JARDIM VERGUEIRO (SACOMÃ) - SÃO PAULO;Avenida PADRE ARLINDO VIEIRA Nº 3255   , JARDIM VERGUEIRO (SACOMÃ) - SÃO PAULO;;;;;;;;;;07/01/2022 19:02:39;NULL
671;27392705;LHP2 - OAKBERRY SANTO AMARO;;;(11) 98273-8774;;;;;Avenida SANTO AMARO Nº 5010   , SANTO AMARO - SÃO PAULO;Avenida SANTO AMARO Nº 5010   , SANTO AMARO - SÃO PAULO;;;;;;;;;;07/01/2022 19:03:07;NULL
672;2906222;Sterlix Ambiental;;;(19) 3805-7561;;;;;Mogi mirim, Serra Talhada/PE, SP;Mogi mirim;;;;Serra Talhada/PE;SP;;;;;16/09/2015 15:38:32;
673;3031018;Hospital Beneficência Portuguesa SCS;;;;;;;;Rua Nossa Senhora de Fátima, 497, Santa Paula, Cerro Negro/SC, SP;Rua Nossa Senhora de Fátima;497;;Santa Paula;Cerro Negro/SC;SP;;;;;29/09/2015 21:49:26;
674;27392467;ABATEDOURO DE AVES IDEAL - PEREIRAS;;;(14) 3888-1370;;;;;Av VEREADOR MARCOS MARTINS Nº 99     , ZONA INDL PEREIRAS - PEREIRAS;Av VEREADOR MARCOS MARTINS Nº 99     , ZONA INDL PEREIRAS - PEREIRAS;;;;;;;;;;07/01/2022 19:02:33;NULL
675;27392521;CONDOMINIO SANTA MONICA;;;(11) 94198-9494;;;;;Rua BENJAMIM EGAS Nº 44     CJ 66                         , PINHEIROS - SÃO PAULO;Rua BENJAMIM EGAS Nº 44     CJ 66                         , PINHEIROS - SÃO PAULO;;;;;;;;;;07/01/2022 19:02:37;NULL
676;27392749;PGR - FORCELINE EXTREMA - NAO USAR;;;(11) 3195-4249;;;;;R (Rua) JOSEPHA GOMES DE SOUZA Nº 85     , DOS PIRES - EXTREMA;R (Rua) JOSEPHA GOMES DE SOUZA Nº 85     , DOS PIRES - EXTREMA;;;;;;;;;;07/01/2022 19:03:10;NULL
677;27392739;PRONUTRI - TEC TEXTIL MATRIZ;;;(11) 2985-7802;;;;;Rua CAPITÃO JOSÉ PINTO SIQUEIRA Nº 1700   , UNILESTE - PIRACICABA;Rua CAPITÃO JOSÉ PINTO SIQUEIRA Nº 1700   , UNILESTE - PIRACICABA;;;;;;;;;;07/01/2022 19:03:09;NULL
678;27392778;PGR - NORTENE;;;(11) 2985-7802;;;;;Avenida DOUTOR DIB SAUAIA NETO Nº 4628   , ALPHAVILLE INDUSTRIAL - BARUERI;Avenida DOUTOR DIB SAUAIA NETO Nº 4628   , ALPHAVILLE INDUSTRIAL - BARUERI;;;;;;;;;;07/01/2022 19:03:13;NULL
679;27392650;LBGS - TATUAPE HOSP. LEONOR MENDES;;;(11) 4428-1490;;;;;Avenida CELSO GARCIA Nº 2477   , TATUAPE - SÃO PAULO;Avenida CELSO GARCIA Nº 2477   , TATUAPE - SÃO PAULO;;;;;;;;;;07/01/2022 19:03:02;NULL
680;27392608;HIDE DOS ANJOS SATELES;;;(11) 95649-0435;;;;;Avenida INDIANÓPOLIS Nº 2737   , INDIANÓPOLIS - SÃO PAULO;Avenida INDIANÓPOLIS Nº 2737   , INDIANÓPOLIS - SÃO PAULO;;;;;;;;;;07/01/2022 19:02:59;NULL
681;27392782;PGR - G+D;;;(11) 2985-7802;;;;;Av PAPA JOÃO PAULO I Nº 5705   , RESIDENCIAL PARQUE CUMBICA - GUARULHOS;Av PAPA JOÃO PAULO I Nº 5705   , RESIDENCIAL PARQUE CUMBICA - GUARULHOS;;;;;;;;;;07/01/2022 19:03:13;NULL
682;27392649;LBGS - HOSPITAL MOOCA;;;(11) 4428-1490;;;;;R (Rua) JUVENTUS Nº 562    , PARQUE DA MOOCA - SÃO PAULO;R (Rua) JUVENTUS Nº 562    , PARQUE DA MOOCA - SÃO PAULO;;;;;;;;;;07/01/2022 19:03:02;NULL
683;27392690;OAKBERRY - JD. IRIS;;;(11) 98316-1940;;;;;Avenida RAIMUNDO PEREIRA DE MAGALHÃES, 1465 Nº 1465   , JARDIM ÍRIS - SÃO PAULO;Avenida RAIMUNDO PEREIRA DE MAGALHÃES, 1465 Nº 1465   , JARDIM ÍRIS - SÃO PAULO;;;;;;;;;;07/01/2022 19:03:05;NULL
684;3961279;Peralta Ambiental Robson;;;(11) 4971-0051;;;;;Fernando Costa, Alcinópolis/MS, SP;Fernando Costa;;;;Alcinópolis/MS;SP;;;;;17/02/2016 20:45:21;
685;27392485;ASSERVO;;;(11) 4210-0119;;;;;Rua ANTÔNIO CARDOSO FRANCO Nº 155    , CASA BRANCA - SANTO ANDRÉ;Rua ANTÔNIO CARDOSO FRANCO Nº 155    , CASA BRANCA - SANTO ANDRÉ;;;;;;;;;;07/01/2022 19:02:34;NULL
686;27392592;KESS BUFFET;;;(11) 2422-7855;;;;;Rua SALGADO DE CASTRO Nº 78     , VILA SOROCABANA - GUARULHOS;Rua SALGADO DE CASTRO Nº 78     , VILA SOROCABANA - GUARULHOS;;;;;;;;;;07/01/2022 19:02:58;NULL
687;12044793;Autostar;;;;;;;;;;;;;;;;;;;23/10/2017 22:00:29;
688;3094201;Kim Alimentos(Frangos Temperados);;;(11) 4794-0937;;;;;Rua Japão, 1448, Alto Ipiranga, Aimorés/MG, SP;Rua Japão;1448;;Alto Ipiranga;Aimorés/MG;SP;;;;;07/10/2015 22:44:59;
689;27392610;HORTIFRUTI NACOES LTDA;;;(11) 4701-6514;;;;;Avenida DAS NAÇÕES Nº 2171   , Parque Capuava - SANTO ANDRÉ;Avenida DAS NAÇÕES Nº 2171   , Parque Capuava - SANTO ANDRÉ;;;;;;;;;;07/01/2022 19:02:59;NULL
690;27392733;PGR -  DCC CAJAMAR;;;(11) 45770399;;;;;Rod ROD. ANHANGUERA  KM 31,, Polvilho , SP;Rod ROD. ANHANGUERA  KM 31,;;;Polvilho ;;SP;;;;;07/01/2022 19:03:09;NULL
691;27392493;BERGAMO & MASSOLA;;;(11) 98465-9834;;;;;Alameda TOCANTINS 75 Nº 75     DENTRO DO POSTO DE GASOLINA BR, ALPHAVILLE INDUSTRIAL - BARUERI;Alameda TOCANTINS 75 Nº 75     DENTRO DO POSTO DE GASOLINA BR, ALPHAVILLE INDUSTRIAL - BARUERI;;;;;;;;;;07/01/2022 19:02:34;NULL
692;27392468;ADEX DISTRIBUIDORA;;;(54) 3312-0022;;;;;Rua CORONEL CAMISÃO Nº 334    , VILA POPULAR - PASSO FUNDO;Rua CORONEL CAMISÃO Nº 334    , VILA POPULAR - PASSO FUNDO;;;;;;;;;;07/01/2022 19:02:33;NULL
693;27392505;CASTOR ALIMENTOS - NAO USAR;;;(11) 3646-0030;;;;;Av MUTINGA Nº 4925   , JARDIM SANTO ELIAS - SÃO PAULO;Av MUTINGA Nº 4925   , JARDIM SANTO ELIAS - SÃO PAULO;;;;;;;;;;07/01/2022 19:02:35;NULL
694;27392590;EMPORIUM SÃO PAULO - JUREMA;;;(11) 5054-8000;;;;;Avenida JUREMA Nº 271    , INDIANÓPOLIS - SÃO PAULO;Avenida JUREMA Nº 271    , INDIANÓPOLIS - SÃO PAULO;;;;;;;;;;07/01/2022 19:02:58;NULL
695;27392537;DDRIM ITU;;;(11) 4024-9495;;;;;R (Rua) BAHIA Nº 202    , BRASIL - ITU;R (Rua) BAHIA Nº 202    , BRASIL - ITU;;;;;;;;;;07/01/2022 19:02:38;NULL
696;27392684;NUTRI HOSPITALAR - IPIRANGA;;;(14) 2106-9600;;;;;Avenida NAZARÉ Nº 28     , IPIRANGA - SÃO PAULO;Avenida NAZARÉ Nº 28     , IPIRANGA - SÃO PAULO;;;;;;;;;;07/01/2022 19:03:05;NULL
697;27392727;PGR - ARCOLOR;;;(11) 3195-4249;;;;;Rua FORTE DO TRIUNFO Nº 45     , PARQUE SÃO LOURENÇO - SÃO PAULO;Rua FORTE DO TRIUNFO Nº 45     , PARQUE SÃO LOURENÇO - SÃO PAULO;;;;;;;;;;07/01/2022 19:03:09;NULL
698;27392530;COZINHA DO CAMPO BELO LOJA DE COMIDA LTD;;;(11) 97511-9767;;;;;Rua JOÃO DE SOUSA DIAS Nº 204    , CAMPO BELO - SÃO PAULO;Rua JOÃO DE SOUSA DIAS Nº 204    , CAMPO BELO - SÃO PAULO;;;;;;;;;;07/01/2022 19:02:38;NULL
699;27392473;AGUAS PETROPOLIS;;;(11) 98254-8275;;;;;Av PROFESSOR VICENTE RAO Nº 500    , SANTO AMARO - SÃO PAULO;Av PROFESSOR VICENTE RAO Nº 500    , SANTO AMARO - SÃO PAULO;;;;;;;;;;07/01/2022 19:02:33;NULL
700;27392604;CEREES FOOD DIST.  RIBEIRAO PIRES;;;(11) 4577-0399;;;;;R (Rua) SALVADOR RÍPOLI Nº 2280   , SANTA LUZIA - RIBEIRÃO PIRES;R (Rua) SALVADOR RÍPOLI Nº 2280   , SANTA LUZIA - RIBEIRÃO PIRES;;;;;;;;;;07/01/2022 19:02:59;NULL
701;27392640;LBGS - CHMSA HOSP. MUNIC. SANTO ANDRE;;;(11) 4428-1490;;;;;Av JOÃO RAMALHO Nº 326    , VILA ASSUNÇÃO - SANTO ANDRÉ;Av JOÃO RAMALHO Nº 326    , VILA ASSUNÇÃO - SANTO ANDRÉ;;;;;;;;;;07/01/2022 19:03:02;NULL
702;3145716;Chocolate Pan;;;(11) 4223-4200;;;;;;;;;;;;;;;;15/10/2015 22:08:38;
703;3056916;Hotel Fazenda dos Ipês;;;(17) 3279-8577;;;;www.hotelfazendadosipes.com.br;Rodovia Assis Chateaubriand - Km 143, Nova Maringá/MT, SP, 15400000;Rodovia Assis Chateaubriand - Km 143;;;;Nova Maringá/MT;SP;15400000;;;;02/10/2015 22:32:49;
704;27392588;EMPORIUM SAO PAULO - PEDROSO;;;(11) 3704-3899;;;;;Rua PEDROSO ALVARENGA Nº 803    , JARDIM PAULISTA  - SÃO PAULO;Rua PEDROSO ALVARENGA Nº 803    , JARDIM PAULISTA  - SÃO PAULO;;;;;;;;;;07/01/2022 19:02:58;NULL
705;2767200;Fontagua;;;;;;;;;;;;;;;;;;;24/08/2015 18:39:55;
706;2811862;GT Foods Group;;;(43) 3218-3218;(43) 3218-3500;dione.cazanti@gtfoods.com.br;;;Rio Branco do Sul/PR, PR;;;;;Rio Branco do Sul/PR;PR;;;;;01/09/2015 17:02:26;Visitamos 24.08, mas nao nos atenderam. Deixamos cartao e enviamos catalogo via e-mail
707;2968306;Motel Millennium;;07543652000111;(17) 3267-1224;;;;;Rodovia Assis Chateaubriand - Km 174, Zona Rural, Caiçara do Norte/RN, SP, 15110000;Rodovia Assis Chateaubriand - Km 174;;;Zona Rural;Caiçara do Norte/RN;SP;15110000;;;;22/09/2015 20:09:55;Inscrição Estadual: 323.056.895.111
708;2771057;América Restaurante;;;(11) 5644-6866;;;;;;;;;;;;;;;;24/08/2015 23:04:38;
709;2769022;Gvinah Ind.e Com.Alim.Panif.Ltda;;;(11) 3566-8888;;;;;Mamore, 355, Bom Retiro, Álvares Florence/SP, SP;Mamore;355;;Bom Retiro;Álvares Florence/SP;SP;;;;;24/08/2015 21:40:02;
710;27392799;PGR EATON 7136 - PORTO FELIZ;;;;;;;;Rod MARECHAL RONDON KM 125 Nº KM 125 EATON PORTO FELIZ             , SOAMIM - PORTO FELIZ;Rod MARECHAL RONDON KM 125 Nº KM 125 EATON PORTO FELIZ             , SOAMIM - PORTO FELIZ;;;;;;;;;;07/01/2022 19:03:14;NULL
711;27392743;PGR - TOP TAYLOR;;;(11) 2985-7802;;;;;Avenida LOURENÇO BELLOLI Nº 901/93 , VILA MENCK - OSASCO;Avenida LOURENÇO BELLOLI Nº 901/93 , VILA MENCK - OSASCO;;;;;;;;;;07/01/2022 19:03:10;NULL
712;27392659;LBGS - HOSP. MONTENEGRO;;;(11) 4428-1490;;;;;Rua ANTÔNIO LÁZARO Nº 226    , JARDIM IVA - SÃO PAULO;Rua ANTÔNIO LÁZARO Nº 226    , JARDIM IVA - SÃO PAULO;;;;;;;;;;07/01/2022 19:03:03;NULL
713;27392667;LUMINI MOTEL;;;(11) 2197-0666;;;;;Rua RUBENS MEIRELES Nº 477    , VÁRZEA DA BARRA FUNDA - SÃO PAULO;Rua RUBENS MEIRELES Nº 477    , VÁRZEA DA BARRA FUNDA - SÃO PAULO;;;;;;;;;;07/01/2022 19:03:04;NULL
714;27392474;ALIANSCE SONAE - SHOPPING LEBLON;;;(11) 3371-3672;;;;;Avenida AFRÂNIO DE MELO FRANCO Nº 290    , LEBLON - RIO DE JANEIRO;Avenida AFRÂNIO DE MELO FRANCO Nº 290    , LEBLON - RIO DE JANEIRO;;;;;;;;;;07/01/2022 19:02:33;NULL
715;3245278;Temperart Produtos Alimentícios ;;;(11) 3719-3838;;;;;Avenida Onófrio Milano, 278, Jaguaré, Álvares Florence/SP, SP;Avenida Onófrio Milano;278;;Jaguaré;Álvares Florence/SP;SP;;;;;27/10/2015 21:47:01;
716;27392635;LBGS - CD SANTO ANDRE;;;(11) 4428-1490;;;;;Rua ARAÇATUBA Nº 416    , SANTA MARIA - SANTO ANDRÉ;Rua ARAÇATUBA Nº 416    , SANTA MARIA - SANTO ANDRÉ;;;;;;;;;;07/01/2022 19:03:01;NULL
717;2811861;Abatedouro Coroaves;;;(43) 3218-9000;(44) 3261-8800;suelen@coroaves.com.br;;;Rio Branco do Sul/PR, PR;;;;;Rio Branco do Sul/PR;PR;;;;;01/09/2015 17:02:26;"Visita 24.08. Compram da Pluron a 20 anos e pretendem testar nossos produtos em 2016 pois estão com reformas. Fazem parte do grupo Uni Frango, mas compram separado.
145 mil frangos/dia"
718;2811864;Astra Frigorifico;;;(44) 36768100;;;;;Rua peabiru, Tabapuã/SP, PR;Rua peabiru;;;;Tabapuã/SP;PR;;;;;01/09/2015 17:02:26;Clarissa está viajando até 15.09
719;27392746;PRONUTRI - PLIMAX;;;(11) 2894-3033;;;;;Rodovia ENGENHEIRO CONSTÂNCIO CINTRA Nº 76     , POMAR SÃO JORGE - ITATIBA;Rodovia ENGENHEIRO CONSTÂNCIO CINTRA Nº 76     , POMAR SÃO JORGE - ITATIBA;;;;;;;;;;07/01/2022 19:03:10;NULL
720;27392482;ANDRE;;;(11) 94111-3711;;;;;Rua ITAPICURU Nº 801    APTO 111                      , PERDIZES - SÃO PAULO;Rua ITAPICURU Nº 801    APTO 111                      , PERDIZES - SÃO PAULO;;;;;;;;;;07/01/2022 19:02:34;NULL
721;27392719;ABM - FATURAMENTO;;;(11) 2894-3933;;;;;Rua CALIFÓRNIA Nº 1336   , CIDADE MONÇÕES - SÃO PAULO;Rua CALIFÓRNIA Nº 1336   , CIDADE MONÇÕES - SÃO PAULO;;;;;;;;;;07/01/2022 19:03:08;NULL
722;27392576;A2A  - SKYASIA TUCURUVI;;;(11) 94017-1719;;;;;Av DR. ANTONIO MARIA LAET Nº 566    , PARADA INGLESA - SÃO PAULO;Av DR. ANTONIO MARIA LAET Nº 566    , PARADA INGLESA - SÃO PAULO;;;;;;;;;;07/01/2022 19:02:57;NULL
723;3012390;Adria Alimentos do Brasil;;;(11) 3883-9100;;;;;Rua Pedro José Lorenzini , 64, Santo Antonio, Cerro Negro/SC, SP;Rua Pedro José Lorenzini ;64;;Santo Antonio;Cerro Negro/SC;SP;;;;;27/09/2015 05:58:43;
724;27392744;PGR - GLP CAMPINAS;;;(11) 4577-5253;;;;;Estrada MUNICIPAL JOANNINE CAUMO Nº 302    , NOVA APARECIDA - CAMPINAS;Estrada MUNICIPAL JOANNINE CAUMO Nº 302    , NOVA APARECIDA - CAMPINAS;;;;;;;;;;07/01/2022 19:03:10;NULL
725;3004608;Comfort Hotel - Saint Peter;;;(17) 4009-4050;;;;;Rua Ondina, 360, Vila Redentora, Nova Brasilândia/MT, SP;Rua Ondina;360;;Vila Redentora;Nova Brasilândia/MT;SP;;;;;25/09/2015 01:58:24;
726;27392633;LBGS - DARCY VARGAS;;;(11) 4428-1490;;;;;Rua DOUTOR SERÁFICO DE ASSIS CARVALHO Nº 34     , JARDIM LEONOR - SÃO PAULO;Rua DOUTOR SERÁFICO DE ASSIS CARVALHO Nº 34     , JARDIM LEONOR - SÃO PAULO;;;;;;;;;;07/01/2022 19:03:01;NULL
727;3257615;Bom Mart Frigorifico;;;(18) 3901-3500;;;;;Avenida Salim Farah Maluf, Av.Ana Jacinta,335 - Bairro: Jardim Bom Mart - Presidente Prudente, Jardim das Rosas, Itapemirim/ES, SP, 19026240;Avenida Salim Farah Maluf;;Av.Ana Jacinta,335 - Bairro: Jardim Bom Mart - Presidente Prudente;Jardim das Rosas;Itapemirim/ES;SP;19026240;;;;29/10/2015 14:05:58;
728;3624459;Matilat;;;(17) 3531-1700;;;;http://www.matilat.com.br/;Rua Florianópolis, 1, São Francisco, São João da Lagoa/MG, SP, 15806015;Rua Florianópolis;1;;São Francisco;São João da Lagoa/MG;SP;15806015;;;;07/01/2016 13:43:57;
729;27392556;DON MARCHE - FERRAZ DE VASCONC;;;;;;;;Av PRUDENTE DE MORAES Nº 257    , VILA CORREA - FERRAZ DE VASCONCELOS;Av PRUDENTE DE MORAES Nº 257    , VILA CORREA - FERRAZ DE VASCONCELOS;;;;;;;;;;07/01/2022 19:02:39;NULL
730;27392471;AGRODANIELI - TAPEJARA SAO DOMINGOS;;;(54) 3344-4200;;;;;A (Área) VI SAO DOMINGOS  Nº SNN    ACESSO 02                     , INTERIOR - TAPEJARA;A (Área) VI SAO DOMINGOS  Nº SNN    ACESSO 02                     , INTERIOR - TAPEJARA;;;;;;;;;;07/01/2022 19:02:33;NULL
731;27392627;KILOS IKARO RESTAURANTE LTDA;;;(11) 3167-4991;;;;;Rua LEOPOLDO COUTO DE MAGALHÃES JÚNIOR Nº 785    RUA                           , ITAIM BIBI - SÃO PAULO;Rua LEOPOLDO COUTO DE MAGALHÃES JÚNIOR Nº 785    RUA                           , ITAIM BIBI - SÃO PAULO;;;;;;;;;;07/01/2022 19:03:01;NULL
732;27392657;LBGS - HOSP. VILA NOVA CACHOEIRINHA;;;(11) 4428-1490;;;;;Avenida DEPUTADO EMÍLIO CARLOS Nº 3000   , VILA NOVA CACHOEIRINHA - SÃO PAULO;Avenida DEPUTADO EMÍLIO CARLOS Nº 3000   , VILA NOVA CACHOEIRINHA - SÃO PAULO;;;;;;;;;;07/01/2022 19:03:03;NULL
733;27392575;HS GRAND PLAZA - SKY ASIA;;;(11) 94017-4788;;;;;Av INDUSTRIAL Nº 600    , JARDIM - SANTO ANDRÉ;Av INDUSTRIAL Nº 600    , JARDIM - SANTO ANDRÉ;;;;;;;;;;07/01/2022 19:02:57;NULL
734;2989293;Frigorifico Friato;;;(64) 3461-1900;;;;;Rod GO 330, km 1, Porto União/SC, GO;Rod GO 330, km 1;;;;Porto União/SC;GO;;;;;23/09/2015 19:53:14;
735;27392668;MAICON ALEX SANDER EZIDIO;;;(11) 98473-2940;;;;;Rua CRISTIANO LOBE Nº 119    , CIDADE TIRADENTES - SÃO PAULO;Rua CRISTIANO LOBE Nº 119    , CIDADE TIRADENTES - SÃO PAULO;;;;;;;;;;07/01/2022 19:03:04;NULL
736;2811863;Pic Nic;;;(44) 3677-8000;(42) 9801-4190;mbernardo@picnic.com.br;;;Tabapuã/SP, PR;;;;;Tabapuã/SP;PR;;;;;01/09/2015 17:02:26;Mauricio Suprimentos e Rosangela. Passamos valores de lavanderia e laticinio 25.08. Agendar teste. Compram da Mundial e Descale da Diversey
737;27392603;VARANDA - CD - VILA MORSE;;;(11) 99243-3346;;;;;Rua MANUEL JACINTO Nº 1284   , VILA MORSE - SÃO PAULO;Rua MANUEL JACINTO Nº 1284   , VILA MORSE - SÃO PAULO;;;;;;;;;;07/01/2022 19:02:59;NULL
738;27392706;OAKBERRY AÇAÍ BOWLS;;;(11) 94027-3851;;;;;Rua AUGUSTA Nº 1524   , CONSOLACAO - SÃO PAULO;Rua AUGUSTA Nº 1524   , CONSOLACAO - SÃO PAULO;;;;;;;;;;07/01/2022 19:03:07;NULL
739;27392508;COND BOULEVARD LONDRINA SHOPPING;;;(11) 3371-4110;;;;;Avenida THEODORO VICTORELLI Nº 150    , HELENA - LONDRINA;Avenida THEODORO VICTORELLI Nº 150    , HELENA - LONDRINA;;;;;;;;;;07/01/2022 19:02:36;NULL
740;27392540;DIA BRASIL - NOVA SANTA RITA - RS;;;;;;;;Av PAPA JOÃO XXIII Nº 3059   , LOTEAMENTO INDUSTRIAL CORAL - MAUÁ;Av PAPA JOÃO XXIII Nº 3059   , LOTEAMENTO INDUSTRIAL CORAL - MAUÁ;;;;;;;;;;07/01/2022 19:02:38;NULL
741;27392531;DA NATU IND.DE SUCOS;;;(21) 9919-6179;;;;;Rua JATAITUBA Nº 220    , JARDIM DAS ACÁCIAS - SÃO PAULO;Rua JATAITUBA Nº 220    , JARDIM DAS ACÁCIAS - SÃO PAULO;;;;;;;;;;07/01/2022 19:02:38;NULL
742;3753622;Frigorífico Better Beef;;;(18) 3265-9510;;;;http://www.betterbeef.com.br/;Chapecó/SC, SP, 19600000;;;;;Chapecó/SC;SP;19600000;;;;19/01/2016 13:52:45;
743;2785250;Temaqueria e compahia.;;;;(99) 6440-926;aagreste69@gmail.com;;;;;;;;;;;;;;27/08/2015 04:49:15;
744;2994216;Gran Rio Hotel;;;(17) 3211-5100;;;;;Rua Quinze de Novembro, 3150, Centro, Nova Brasilândia/MT, SP;Rua Quinze de Novembro;3150;;Centro;Nova Brasilândia/MT;SP;;;;;24/09/2015 04:55:31;
745;27392773;PGR - FERTILIZANTES HERINGER;;;(11) 2894-3033;;;;;Avenida IRENE KARCHER 620 Nº 620    KM 138,8 SUL                  , BETEL - PAULÍNIA;Avenida IRENE KARCHER 620 Nº 620    KM 138,8 SUL                  , BETEL - PAULÍNIA;;;;;;;;;;07/01/2022 19:03:12;NULL
746;27392756;ABM - KRISSOL;;;(11) 2894-3933;;;;;Av PAPA JOÃO XXIII Nº 3341   , LOTEAMENTO INDUSTRIAL CORAL - MAUÁ;Av PAPA JOÃO XXIII Nº 3341   , LOTEAMENTO INDUSTRIAL CORAL - MAUÁ;;;;;;;;;;07/01/2022 19:03:11;NULL
747;27392472;AGRODANIELI - VILA LANGARO;;;(54) 3344-4200;;;;;Rod RODOVIA RS 463 KM 14,5 Nº S/N    , LINHA SCHLEDER - VILA LÂNGARO;Rod RODOVIA RS 463 KM 14,5 Nº S/N    , LINHA SCHLEDER - VILA LÂNGARO;;;;;;;;;;07/01/2022 19:02:33;NULL
748;27392787;PGR - APERAN INOX 7092;;;(11) 2985-7802;;;;;Avenida MERCEDES BENZ Nº 1420   , DISTRITO INDUSTRIAL - CAMPINAS;Avenida MERCEDES BENZ Nº 1420   , DISTRITO INDUSTRIAL - CAMPINAS;;;;;;;;;;07/01/2022 19:03:14;NULL
749;27392567;FLORALI;;;(11) 94544-2020;;;;;Rua VUPABUSSU Nº 219    , PINHEIROS - SÃO PAULO;Rua VUPABUSSU Nº 219    , PINHEIROS - SÃO PAULO;;;;;;;;;;07/01/2022 19:02:56;NULL
750;3243238;Adega Santiago;;;(11) 3758-4446;;;;;Avenida Magalhães de Castro, 12000, Piso 4 - Shopping Cidade Jardim, Cidade Jardim, Álvares Florence/SP, SP;Avenida Magalhães de Castro;12000;Piso 4 - Shopping Cidade Jardim;Cidade Jardim;Álvares Florence/SP;SP;;;;;27/10/2015 21:27:08;
751;27392665;LUBRICAR;;;(11) 94756-0975;;;;;Av HIGIENÓPOLIS Nº 275    , VILA GILDA - SANTO ANDRÉ;Av HIGIENÓPOLIS Nº 275    , VILA GILDA - SANTO ANDRÉ;;;;;;;;;;07/01/2022 19:03:04;NULL
752;3225076;Laticínio Tapico;;;(35) 9939-5027;;;;;Rua Paraiba , 265, Porangatu/GO, MG;Rua Paraiba ;265;;;Porangatu/GO;MG;;;;;23/10/2015 21:12:27;
753;5857570;Brico bread ;;;(11) 46179090;;compras@brico.com.br;;;SP;;;;;;SP;;;;;02/09/2016 17:51:18;
754;27392600;VARANDA FRUTAS - CIDADE JARDIM;;;(11) 99243-3346;;;;;Praça DEPUTADO DARIO DE BARROS Nº 15     , CIDADE JARDIM - SÃO PAULO;Praça DEPUTADO DARIO DE BARROS Nº 15     , CIDADE JARDIM - SÃO PAULO;;;;;;;;;;07/01/2022 19:02:58;NULL
755;2767202;Cooper ovos;;;(11) 4728-3444;;;;;SP;;;;;;SP;;;;;24/08/2015 18:39:55;
756;2767224;Dunga alimentos;;;(11) 3576-6262;;;;;;;;;;;;;;;;24/08/2015 18:46:27;
757;2967617;Divine Motel;;;(17) 3266-1021;;;;www.divinemotel.com.br;Avenida Luiz Guarechi, 100, Manoel Emídio/PI, SP, 15895000;Avenida Luiz Guarechi;100;;;Manoel Emídio/PI;SP;15895000;;;;22/09/2015 19:32:06;
758;27392465;A A AFONSO;;;(11) 3757-2264;;;;;Rua SANTO ANDRÉ Nº 232    , VILA ASSUNÇÃO - SANTO ANDRÉ;Rua SANTO ANDRÉ Nº 232    , VILA ASSUNÇÃO - SANTO ANDRÉ;;;;;;;;;;07/01/2022 19:02:33;NULL
759;11988795;Liceu jardim;;;;;;;;;;;;;;;;;;;18/10/2017 14:03:49;
760;27392643;LBGS - INSTITUTO PSIQUIATRA - HC;;;(11) 4428-1490;;;;;Rua DOUTOR OVÍDIO PIRES DE CAMPOS Nº 785    , CERQUEIRA CESAR - SÃO PAULO;Rua DOUTOR OVÍDIO PIRES DE CAMPOS Nº 785    , CERQUEIRA CESAR - SÃO PAULO;;;;;;;;;;07/01/2022 19:03:02;NULL
761;27392503;CARVALHO - CAMILOPOLIS;;;(11) 4996-9010;;;;;Rua ALEMANHA Nº 1204   , VILA CAMILÓPOLIS - SANTO ANDRÉ;Rua ALEMANHA Nº 1204   , VILA CAMILÓPOLIS - SANTO ANDRÉ;;;;;;;;;;07/01/2022 19:02:35;NULL
762;27392622;JANAINA GONCALVES DO NASCIMENTO;;;(11) 95169-3821;;;;;Rua DAS MARGARIDAS Nº 155    , PARQUE ASSUNÇÃO - TABOÃO DA SERRA;Rua DAS MARGARIDAS Nº 155    , PARQUE ASSUNÇÃO - TABOÃO DA SERRA;;;;;;;;;;07/01/2022 19:03:00;NULL
763;2827461;FrangodaVilla ( São José do Rio Pardo);;;(19) 3681-4556;;;;;;;;;;;;;;;;03/09/2015 20:25:29;
764;11988797;Club life chacara;;;;;;;;;;;;;;;;;;;18/10/2017 14:03:49;
765;27392759;PRONUTRI - BRASILATA JUNDIAI;;;(11) 2985-7802;;;;;Rod ANHANGUERA Nº 1592   KM 51                         , CASTANHO - JUNDIAÍ;Rod ANHANGUERA Nº 1592   KM 51                         , CASTANHO - JUNDIAÍ;;;;;;;;;;07/01/2022 19:03:11;NULL
766;27392693;OAKBERRY - ERNESTINA;;;(11) 98409-9969;;;;;Rua ANTÔNIO DE OLIVEIRA GAGO Nº 108    , JARDIM ERNESTINA - SÃO PAULO;Rua ANTÔNIO DE OLIVEIRA GAGO Nº 108    , JARDIM ERNESTINA - SÃO PAULO;;;;;;;;;;07/01/2022 19:03:06;NULL
767;27392546;DIBON LINS CAMBUCI;;;(11) 3204-2232;;;;;Av LINS DE VASCONCELOS Nº 733    , CAMBUCI - SÃO PAULO;Av LINS DE VASCONCELOS Nº 733    , CAMBUCI - SÃO PAULO;;;;;;;;;;07/01/2022 19:02:39;NULL
768;3394281;Frigorifico Boa Vista;;;(62) 3516-1300;;controle_boavista@hotmail.com;;;Praia Grande/SC, GO;;;;;Praia Grande/SC;GO;;;;;20/11/2015 00:12:13;
769;27392637;LBGS - HOSP. SERVIDOR PUBLICO MUNICIPAL;;;(11) 4428-1490;;;;;Rua APENINOS Nº 44     , ACLIMAÇÃO - SÃO PAULO;Rua APENINOS Nº 44     , ACLIMAÇÃO - SÃO PAULO;;;;;;;;;;07/01/2022 19:03:01;NULL
770;27392680;NÃO USAR - ECN - FORCELINE EXTREMA;;;(11) 3195-4245;;;;;R (Rua) JOSEPHA GOMES DE SOUZA Nº 85     , DISTRITO INDUSTRIAL PIRES - EXTREMA;R (Rua) JOSEPHA GOMES DE SOUZA Nº 85     , DISTRITO INDUSTRIAL PIRES - EXTREMA;;;;;;;;;;07/01/2022 19:03:05;NULL
771;3241355;Churrascaria Farroupilha;;;(17) 3232-9835;;;;;Avenida Bady Bassitt, 5414, Boa Vista, Nova Brasilândia/MT, SP;Avenida Bady Bassitt;5414;;Boa Vista;Nova Brasilândia/MT;SP;;;;;27/10/2015 19:19:07;
772;27392730;PRONUTRI GLP BH;;;(11) 2521-8894;;;;;R (Rua) ANTONIO INGRACIO PEREIRA Nº 101    , VESPASIANO - VESPASIANO;R (Rua) ANTONIO INGRACIO PEREIRA Nº 101    , VESPASIANO - VESPASIANO;;;;;;;;;;07/01/2022 19:03:09;NULL
773;27392512;COND PASSEIO DAS AGUAS SHOPPING;;;(11) 3371-4133;;;;;Avenida PERIMETRAL NORTE Nº S/N    , FAZENDA CAVEIRAS - GOIÂNIA;Avenida PERIMETRAL NORTE Nº S/N    , FAZENDA CAVEIRAS - GOIÂNIA;;;;;;;;;;07/01/2022 19:02:36;NULL
774;27392529;CORTES GUARULHOS - CGRU;;;(11) 2445-2675;;;;;Rod HÉLIO SMIDT Nº S/N    TERM.2 - LOJA 112006          , AEROPORTO - GUARULHOS;Rod HÉLIO SMIDT Nº S/N    TERM.2 - LOJA 112006          , AEROPORTO - GUARULHOS;;;;;;;;;;07/01/2022 19:02:37;NULL
775;27392731;PGR - STAMP;;;(11) 2985-7802;;;;;Rua JOÃO FERREIRA DE CAMARGO Nº 143    , TAMBORE  - BARUERI;Rua JOÃO FERREIRA DE CAMARGO Nº 143    , TAMBORE  - BARUERI;;;;;;;;;;07/01/2022 19:03:09;NULL
776;27392555;CRISTALIA - BELEM;;;(11) 3744-7209;;;;;Avenida CONDESSA ELISABETH DE ROBIANO Nº 750    , VILA MOREIRA - SÃO PAULO;Avenida CONDESSA ELISABETH DE ROBIANO Nº 750    , VILA MOREIRA - SÃO PAULO;;;;;;;;;;07/01/2022 19:02:39;NULL
777;27392750;PGR - SOUZA RAMOS;;;(11) 2643-8051;;;;;Avenida CONDESSA ELISABETH DE ROBIANO Nº 6000   , VILA SANTO HENRIQUE - SÃO PAULO;Avenida CONDESSA ELISABETH DE ROBIANO Nº 6000   , VILA SANTO HENRIQUE - SÃO PAULO;;;;;;;;;;07/01/2022 19:03:11;NULL
778;2746315;SBR;;;;;;;;;;;;;;;;;;;20/08/2015 21:11:40;
779;27392717;PESCADOS HERMES - SANTO ANDRE;;;(11) 2988-5031;;;;;R (Rua) DAS FIGUEIRAS Nº 2231   , CAMPESTRE - SANTO ANDRÉ;R (Rua) DAS FIGUEIRAS Nº 2231   , CAMPESTRE - SANTO ANDRÉ;;;;;;;;;;07/01/2022 19:03:08;NULL
780;27392707;KRT - OAKBERRY VILA PRUDENTE;;;(11) 99777-9496;;;;;Rua EPAMINONDAS MELO DO AMARAL Nº 309    CASA 09                       , SÍTIO DO MANDAQUI - SÃO PAULO;Rua EPAMINONDAS MELO DO AMARAL Nº 309    CASA 09                       , SÍTIO DO MANDAQUI - SÃO PAULO;;;;;;;;;;07/01/2022 19:03:07;NULL
781;2886845;Blue Tree Hotel - Verbo Divino;;;(11) 5683-4600;;;;;Rua Verbo Divino, 1323, Chácara Santo Antônio, Álvares Florence/SP, SP;Rua Verbo Divino;1323;;Chácara Santo Antônio;Álvares Florence/SP;SP;;;;;14/09/2015 21:14:18;
782;27392688;CUMINI - OAKBERRY;;;(11) 99967-2311;;;;;Rua AFONSO BRAZ Nº 369    , VILA NOVA CONCEIÇÃO - SÃO PAULO;Rua AFONSO BRAZ Nº 369    , VILA NOVA CONCEIÇÃO - SÃO PAULO;;;;;;;;;;07/01/2022 19:03:05;NULL
783;27392794;PRONUTRI - CM COMANDOS;;;(11) 2985-7802;;;;;Avenida ENGENHEIRO ALBERTO DE ZAGOTTIS Nº 760    , JURUBATUBA - SÃO PAULO;Avenida ENGENHEIRO ALBERTO DE ZAGOTTIS Nº 760    , JURUBATUBA - SÃO PAULO;;;;;;;;;;07/01/2022 19:03:14;NULL
784;27392683;NUTR'S  - BOM PEIXE CD;;;(19) 3441-2568;;;;;Rodovia SP-308 Nº km 158 , DOIS CÓRREGOS - PIRACICABA;Rodovia SP-308 Nº km 158 , DOIS CÓRREGOS - PIRACICABA;;;;;;;;;;07/01/2022 19:03:05;NULL
785;27392565;FERNANDA HENTZ;;;(19) 98183-3932;;;;;Avenida RUI BARBOSA Nº 606    , VILA REZENDE - PIRACICABA;Avenida RUI BARBOSA Nº 606    , VILA REZENDE - PIRACICABA;;;;;;;;;;07/01/2022 19:02:55;NULL
786;27392628;KLM CANINDÉ;;;(19) 99296-9546;;;;;Rua SARGENTO JETER AUGUSTO PEREIRA Nº 40     , PARQUE NOVO MUNDO - SÃO PAULO;Rua SARGENTO JETER AUGUSTO PEREIRA Nº 40     , PARQUE NOVO MUNDO - SÃO PAULO;;;;;;;;;;07/01/2022 19:03:01;NULL
787;27392570;FUNDACAO DO ABC;;;(11) 99330-9872;;;;;Rua AMÉRICA DO SUL Nº 285    , PARQUE NOVO ORATÓRIO - SANTO ANDRÉ;Rua AMÉRICA DO SUL Nº 285    , PARQUE NOVO ORATÓRIO - SANTO ANDRÉ;;;;;;;;;;07/01/2022 19:02:56;NULL
788;27392685;NUTRI MASSA;;;(11) 4109-1848;;;;;Estrada DOS CASA Nº 2551   , DOS CASA - SÃO BERNARDO DO CAMPO;Estrada DOS CASA Nº 2551   , DOS CASA - SÃO BERNARDO DO CAMPO;;;;;;;;;;07/01/2022 19:03:05;NULL
789;27392724;PGR SINTER - NÃO USAR;;;;;;;;Av SINTER FUTURA Nº 300    , < SEM  BAIRRO >      - MONTE MOR;Av SINTER FUTURA Nº 300    , < SEM  BAIRRO >      - MONTE MOR;;;;;;;;;;07/01/2022 19:03:08;NULL
790;27392710;OCEAN - PEIXARIA;;;(11) 98152-1388;;;;;Rua DOS CHANES Nº 256    , INDIANÓPOLIS - SÃO PAULO;Rua DOS CHANES Nº 256    , INDIANÓPOLIS - SÃO PAULO;;;;;;;;;;07/01/2022 19:03:07;NULL
791;27392796;PGR - EMBRASA SUMARE;;;(11) 2985-7802;;;;;Rua JOÃO GOUVEIA Nº 200    , CONDOMÍNIO CORONEL (NOVA VENEZA) - SUMARÉ;Rua JOÃO GOUVEIA Nº 200    , CONDOMÍNIO CORONEL (NOVA VENEZA) - SUMARÉ;;;;;;;;;;07/01/2022 19:03:14;NULL
792;27392757;PGR EATON 7134 - MOGIMIRIM;;;;;;;;Rua ENGENHEIRO ANTÔNIO DE SIMONE NETO Nº 465    EATON MOGIMIRIM - ROD. SP 340 , DISTRITO INDUSTRIAL II LUIZ TORRANI - MOGI MIRIM;Rua ENGENHEIRO ANTÔNIO DE SIMONE NETO Nº 465    EATON MOGIMIRIM - ROD. SP 340 , DISTRITO INDUSTRIAL II LUIZ TORRANI - MOGI MIRIM;;;;;;;;;;07/01/2022 19:03:11;NULL
793;2793934;Prepare Alimentação.;;;(11) 2954-0795;;;;;Rua Francisco Fanganiello, 216, Pq Novo Mundo, SP;Rua Francisco Fanganiello;216;;Pq Novo Mundo;;SP;;;;;28/08/2015 17:39:42;
794;27392520;CONDOMINIO HORIZONTES;;;(11) 2925-7116;;;;;Avenida ESCOLA POLITÉCNICA Nº 942    , JAGUARE - SÃO PAULO;Avenida ESCOLA POLITÉCNICA Nº 942    , JAGUARE - SÃO PAULO;;;;;;;;;;07/01/2022 19:02:37;NULL
795;4137158;New Italian;;;(11) 4772-7373;;;;;Rua João Dias Ribeiro, 352, Centro, Pirapetinga/MG, SP, 06600070;Rua João Dias Ribeiro;352;;Centro;Pirapetinga/MG;SP;06600070;;;;10/03/2016 16:43:41;
796;27392558;DON MARCHE - GUAIANAZES;;;(11) 3744-7209;;;;;Avenida MIGUEL ACHIOLE DA FONSECA Nº 1092   , JARDIM SÃO PAULO(ZONA LESTE) - SÃO PAULO;Avenida MIGUEL ACHIOLE DA FONSECA Nº 1092   , JARDIM SÃO PAULO(ZONA LESTE) - SÃO PAULO;;;;;;;;;;07/01/2022 19:02:40;NULL
797;3056769;Hospital Austa;;;(17) 3221-3000;;;;www.austa.com.br;Avenida Murchid Homsi, 1385, Vila Elvira, Nova Brasilândia/MT, SP, 15070650;Avenida Murchid Homsi;1385;;Vila Elvira;Nova Brasilândia/MT;SP;15070650;;;;02/10/2015 22:12:57;
798;27392631;LBGS - HOSP. SERV. PUBLICO MUNICIPA - US;;;(11) 4428-1490;;;;;Rua APENINOS Nº 44     , ACLIMAÇÃO - SÃO PAULO;Rua APENINOS Nº 44     , ACLIMAÇÃO - SÃO PAULO;;;;;;;;;;07/01/2022 19:03:01;NULL
799;3001526;JJZ;;;(62) 3433-7500;;;;;Conquista D Oeste/MT, GO, 75370000;;;;;Conquista D Oeste/MT;GO;75370000;;;;24/09/2015 20:36:58;
800;2893271;Atacadao;;;(11) 2967-8283;;;;;;;;;;;;;;;;15/09/2015 20:12:44;
801;2866191;Frango da Villa;;;(19) 3608-8199;;;;;;;;;;;;;;;;10/09/2015 20:14:35;
802;2767201;Restaurantes donas;;;;(11) 9673-75578;;;;;;;;;;;;;;;24/08/2015 18:39:55;
803;27392655;LBGS - HOSPITAL TATUAPE;;;(11) 4428-1490;;;;;Avenida CELSO GARCIA Nº 4815   , TATUAPE - SÃO PAULO;Avenida CELSO GARCIA Nº 4815   , TATUAPE - SÃO PAULO;;;;;;;;;;07/01/2022 19:03:03;NULL
804;27392626;JOSE DO NASCIMENTO;;;(11) 95169-5821;;;;;Rua DAS MARGARIDAS Nº 155    , PARQUE ASSUNÇÃO - TABOÃO DA SERRA;Rua DAS MARGARIDAS Nº 155    , PARQUE ASSUNÇÃO - TABOÃO DA SERRA;;;;;;;;;;07/01/2022 19:03:01;NULL
805;3004615;Ipê Park Hotel;;74270224000150;(17) 3266-1282;;;;;Rodovia Washington Luiz, km 428, Manoel Emídio/PI, SP;Rodovia Washington Luiz, km 428;;;;Manoel Emídio/PI;SP;;;;;25/09/2015 02:03:50;
806;2806152;Fortlev;;;(47) 3801-5200;;;;;BR 101, 64, Morro Cabeça no Tempo/PI, SC;BR 101;64;;;Morro Cabeça no Tempo/PI;SC;;;;;31/08/2015 21:26:26;
807;27392711;PADARIA IRACEMA;;;(11) 94753-7389;;;;;Avenida ANGÉLICA Nº 101    , SANTA CECILIA - SÃO PAULO;Avenida ANGÉLICA Nº 101    , SANTA CECILIA - SÃO PAULO;;;;;;;;;;07/01/2022 19:03:08;NULL
808;27392714;PATRICIA BENNHEIM;;;(11) 94505-4294;;;;;Rua ENGENHEIRO JORGE OLIVA Nº 491    , VILA MASCOTE - SÃO PAULO;Rua ENGENHEIRO JORGE OLIVA Nº 491    , VILA MASCOTE - SÃO PAULO;;;;;;;;;;07/01/2022 19:03:08;NULL
809;27392538;DIA - ALPHAVILLE;;;(11) 3886-8610;;;;;Avenida MARTE Nº 466    , ALPHAVILLE - SANTANA DE PARNAÍBA;Avenida MARTE Nº 466    , ALPHAVILLE - SANTANA DE PARNAÍBA;;;;;;;;;;07/01/2022 19:02:38;NULL
810;2871352;Triesté Alimentos.;;;(34) 3224-3315;;;;;MG;;;;;;MG;;;;;11/09/2015 00:27:16;
811;27392666;LUCAS SALES MAIA;;;(11) 95289-2503;;;;;Av BRASIL Nº 289    , JARDIM GONÇALVES - ITAQUAQUECETUBA;Av BRASIL Nº 289    , JARDIM GONÇALVES - ITAQUAQUECETUBA;;;;;;;;;;07/01/2022 19:03:04;NULL
812;27392729;PRONUTRI - HAVER;;;(11) 2985-7802;;;;;Rod JORNALISTA FRANCISCO AGUINE Nº 0      KM 20                         , ATERRADO - MONTE MOR;Rod JORNALISTA FRANCISCO AGUINE Nº 0      KM 20                         , ATERRADO - MONTE MOR;;;;;;;;;;07/01/2022 19:03:09;NULL
813;27392671;MERCADINHO DO BEBE;;;(11) 95307-0319;;;;;Alameda VIEIRA DE CARVALHO Nº 439    , SANTA TEREZINHA - SANTO ANDRÉ;Alameda VIEIRA DE CARVALHO Nº 439    , SANTA TEREZINHA - SANTO ANDRÉ;;;;;;;;;;07/01/2022 19:03:04;NULL
814;27392809;PRONUTRI - PNEUTEC 7067;;;(11) 2985-7802;;;;;Rua GUANABARA Nº 114    , JARDIM REPRESA (FAZENDINHA) - SANTANA DE PARNAÍBA;Rua GUANABARA Nº 114    , JARDIM REPRESA (FAZENDINHA) - SANTANA DE PARNAÍBA;;;;;;;;;;07/01/2022 19:03:15;NULL
815;27392638;LBGS - HOSP. MUNIC. BRASILANDIA - CAMPAN;;;(11) 4428-1490;;;;;Avenida MICHIHISA MURATA Nº 100    , JARDIM MARISTELA - SÃO PAULO;Avenida MICHIHISA MURATA Nº 100    , JARDIM MARISTELA - SÃO PAULO;;;;;;;;;;07/01/2022 19:03:02;NULL
816;27392532;DAFF INDUSTRIAL - ENTREGA RICARDO DE LEM;;;(11) 4421-7980;;;;;Rua RICARDO DE LEMOS Nº 225    , SILVEIRA  - SANTO ANDRÉ;Rua RICARDO DE LEMOS Nº 225    , SILVEIRA  - SANTO ANDRÉ;;;;;;;;;;07/01/2022 19:02:38;NULL
817;11988796;Colégio morumbi Sul;;;;;;;;;;;;;;;;;;;18/10/2017 14:03:49;
818;27392722;PGR - AIRPORT;;;(11) 3195-4249;;;;;Avenida MONTEIRO LOBATO Nº 4550   , CIDADE JARDIM CUMBICA - GUARULHOS;Avenida MONTEIRO LOBATO Nº 4550   , CIDADE JARDIM CUMBICA - GUARULHOS;;;;;;;;;;07/01/2022 19:03:08;NULL
819;27392768;PGR - COPLAC TAUBATE;;;(12) 99124-0369;;;;;Avenida DOUTOR JOSÉ ORTIZ PATTO Nº 2001   , RESIDENCIAL SÍTIO SANTO ANTÔNIO - TAUBATÉ;Avenida DOUTOR JOSÉ ORTIZ PATTO Nº 2001   , RESIDENCIAL SÍTIO SANTO ANTÔNIO - TAUBATÉ;;;;;;;;;;07/01/2022 19:03:12;NULL
820;27392619;INTEGRAL - OSASCO;;;(11) 3215-7018;;;;;Rua ZUMA DE SÁ FERNANDES Nº 171    antigo 174                    , PRESIDENTE ALTINO - OSASCO;Rua ZUMA DE SÁ FERNANDES Nº 171    antigo 174                    , PRESIDENTE ALTINO - OSASCO;;;;;;;;;;07/01/2022 19:03:00;NULL
821;27392550;DON MARCHE - HOTEL QUALITY;;;(11) 3744-7209;;;;;Rua BELA CINTRA Nº 521    HOTEL QUALITY                 , CONSOLACAO - SÃO PAULO;Rua BELA CINTRA Nº 521    HOTEL QUALITY                 , CONSOLACAO - SÃO PAULO;;;;;;;;;;07/01/2022 19:02:39;NULL
822;3002583;Hotel Fênix;;05632698000181;(17) 3281-8090;;;;;RUA DAVID OLIVEIRA, 1240, Centro, Nova Maringá/MT, SP;RUA DAVID OLIVEIRA;1240;;Centro;Nova Maringá/MT;SP;;;;;24/09/2015 22:51:23;
823;27392605;GSE - RIB.PIRES - EX.CERES;;;(11) 3199-2814;;;;;R (Rua) SALVADOR RÍPOLI Nº 2280   , SANTA LUZIA - RIBEIRÃO PIRES;R (Rua) SALVADOR RÍPOLI Nº 2280   , SANTA LUZIA - RIBEIRÃO PIRES;;;;;;;;;;07/01/2022 19:02:59;NULL
824;27392618;INTEGRAL - PASSOS DA PATRIA;;;(11) 2521-8894;;;;;Rua PASSO DA PÁTRIA Nº 1651   , BELA ALIANÇA - SÃO PAULO;Rua PASSO DA PÁTRIA Nº 1651   , BELA ALIANÇA - SÃO PAULO;;;;;;;;;;07/01/2022 19:03:00;NULL
825;3225019;VR Campos Caxambu;;;(35) 3283-2547;;;;;Rua Agenor Souza Dias , 335, Matinhas/PB, MG;Rua Agenor Souza Dias ;335;;;Matinhas/PB;MG;;;;;23/10/2015 21:00:14;
826;27392560;DRIGGO RESTAURANTE LTDA - NAO USAR;;;(11) 97187-2070;;;;;Rua CAPOTE VALENTE Nº 787    ANEXO CARD. ARCOVERDE 451     , PINHEIROS - SÃO PAULO;Rua CAPOTE VALENTE Nº 787    ANEXO CARD. ARCOVERDE 451     , PINHEIROS - SÃO PAULO;;;;;;;;;;07/01/2022 19:02:40;NULL
827;27392534;DAIANA TECNICO FERNANDO;;;(48) 9624-9175;;;;;R (Rua) LUIZ FAGUNDES Nº 2390   sala 02                       , PICADAS DO SUL - SÃO JOSÉ;R (Rua) LUIZ FAGUNDES Nº 2390   sala 02                       , PICADAS DO SUL - SÃO JOSÉ;;;;;;;;;;07/01/2022 19:02:38;NULL
828;3371127;Vale do Cedro;;;;;;;;Br 070, GO;Br 070;;;;;GO;;;;;18/11/2015 04:54:06;
829;27392797;PRONUTRI - NITROQUIMICA;;;(11) 2985-7802;;;;;Avenida DOUTOR JOSÉ ARTUR NOVA Nº 951    , PARQUE PAULISTANO - SÃO PAULO;Avenida DOUTOR JOSÉ ARTUR NOVA Nº 951    , PARQUE PAULISTANO - SÃO PAULO;;;;;;;;;;07/01/2022 19:03:14;NULL
830;2994212;Faria Lima Flat;;;(17) 3201-1540;;;;;Avenida Brigadeiro Faria Lima, 5045, Vila São José, Nova Brasilândia/MT, SP;Avenida Brigadeiro Faria Lima;5045;;Vila São José;Nova Brasilândia/MT;SP;;;;;24/09/2015 04:49:07;
831;27392792;ECN - PASSARO MARRON;;;(11) 3195-4249;;;;;Rod FERNÃO DIAS Nº 753    KM 89,7 - PASSARO MARRON      , VILA ITAPEGICA - GUARULHOS;Rod FERNÃO DIAS Nº 753    KM 89,7 - PASSARO MARRON      , VILA ITAPEGICA - GUARULHOS;;;;;;;;;;07/01/2022 19:03:14;NULL
832;3384497;Frigorifico Trevão;;;(62) 3259-9404;;;;;;;;;;;;;;;;19/11/2015 05:20:33;
833;3094225;Propolis MN;;;(11) 4790-4600;;;;;;;;;;;;;;;;07/10/2015 22:48:30;
834;27392736;PGR - ARIZONA - FATURAMENTO;;;;;;;;Rua ARIZONA Nº 500    , CIDADE MONÇÕES - SÃO PAULO;Rua ARIZONA Nº 500    , CIDADE MONÇÕES - SÃO PAULO;;;;;;;;;;07/01/2022 19:03:09;NULL
835;2767613;Associação dehoniana;;;;;;;;SP;;;;;;SP;;;;;24/08/2015 19:48:14;
836;4050767;Laticínios Carolina;;;(43) 3536-1288;;;;http://www.latcarolina.com.br/;Benjamin Constant, 840, Montividiu do Norte/GO, PR, 86410000;Benjamin Constant;840;;;Montividiu do Norte/GO;PR;86410000;;;;27/02/2016 00:49:04;
837;27392515;COND UBERLANDIA SHOPPING;;;(11) 3138-1570;;;;;Avenida PAULO GRACINDO Nº 15     , GÁVEA - UBERLÂNDIA;Avenida PAULO GRACINDO Nº 15     , GÁVEA - UBERLÂNDIA;;;;;;;;;;07/01/2022 19:02:36;NULL
838;27392771;PGR - EMBRASATEC ARTUR NOGUEIRA;;;(11) 2894-3933;;;;;Est VICINAL ATM 070 Nº 601    , SITIO COTRINS - ARTUR NOGUEIRA;Est VICINAL ATM 070 Nº 601    , SITIO COTRINS - ARTUR NOGUEIRA;;;;;;;;;;07/01/2022 19:03:12;NULL
839;2769021;Macrozen Produtos Naturais e Integrais;;;(11) 3326-7033;;;;;Itariri, 76, Caninde, Álvares Florence/SP, SP;Itariri;76;;Caninde;Álvares Florence/SP;SP;;;;;24/08/2015 21:39:47;
840;27392712;PANIFICADORA  LA CASA - ELOISA RISOTOLAN;;;(41) 3641-3189;;;;;Rua REVERENDO JOSÉ FERREIRA FILHO Nº 37     , NOVO MUNDO - CURITIBA;Rua REVERENDO JOSÉ FERREIRA FILHO Nº 37     , NOVO MUNDO - CURITIBA;;;;;;;;;;07/01/2022 19:03:08;NULL
841;27392747;PGR - SKF;;;(11) 29857802;;;;;Rod ANHANGUERA KM 30, Polvilho;Rod ANHANGUERA KM 30;;;Polvilho;;;;;;;07/01/2022 19:03:10;NULL
842;27392483;AP. AV. DOS ESTADOS;;;(11) 94756-0975;;;;;Avenida DOS ESTADOS Nº 1586   , SANTA TEREZINHA - SANTO ANDRÉ;Avenida DOS ESTADOS Nº 1586   , SANTA TEREZINHA - SANTO ANDRÉ;;;;;;;;;;07/01/2022 19:02:34;NULL
843;3090554;Tozan;;;(19) 3257-1245;;;;;Rua Romeu Túlio, 105, Planura/MG, SP;Rua Romeu Túlio;105;;;Planura/MG;SP;;;;;07/10/2015 18:50:24;
844;27392480;AMBEV - JUATUBA - MG;;;(37) 99155-1894;;;;;Rod RODOVIA MG 0,50 Nº S/N    KM 46/47                      , CENTRO - JUATUBA;Rod RODOVIA MG 0,50 Nº S/N    KM 46/47                      , CENTRO - JUATUBA;;;;;;;;;;07/01/2022 19:02:34;NULL
845;3298529;Cervejaria Petropolis;;;(15) 3363-8900;;;;;Boituva;;;;Boituva;;;;;;;05/11/2015 02:28:20;
846;27392634;LBGS - MARCIA BRAIDO;;;(11) 4428-1490;;;;;Rua LUÍS LOUZA Nº 48     , OLÍMPICO - SÃO CAETANO DO SUL;Rua LUÍS LOUZA Nº 48     , OLÍMPICO - SÃO CAETANO DO SUL;;;;;;;;;;07/01/2022 19:03:01;NULL
847;27392500;CABANA BURGUER - ESCRITORIO CENTRAL;;;(11) 2307-1918;;;;;Al RIO NEGRO Nº 161    , ALPHAVILLE CENTRO INDUSTRIAL E EMPRESARIAL/ALPHAVI - BARUERI;Al RIO NEGRO Nº 161    , ALPHAVILLE CENTRO INDUSTRIAL E EMPRESARIAL/ALPHAVI - BARUERI;;;;;;;;;;07/01/2022 19:02:35;NULL
848;27392594;KAROLINA - KESS;;;(11) 22422-7855;;;;;R PEDRO DE TOLEDO Nº 977    , JARDIM SANTA LÍDIA - GUARULHOS;R PEDRO DE TOLEDO Nº 977    , JARDIM SANTA LÍDIA - GUARULHOS;;;;;;;;;;07/01/2022 19:02:58;NULL
849;27392689;OAKBERRY - VL. MADALENA;;;(18) 98121-4334;;;;;Rua HARMONIA Nº 150    HORARIO ENTREGA 11:00 AS 19:00, SUMAREZINHO - SÃO PAULO;Rua HARMONIA Nº 150    HORARIO ENTREGA 11:00 AS 19:00, SUMAREZINHO - SÃO PAULO;;;;;;;;;;07/01/2022 19:03:05;NULL
850;27392509;COND DE ADMINIS DE MONTES CLAROS SHOP CE;;;(38) 2143-3000;;;;;Avenida DONATO QUINTINO Nº 90     , CIDADE NOVA - MONTES CLAROS;Avenida DONATO QUINTINO Nº 90     , CIDADE NOVA - MONTES CLAROS;;;;;;;;;;07/01/2022 19:02:36;NULL
851;2866995;Dias & Proença( Restaurantes Industriais);;;(19) 3281-1435;;;;;Rua Jurandir Ferraz de Campos, 755, Nova Aparecida, Planura/MG, SP;Rua Jurandir Ferraz de Campos;755;;Nova Aparecida;Planura/MG;SP;;;;;10/09/2015 21:07:24;
852;27392674;MUNDO RURAL;;;(11) 4316-1592;;;;;Rod DOM PEDRO I Nº 1715   , SILVEIRA  - SANTO ANDRÉ;Rod DOM PEDRO I Nº 1715   , SILVEIRA  - SANTO ANDRÉ;;;;;;;;;;07/01/2022 19:03:04;NULL
853;27392548;DIP FRANGOS;;;(45) 3321-3058;;;;;Rod ROD. BR 163 - KM 86 Nº S/N    , JARDIM INDUSTRIAL - CAPANEMA;Rod ROD. BR 163 - KM 86 Nº S/N    , JARDIM INDUSTRIAL - CAPANEMA;;;;;;;;;;07/01/2022 19:02:39;NULL
854;27392591;SKW;;;(11) 3370-0571;;;;;Avenida NATALIA ZARIF Nº 2655   , JARDIM SÃO GERALDO - GUARULHOS;Avenida NATALIA ZARIF Nº 2655   , JARDIM SÃO GERALDO - GUARULHOS;;;;;;;;;;07/01/2022 19:02:58;NULL
855;3241142;Le garçon;;;(11) 4973-1228;;;;;Baependi, 347, Vl Alzira, Alcinópolis/MS, SP;Baependi;347;;Vl Alzira;Alcinópolis/MS;SP;;;;;27/10/2015 18:55:47;
856;27392810;LOURDES MASSAE - GOL CONFINS;;;(31) 98765-2707;;;;;Era AEROPORTO INTERNACIONAL TANCREDO NEVES Nº S/N    , AEROPORTO - LAGOA SANTA;Era AEROPORTO INTERNACIONAL TANCREDO NEVES Nº S/N    , AEROPORTO - LAGOA SANTA;;;;;;;;;;07/01/2022 19:03:15;NULL
857;27392642;LBGS - HOSP. MANDAQUI;;;(11) 4428-1490;;;;;Rua VOLUNTÁRIOS DA PÁTRIA Nº 4301   , SANTANA - SÃO PAULO;Rua VOLUNTÁRIOS DA PÁTRIA Nº 4301   , SANTANA - SÃO PAULO;;;;;;;;;;07/01/2022 19:03:02;NULL
858;3298534;Quinta do Marques e Rede de Padarias La Ville;;;(11) 4717-9800;;;;;Rod Presidente Castelo Branco, 345, Monçaba, Apiaí/SP, SP, 18147000;Rod Presidente Castelo Branco;345;;Monçaba;Apiaí/SP;SP;18147000;;;;05/11/2015 02:34:21;
859;27392615;INNOVA HOSPITAIS DIADEMA;;;(11) 2178-2266;;;;;R (Rua) SÃO JORGE Nº 98     , CENTRO - DIADEMA;R (Rua) SÃO JORGE Nº 98     , CENTRO - DIADEMA;;;;;;;;;;07/01/2022 19:03:00;NULL
860;27392704;SUCOS E LANCHES - OAKBERRY BELO HORIZONT;;;(31) 98837-7681;;;;;Est DOS BANDEIRANTES Nº 1653   , ANCHIETA - BELO HORIZONTE;Est DOS BANDEIRANTES Nº 1653   , ANCHIETA - BELO HORIZONTE;;;;;;;;;;07/01/2022 19:03:07;NULL
861;27392518;CONDOMINIO EDIFICIO PANORAMA;;;(11) 3823-3500;;;;;Rua AIBI Nº 89     , VILA IPOJUCA - SÃO PAULO;Rua AIBI Nº 89     , VILA IPOJUCA - SÃO PAULO;;;;;;;;;;07/01/2022 19:02:36;NULL
862;27392561;DROGARIA CAMPEA;;;(11) 1111-1111;;;;;Avenida SANTA MÔNICA Nº 1306   SALA 02 GALPA01 A RUA 8A      , PARQUE INDUSTRIAL SAN JOSÉ - COTIA;Avenida SANTA MÔNICA Nº 1306   SALA 02 GALPA01 A RUA 8A      , PARQUE INDUSTRIAL SAN JOSÉ - COTIA;;;;;;;;;;07/01/2022 19:02:40;NULL
863;2994197;Spa Santa Cruz;;;(17) 3237-4475;;;;;Avenida Aparecida de Souza Vetorazzo - S/N, Residencial Nato Vetorazzo, Nova Brasilândia/MT, SP;Avenida Aparecida de Souza Vetorazzo - S/N;;;Residencial Nato Vetorazzo;Nova Brasilândia/MT;SP;;;;;24/09/2015 04:36:11;
864;27392777;PGR - 7082 CERAMICA;;;(11) 2894-3933;;;;;Av DR. DUPRAT FIGUEIREDO Nº 901    , MARANQUIN - PEDREIRA;Av DR. DUPRAT FIGUEIREDO Nº 901    , MARANQUIN - PEDREIRA;;;;;;;;;;07/01/2022 19:03:12;NULL
865;27392595;MC AFONSO;;;(11) 4994-1027;;;;;Av JOSÉ CABALLERO Nº 189    , VILA BASTOS - SANTO ANDRÉ;Av JOSÉ CABALLERO Nº 189    , VILA BASTOS - SANTO ANDRÉ;;;;;;;;;;07/01/2022 19:02:58;NULL
866;27392702;OAKBERRY CANINDE;;;(11) 9991-3164;;;;;Avenida CRUZEIRO DO SUL Nº S/N    LOJA QF3M                     , CANINDÉ - SÃO PAULO;Avenida CRUZEIRO DO SUL Nº S/N    LOJA QF3M                     , CANINDÉ - SÃO PAULO;;;;;;;;;;07/01/2022 19:03:07;NULL
867;3241511;LATICÍNIOS CARLIN LTDA;Industria de Laticínios Carlin Ltda;;(35) 3731-0886;;;;www.laticinioscarlin.com.br;MG;;;;;;MG;;;;;27/10/2015 19:46:25;
868;2985663;Frigorifico JJZ;;;(62) 3433-7500;;;;;Rod GO 070 Km 13, Conquista D Oeste/MT, GO;Rod GO 070 Km 13;;;;Conquista D Oeste/MT;GO;;;;;23/09/2015 17:25:20;
869;27392533;DAFF INDUSTRIAL EIRELI - FIRESTONE;;;(11) 4421-7980;;;;;Av FIRESTONE Nº 1603   , SILVEIRA  - SANTO ANDRÉ;Av FIRESTONE Nº 1603   , SILVEIRA  - SANTO ANDRÉ;;;;;;;;;;07/01/2022 19:02:38;NULL
870;3214071;Abatedouro Aves Gonzalez;;;(17) 3386-9801;;;;;Estr.Vicinal Ricieri Cola, Km 1.9, Zona Rural, Campo Limpo Paulista/SP, SP, 15820000;Estr.Vicinal Ricieri Cola;;Km 1.9;Zona Rural;Campo Limpo Paulista/SP;SP;15820000;;;;22/10/2015 18:21:19;
871;27392748;PGR - COVRE LIMEIRA;;;(11) 2985-7802;;;;;Rod ANHANGUERA Nº S/N    KM 147 - 5                    , JARDIM NOVA LIMEIRA - LIMEIRA;Rod ANHANGUERA Nº S/N    KM 147 - 5                    , JARDIM NOVA LIMEIRA - LIMEIRA;;;;;;;;;;07/01/2022 19:03:10;NULL
872;27392652;LBGS - HOSP. DR FRANCISCO RIBEIRO ARANTE;;;(11) 4428-1490;;;;;Rodovia WALDOMIRO CORRÊA DE CAMARGO KM 62 Nº S/N    , VILA MARTINS - ITU;Rodovia WALDOMIRO CORRÊA DE CAMARGO KM 62 Nº S/N    , VILA MARTINS - ITU;;;;;;;;;;07/01/2022 19:03:02;NULL
873;2767115;Rei da lingüiça;;;;;;;;;;;;;;;;;;;24/08/2015 18:31:23;
874;2767430;Pao de Queijo majestade;;;;;;;;;;;;;;;;;;;24/08/2015 19:06:22;
875;27392577;HS POMPEIA - SKY ASIA;;;(11) 94017-4786;;;;;R (Rua) TURIASSU Nº 2100   , PERDIZES - SÃO PAULO;R (Rua) TURIASSU Nº 2100   , PERDIZES - SÃO PAULO;;;;;;;;;;07/01/2022 19:02:57;NULL
876;3362927;Rede OBA;;;(19) 3746-7010;;;;;Avenida Comendador Aladino Selme, 2500, Galpão 01, Vila San Martin, Planura/MG, SP;Avenida Comendador Aladino Selme;2500;Galpão 01;Vila San Martin;Planura/MG;SP;;;;;17/11/2015 03:22:58;
877;27392737;PGR - IPIS;;;(11) 2985-7802;;;;;Rua VEREADOR JOSÉ NANCI Nº 151    , PARQUE JAÇATUBA - SANTO ANDRÉ;Rua VEREADOR JOSÉ NANCI Nº 151    , PARQUE JAÇATUBA - SANTO ANDRÉ;;;;;;;;;;07/01/2022 19:03:09;NULL
878;27392506;CELEBRA - OAKBERRY PRAIA GRANDE;;;(13) 98825-6138;;;;;Rua TIMBÉ Nº 41     , JARDIM SANTA MARIA - SÃO PAULO;Rua TIMBÉ Nº 41     , JARDIM SANTA MARIA - SÃO PAULO;;;;;;;;;;07/01/2022 19:02:35;NULL
879;3892324;AB Brasil;;;(14) 3283-8054;;;;;;;;;;;;;;;;05/02/2016 15:28:54;
880;27392798;PGR - MANDO;;;(11) 2985-7802;;;;;Avenida STANLEY Nº 2888   , BAIRRO DA GEADA - LIMEIRA;Avenida STANLEY Nº 2888   , BAIRRO DA GEADA - LIMEIRA;;;;;;;;;;07/01/2022 19:03:14;NULL
881;27392695;OAKBERRY - SÃO CAETANO DO SUL;;;(11) 98204-1706;;;;;Al TERRACOTA Nº 545    , CERAMICA - SÃO CAETANO DO SUL;Al TERRACOTA Nº 545    , CERAMICA - SÃO CAETANO DO SUL;;;;;;;;;;07/01/2022 19:03:06;NULL
882;27392552;DON MARCHE;;;(11) 3744-7209;;;;;R (Rua) DOMINGOS LOPES DA SILVA Nº 890    , VILA ANDRADE - SÃO PAULO;R (Rua) DOMINGOS LOPES DA SILVA Nº 890    , VILA ANDRADE - SÃO PAULO;;;;;;;;;;07/01/2022 19:02:39;NULL
883;27392694;PRAGELATO - OAKBERRY;;;(11) 99436-7846;;;;;Rua VIEIRA DE MORAIS Nº 913    , CAMPO BELO - SÃO PAULO;Rua VIEIRA DE MORAIS Nº 913    , CAMPO BELO - SÃO PAULO;;;;;;;;;;07/01/2022 19:03:06;NULL
884;3030041;Frutap;;;(14) 3346-2816;;;;;Rua Cerqueira César, 1005, 1005, Fênix/PR, SP;Rua Cerqueira César, 1005;1005;;;Fênix/PR;SP;;;;;29/09/2015 20:30:13;
885;27392536;DDDRIN;;;(11) 3488-9644;;;;;Avenida GENERAL FRANCISCO MORAZAN Nº 135    , VILA SÔNIA - SÃO PAULO;Avenida GENERAL FRANCISCO MORAZAN Nº 135    , VILA SÔNIA - SÃO PAULO;;;;;;;;;;07/01/2022 19:02:38;NULL
886;27392596;PAES;;;(11) 4437-3545;;;;;R (Rua) DAS FIGUEIRAS Nº 664    , CAMPESTRE - SANTO ANDRÉ;R (Rua) DAS FIGUEIRAS Nº 664    , CAMPESTRE - SANTO ANDRÉ;;;;;;;;;;07/01/2022 19:02:58;NULL
887;3056704;Hospital Ielar;;;(17) 2139-1200;;;;;Rua Doutor Presciliano Pinto, 1811, Boa Vista, Nova Brasilândia/MT, SP, 15025100;Rua Doutor Presciliano Pinto;1811;;Boa Vista;Nova Brasilândia/MT;SP;15025100;;;;02/10/2015 22:01:49;
888;3303506;Hospital São Francisco de Assis;;;(17) 3202-1717;;;;;Paulistas/MG, SP, 15155000;;;;;Paulistas/MG;SP;15155000;;;;05/11/2015 20:37:21;
889;4148071;Frigorífico Boi Mix;;;(17) 3485-2179;;;;;Estrada Vicinal José Marciano Barreto - Km 2, Nossa Senhora do Livramento/MT, SP;Estrada Vicinal José Marciano Barreto - Km 2;;;;Nossa Senhora do Livramento/MT;SP;;;;;11/03/2016 21:13:03;
890;2893070;Bauducco;;;(11) 2573-9632;;nadiam@bauducco.com.br;;;Rua Endres, 861, Vila Itapegica, Piraúba/MG, SP;Rua Endres;861;;Vila Itapegica;Piraúba/MG;SP;;;;;15/09/2015 19:38:14;
891;27392660;LEANDRO RIBEIRO;;;(15) 5499-6422;;;;;R (Rua) JOSE SALVADOR Nº 3950   , CENTRO - SANANDUVA;R (Rua) JOSE SALVADOR Nº 3950   , CENTRO - SANANDUVA;;;;;;;;;;07/01/2022 19:03:03;NULL
892;27392569;FRUTIQUELLO;;;(11) 4819-6858;;;;;R (Rua) ORAZIO STANCO Nº 292    , PARQUE DOS EUCALIPTOS - FRANCO DA ROCHA;R (Rua) ORAZIO STANCO Nº 292    , PARQUE DOS EUCALIPTOS - FRANCO DA ROCHA;;;;;;;;;;07/01/2022 19:02:56;NULL
893;3775149;Fábricas de Doce Santa Helena;;;(16) 3934-1000;;;;http://www.santahelena.com/;Rua Paraguai, Parque Industrial Coronel Quito Junqueira, Paiva/MG, SP, 14075350;Rua Paraguai;;;Parque Industrial Coronel Quito Junqueira;Paiva/MG;SP;14075350;;;;21/01/2016 15:02:34;
894;27392563;F.G.R - PRIME ALIMENTAÇÃO - INTERLAGOS;;;(11) 98783-1696;;;;;Rua PEDRO SANTALÚCIA Nº 250    , INTERLAGOS - SÃO PAULO;Rua PEDRO SANTALÚCIA Nº 250    , INTERLAGOS - SÃO PAULO;;;;;;;;;;07/01/2022 19:02:54;NULL
895;27392490;BAP - SAO PAULO;;;(11) 94756-0975;;;;;Rua GIOVANNI BATTISTA PIRELLI Nº 1980   , VILA HOMERO THON - SANTO ANDRÉ;Rua GIOVANNI BATTISTA PIRELLI Nº 1980   , VILA HOMERO THON - SANTO ANDRÉ;;;;;;;;;;07/01/2022 19:02:34;NULL
896;27392715;PATRICK BEHAR;;;(11) 94198-9494;;;;;Rua BENJAMIM EGAS Nº 66     CJ 01                         , PINHEIROS - SÃO PAULO;Rua BENJAMIM EGAS Nº 66     CJ 01                         , PINHEIROS - SÃO PAULO;;;;;;;;;;07/01/2022 19:03:08;NULL
897;27392763;PGR - CENTERANEL;;;(11) 0000-0000;;;;;V (Via) SP 270 Nº 10167  , JARDIM IPÊ - SÃO PAULO;V (Via) SP 270 Nº 10167  , JARDIM IPÊ - SÃO PAULO;;;;;;;;;;07/01/2022 19:03:11;NULL
898;2985789;Frigorifico Super Frango ;;;(62) 3375-7000;;;;;Rod GO 070 Km 88, Zona Rural, Birigüi/SP, GO, 76630000;Rod GO 070 Km 88;;Zona Rural;;Birigüi/SP;GO;76630000;;;;23/09/2015 17:37:14;
899;27392721;ABM - NEOVIA;;;(11) 2894-3933;;;;;Avenida PREFEITO JOÃO VILALLOBO QUERO Nº 2253   , JARDIM BELVAL - BARUERI;Avenida PREFEITO JOÃO VILALLOBO QUERO Nº 2253   , JARDIM BELVAL - BARUERI;;;;;;;;;;07/01/2022 19:03:08;NULL
900;2784310;Ponto Chic;;;;;;;;Praça Oswaldo Cruz, 26, Álvares Florence/SP, SP;Praça Oswaldo Cruz;26;;;Álvares Florence/SP;SP;;;;;26/08/2015 23:13:25;
901;27392526;COOP REGIONAL - MAJESTADE - BOA VISTA;;;(54) 3343-8213;;;;;Est-Mun ESTRM LINHA BOA VISTA Nº S/N    , ZONA RURAL - SANANDUVA;Est-Mun ESTRM LINHA BOA VISTA Nº S/N    , ZONA RURAL - SANANDUVA;;;;;;;;;;07/01/2022 19:02:37;NULL
902;27392785;ABM  - WAP METAL;;;(11) 2894-3933;;;;;R (Rua) LUIS VIEIRA Nº 555    , JARDIM AMBUITA - ITAPEVI;R (Rua) LUIS VIEIRA Nº 555    , JARDIM AMBUITA - ITAPEVI;;;;;;;;;;07/01/2022 19:03:13;NULL
903;3332726;Cooperativa Lar;;;;;;;;Av. 24 de Outubro, 59, Moraújo/CE, PR, 85884000;Av. 24 de Outubro;59;;;Moraújo/CE;PR;85884000;;;;10/11/2015 17:27:33;
904;27392481;ANA LUIZA ZUCCOLOTTO;;;(11) 96449-0374;;;;;Rua ALVES GUIMARÃES Nº 408    APTO 32                       , PINHEIROS - SÃO PAULO;Rua ALVES GUIMARÃES Nº 408    APTO 32                       , PINHEIROS - SÃO PAULO;;;;;;;;;;07/01/2022 19:02:34;NULL
905;3109788;Frigorifico Juti Imp e Exp LTDA;;;(67) 3463-1009;;;;;;;;;;;;;;;;09/10/2015 21:38:33;
906;3347012;Hospital Bezerra de Menezes;;;(17) 4009-7799;;;;;Rua Major João Batista Franca, 298, Parque Industrial, Nova Brasilândia/MT, SP, 15025610;Rua Major João Batista Franca;298;;Parque Industrial;Nova Brasilândia/MT;SP;15025610;;;;13/11/2015 14:12:05;
907;27392606;HENRIQUE APARECIDO;;;(11) 96138-6892;;;;;Av CARIOCA Nº 375    , VILA CARIOCA - SÃO PAULO;Av CARIOCA Nº 375    , VILA CARIOCA - SÃO PAULO;;;;;;;;;;07/01/2022 19:02:59;NULL
908;27392675;MUNDO RURAL - NÃO USAR;;;(11) 4316-1592;;;;;Rod DOM PEDRO I Nº 1715   , SILVEIRA  - SANTO ANDRÉ;Rod DOM PEDRO I Nº 1715   , SILVEIRA  - SANTO ANDRÉ;;;;;;;;;;07/01/2022 19:03:04;NULL
909;11984773;Plastirrico;;;(11) 36431373;(11) 989739227;giselle.abreu@plastirrico.com.br;;www.plastirrico.com.br;Rua Mário Regallo Pereira, 161, Butanta, Álvares Florence/SP, SP;Rua Mário Regallo Pereira;161;;Butanta;Álvares Florence/SP;SP;;;;;17/10/2017 19:47:41;
910;27392718;PGR  - SPG;;;(11) 2985-7802;;;;;Avenida COMENDADOR LEOPOLDO DEDINI Nº 150    , UNILESTE - PIRACICABA;Avenida COMENDADOR LEOPOLDO DEDINI Nº 150    , UNILESTE - PIRACICABA;;;;;;;;;;07/01/2022 19:03:08;NULL
911;27392553;COOKLESS;;;(11) 4385-6488;;;;;R (Rua) SÃO PAULO Nº 444    , CIDADE INTERCAP - TABOÃO DA SERRA;R (Rua) SÃO PAULO Nº 444    , CIDADE INTERCAP - TABOÃO DA SERRA;;;;;;;;;;07/01/2022 19:02:39;NULL
912;27392776;PGR EATON 7133 SAO JOSE DOS CAMPOS;;;;;;;;Rodovia PRESIDENTE DUTRA Nº KM 153 COMPLEMENTO 1655              , JARDIM DAS INDUSTRIAS - SÃO JOSÉ DOS CAMPOS;Rodovia PRESIDENTE DUTRA Nº KM 153 COMPLEMENTO 1655              , JARDIM DAS INDUSTRIAS - SÃO JOSÉ DOS CAMPOS;;;;;;;;;;07/01/2022 19:03:12;NULL
913;2767614;Club de campo sao paulo;;;;;;;;SP;;;;;;SP;;;;;24/08/2015 19:48:14;
914;27392699;JIMMY BERRY - AV. ARICANDUVA;;;(11) 99649-9252;;;;;Avenida ARICANDUVA Nº 5555   , VILA ARICANDUVA - SÃO PAULO;Avenida ARICANDUVA Nº 5555   , VILA ARICANDUVA - SÃO PAULO;;;;;;;;;;07/01/2022 19:03:06;NULL
915;2746552;Lyndoia Original;;;;;;;;;;;;;;;;;;;20/08/2015 21:33:15;
916;4094920;Lat. Tiro;;;(11) 3723-7777;;;;http://www.tirolez.com/;Rua Quitanduba, Caxingui, Álvares Florence/SP, SP, 05516030;Rua Quitanduba;;;Caxingui;Álvares Florence/SP;SP;05516030;;;;03/03/2016 19:43:01;
917;27392651;LBGS - HOSP IABAS;;;(11) 4428-1490;;;;;Rua ANTÔNIO CARLOS Nº 122    , BELA VISTA  - SÃO PAULO;Rua ANTÔNIO CARLOS Nº 122    , BELA VISTA  - SÃO PAULO;;;;;;;;;;07/01/2022 19:03:02;NULL
918;27392612;HOSPITAL SAO FRANCISCO - MOGI GUACU;;;(19) 3851-8000;;;;;R (Rua) INÁCIO FRANCO ALVES Nº 561    , PARQUE CIDADE NOVA - MOGI GUAÇU;R (Rua) INÁCIO FRANCO ALVES Nº 561    , PARQUE CIDADE NOVA - MOGI GUAÇU;;;;;;;;;;07/01/2022 19:02:59;NULL
919;27392464;6 JOTAS;;;(11) 99983-1321;;;;;Avenida DOUTOR EDISON CONSOLMAGNO Nº 181    , JARDIM PONTE GRANDE - MOGI DAS CRUZES;Avenida DOUTOR EDISON CONSOLMAGNO Nº 181    , JARDIM PONTE GRANDE - MOGI DAS CRUZES;;;;;;;;;;07/01/2022 19:02:32;NULL
920;2767114;Brios grill;;;;;;;;;;;;;;;;;;;24/08/2015 18:31:23;
921;2767429;Brasinex cozinha;;;(11) 4744-7990;;;;;SP;;;;;;SP;;;;;24/08/2015 19:06:22;
922;2815152;Qualichef Alimentos;;;(11) 4425-2732;;;;;Rua Professor Lacínio, 181, Jardim Bom Pastor, Alcinópolis/MS, SP;Rua Professor Lacínio;181;;Jardim Bom Pastor;Alcinópolis/MS;SP;;;;;01/09/2015 22:16:27;
923;27392654;LBGS - HOSP ALBERT SABIN;;;(11) 4428-1490;;;;;Rua AURÉLIA Nº 101    , SANTA PAULA - SÃO CAETANO DO SUL;Rua AURÉLIA Nº 101    , SANTA PAULA - SÃO CAETANO DO SUL;;;;;;;;;;07/01/2022 19:03:03;NULL
924;27392469;AGRODANIELI - IBIACA  - RS;;;(54) 9684-5068;;;;;A (Área) VL ROSSI RS 467 Nº S/N    , INTERIOR - IBIAÇÁ;A (Área) VL ROSSI RS 467 Nº S/N    , INTERIOR - IBIAÇÁ;;;;;;;;;;07/01/2022 19:02:33;NULL
925;27392566;FLAVIA MALIA FOGAZZARIA;;;(11) 97063-4572;;;;;Rua BASILÉIA Nº 385    , PARQUE NOVO ORATÓRIO - SANTO ANDRÉ;Rua BASILÉIA Nº 385    , PARQUE NOVO ORATÓRIO - SANTO ANDRÉ;;;;;;;;;;07/01/2022 19:02:56;NULL
926;27392501;CAMILA - PRONUTRI;;;(11) 99100-0403;;;;;Rua PADRE MANOEL DA NÓBREGA Nº 354    , BANDEIRAS - OSASCO;Rua PADRE MANOEL DA NÓBREGA Nº 354    , BANDEIRAS - OSASCO;;;;;;;;;;07/01/2022 19:02:35;NULL
927;27392728;A.R.W - OGGI RESTAURANTE;;;(11) 5054-6230;;;;;Rua OSWALDO CASIMIRO MULLER Nº 76     , CIDADE MONÇÕES - SÃO PAULO;Rua OSWALDO CASIMIRO MULLER Nº 76     , CIDADE MONÇÕES - SÃO PAULO;;;;;;;;;;07/01/2022 19:03:09;NULL
928;27392698;SUCOS - OAKBERRY BELO HORIZONTE;;;(31) 98837-7681;;;;;Est DOS BANDEIRANTES Nº 1653   , ANCHIETA - BELO HORIZONTE;Est DOS BANDEIRANTES Nº 1653   , ANCHIETA - BELO HORIZONTE;;;;;;;;;;07/01/2022 19:03:06;NULL
929;2848204;Rede jin jin work;;;;;;;;;;;;;;;;;;;08/09/2015 21:18:43;
930;27392697;S&P - OAKBERRY PARAISO;;;(11) 94960-2417;;;;;Rua DESEMBARGADOR ELISEU GUILHERME Nº 235    , PARAISO - SÃO PAULO;Rua DESEMBARGADOR ELISEU GUILHERME Nº 235    , PARAISO - SÃO PAULO;;;;;;;;;;07/01/2022 19:03:06;NULL
931;27392584;EMPORIUM SAO PAULO - IRAI;;;(11) 5534-4600;;;;;Avenida IRAÍ Nº 675    , INDIANÓPOLIS - SÃO PAULO;Avenida IRAÍ Nº 675    , INDIANÓPOLIS - SÃO PAULO;;;;;;;;;;07/01/2022 19:02:57;NULL
932;3624504;Salute São Carlos;;;(16) 3366-1464;;;;;Rua Aldo Germano Klein, 172, CEAT, Ipuaçu/SC, SP, 13573470;Rua Aldo Germano Klein;172;;CEAT;Ipuaçu/SC;SP;13573470;;;;07/01/2016 13:51:15;
933;3327322;São João Alimentos;;;(14) 3332-1329;;;;;Estrada Salto Bonito, Km 1, Bairro da Estação, Águas Frias/SC, SP;Estrada Salto Bonito;;Km 1;Bairro da Estação;Águas Frias/SC;SP;;;;;09/11/2015 20:59:35;Patéko
934;3298521;Nexx Móteis;;;(11) 99552-2710;;;;;Ricardo Jaffet;Ricardo Jaffet;;;;;;;;;;05/11/2015 02:14:19;
935;2811866;Batavo;;;(43) 3231-8702;;;;;Nova Olinda/CE, PR;;;;;Nova Olinda/CE;PR;;;;;01/09/2015 17:02:26;Rubens compras. Terceirizado
936;27392629;L.C.MARTINS EIRELI;;;(16) 3301-4433;;;;;Avenida PADRE JOSÉ DE ANCHIETA Nº 176    , VILA FURLAN - ARARAQUARA;Avenida PADRE JOSÉ DE ANCHIETA Nº 176    , VILA FURLAN - ARARAQUARA;;;;;;;;;;07/01/2022 19:03:01;NULL
937;27392742;PGR COPLAC ITU;;;;;;;;Rua DOUTOR CARLOS Nº 111    , RANCHO GRANDE - ITU;Rua DOUTOR CARLOS Nº 111    , RANCHO GRANDE - ITU;;;;;;;;;;07/01/2022 19:03:10;NULL
938;2779990;Folha de Uva Restaurante ;;;(11) 3135-4080;;;;;Avenida Kennedy, 700, Golden Square Shopping, Itinga/MG, SP;Avenida Kennedy;700;Golden Square Shopping;;Itinga/MG;SP;;;;;25/08/2015 23:44:31;
939;27392559;DONNERSTAG FAB. E COM.DE CERVEJAS LTDA;;;(19) 98154-3231;;;;;Rod ENGENHEIRO ERMINIO DE OLIVEIRA PENTEADO  Nº KM 57  NORTE KM 57                   , TOMBADOURO  - INDAIATUBA;Rod ENGENHEIRO ERMINIO DE OLIVEIRA PENTEADO  Nº KM 57  NORTE KM 57                   , TOMBADOURO  - INDAIATUBA;;;;;;;;;;07/01/2022 19:02:40;NULL
940;27392760;PGR  - WS WAGNER;;;(11) 4577-0399;;;;;Avenida FÁBIO EDUARDO RAMOS ESQUIVEL Nº 2737   , CANHEMA - DIADEMA;Avenida FÁBIO EDUARDO RAMOS ESQUIVEL Nº 2737   , CANHEMA - DIADEMA;;;;;;;;;;07/01/2022 19:03:11;NULL
941;27392753;PRONUTRI - MAPLE BEAR;;;(11) 2985-7802;;;;;Rua PADRE DOMINGOS GIOVANINI Nº 333    , PARQUE TAQUARAL - CAMPINAS;Rua PADRE DOMINGOS GIOVANINI Nº 333    , PARQUE TAQUARAL - CAMPINAS;;;;;;;;;;07/01/2022 19:03:11;NULL
942;27392551;DON MARCHE - FUNDACAO CASA;;;(11) 4577-0399;;;;;Rod RAPOSO TAVARES Nº KM     FUNDACAO CASA                 , JARDIM BOA VISTA (ZONA OESTE) - SÃO PAULO;Rod RAPOSO TAVARES Nº KM     FUNDACAO CASA                 , JARDIM BOA VISTA (ZONA OESTE) - SÃO PAULO;;;;;;;;;;07/01/2022 19:02:39;NULL
943;27392786;PGR - FITESA JACAREI;;;(11) 2985-7802;;;;;Avenida PRESIDENTE HUMBERTO DE ALENCAR CASTELO BRANCO Nº 2735   , CONJUNTO HABITACIONAL MARINHO - JACAREÍ;Avenida PRESIDENTE HUMBERTO DE ALENCAR CASTELO BRANCO Nº 2735   , CONJUNTO HABITACIONAL MARINHO - JACAREÍ;;;;;;;;;;07/01/2022 19:03:13;NULL
944;3298531;Brasil Kirin;;;;;;;;;;;;;;;;;;;05/11/2015 02:30:42;
945;27392599;VARANDA VILA OLIMPIA;;;(11) 99243-3346;;;;;Rua OLIMPÍADAS Nº 360    , VILA OLIMPIA - SÃO PAULO;Rua OLIMPÍADAS Nº 360    , VILA OLIMPIA - SÃO PAULO;;;;;;;;;;07/01/2022 19:02:58;NULL
946;27392544;DIA MINAS GERAIS;;;(11) 3886-8610;;;;;Avenida PAPA JOÃO XXIII 2732 Nº 3059   , VILA NOEMIA - MAUÁ;Avenida PAPA JOÃO XXIII 2732 Nº 3059   , VILA NOEMIA - MAUÁ;;;;;;;;;;07/01/2022 19:02:38;NULL
947;3094071;Freskito;;52547072000157;;;;;;Rua Tenente Onofre Rodrigues de Aguiar, 901, Vila Industrial, Aimorés/MG, SP;Rua Tenente Onofre Rodrigues de Aguiar;901;;Vila Industrial;Aimorés/MG;SP;;;;;07/10/2015 22:30:07;
948;27392585;EMPORIUM SAO PAULO - COTOVIA;;;(11) 5538-4600;;;;;Avenida COTOVIA Nº 159    , V UBERABIN - SÃO PAULO;Avenida COTOVIA Nº 159    , V UBERABIN - SÃO PAULO;;;;;;;;;;07/01/2022 19:02:57;NULL
949;3957902;A melhor alimentação Franco Da Rocha;;;(11) 4811-3710;;;;;Rua Nelson Rodrigues, UPA praça da saúde, Vale de São Domingos/MT, SP;Rua Nelson Rodrigues;;UPA praça da saúde;;Vale de São Domingos/MT;SP;;;;;17/02/2016 17:54:34;
950;27392543;DIA MAUA;;;(11) 3886-8610;;;;;Av PAPA JOÃO XXIII Nº 3147   , LOTEAMENTO INDUSTRIAL CORAL - MAUÁ;Av PAPA JOÃO XXIII Nº 3147   , LOTEAMENTO INDUSTRIAL CORAL - MAUÁ;;;;;;;;;;07/01/2022 19:02:38;NULL
951;2893039;Veran Supermercados (Mogi das Cruzes);;;(11) 4741-4147;;;;;Rua Julio Aragão , 246, Brás Cubas, Aimorés/MG, SP;Rua Julio Aragão ;246;;Brás Cubas;Aimorés/MG;SP;;;;;15/09/2015 19:29:05;Ramal 2340
952;27392523;CONDOMINIO SANTO ANTONIO;;;(11) 94198-9494;;;;;Rua BENJAMIM EGAS Nº 44      66 CJ 01                     , PINHEIROS - SÃO PAULO;Rua BENJAMIM EGAS Nº 44      66 CJ 01                     , PINHEIROS - SÃO PAULO;;;;;;;;;;07/01/2022 19:02:37;NULL
953;27392557;DON MARCHE - APMBB CTA;;;(11) 3744-7209;;;;;Avenida ÁGUA FRIA Nº 1923   , TUCURUVI - SÃO PAULO;Avenida ÁGUA FRIA Nº 1923   , TUCURUVI - SÃO PAULO;;;;;;;;;;07/01/2022 19:02:40;NULL
954;27392806;PGR - COPLAC CURITIBA;;;(11) 2985-7802;;;;;Rua JOÃO LUNARDELLI Nº 1651   , CIDADE INDUSTRIAL - CURITIBA;Rua JOÃO LUNARDELLI Nº 1651   , CIDADE INDUSTRIAL - CURITIBA;;;;;;;;;;07/01/2022 19:03:15;NULL
955;27392789;ECN PRONUTRI - METALUR FILIAL;;;(11) 3195-4249;;;;;Estrada ESTR. DO ZILO Nº 1200   , HONDA - ARAÇARIGUAMA;Estrada ESTR. DO ZILO Nº 1200   , HONDA - ARAÇARIGUAMA;;;;;;;;;;07/01/2022 19:03:14;NULL
956;27392716;PAULA SILVA BANUS MIAGUTI;;;(11) 99766-0677;;;;;Rua GENERAL OSÓRIO Nº 106    apto 132                      , VILA GILDA - SANTO ANDRÉ;Rua GENERAL OSÓRIO Nº 106    apto 132                      , VILA GILDA - SANTO ANDRÉ;;;;;;;;;;07/01/2022 19:03:08;NULL
957;2811865;Zaeli Alimentos;;;;;;;;Carvalhos/MG, PR;;;;;Carvalhos/MG;PR;;;;;01/09/2015 17:02:26;Levamos produto para teste em 20.08
958;27392562;EXKALLA;;;(11) 9827-4442;;;;;Rua ADOLFO BASTOS Nº 116    , VILA BASTOS - SANTO ANDRÉ;Rua ADOLFO BASTOS Nº 116    , VILA BASTOS - SANTO ANDRÉ;;;;;;;;;;07/01/2022 19:02:54;NULL
959;27392528;CORTES - CSLE - OUTRO LOCAL DE ENTREGA;;;(21) 3576-9697;;;;;Avenida AYRTON SENNA 2150 Nº 2150   LOJA A1 E L                   , BARRA DA TIJUCA - RIO DE JANEIRO;Avenida AYRTON SENNA 2150 Nº 2150   LOJA A1 E L                   , BARRA DA TIJUCA - RIO DE JANEIRO;;;;;;;;;;07/01/2022 19:02:37;NULL
960;3343986;Incor Rio Preto;;;(17) 2139-8300;;;;http://www.incorriopreto.com.br/;Avenida José Munia, 7301, Jardim Vivendas, Nova Brasilândia/MT, SP;Avenida José Munia;7301;;Jardim Vivendas;Nova Brasilândia/MT;SP;;;;;12/11/2015 19:42:37;
961;3398519;Val alimentos;;;(16) 3287-9000;;;;;;;;;;;;;;;;20/11/2015 22:37:26;
962;27392582;MOTO REMAZA - BUTANTA;;;(11) 3733-8881;;;;;Rua ARI APS Nº 80     , JARDIM BONFIGLIOLI - SÃO PAULO;Rua ARI APS Nº 80     , JARDIM BONFIGLIOLI - SÃO PAULO;;;;;;;;;;07/01/2022 19:02:57;NULL
963;27392653;LBGS - CLINICA BOTUCATU;;;(11) 4428-1490;;;;;Rua ARAÇATUBA Nº 416    , SANTA MARIA - SANTO ANDRÉ;Rua ARAÇATUBA Nº 416    , SANTA MARIA - SANTO ANDRÉ;;;;;;;;;;07/01/2022 19:03:03;NULL
964;3348876;Santa Casa de Misericórdia de Santa Adélia;;;(17) 3571-1116;;;;;Avenida Duque de Caxias, 168, Centro, Nova Brasilândia/MT, SP;Avenida Duque de Caxias;168;;Centro;Nova Brasilândia/MT;SP;;;;;13/11/2015 19:05:27;
965;27392726;PGR - SUCORRICO;;;(11) 3195-4249;;;;;Rodovia ANHANGUERA KM 176,6 Nº KM 176 , < SEM  BAIRRO >      - ARARAS;Rodovia ANHANGUERA KM 176,6 Nº KM 176 , < SEM  BAIRRO >      - ARARAS;;;;;;;;;;07/01/2022 19:03:09;NULL
966;2767428;Intermezzo;;;(11) 2692-4545;(11) 9987-98318;adriano.oliveira@intermezzogourmet.com.br;;;SP;;;;;;SP;;;;;24/08/2015 19:06:22;
967;27392686;OAK ACAI CONTINENTAL LTDA;;;(11) 99100-9455;;;;;Avenida LEÃO MACHADO, 100 Nº 100    , PARQUE CONTINENTAL - SÃO PAULO;Avenida LEÃO MACHADO, 100 Nº 100    , PARQUE CONTINENTAL - SÃO PAULO;;;;;;;;;;07/01/2022 19:03:05;NULL
968;3021829;Hotel Savana;;11069420000140;(17) 3281-6120;;recepcao@hotelsavana.com.br;;;David de Oliveira, 337, Centro, Nova Maringá/MT, SP;David de Oliveira;337;;Centro;Nova Maringá/MT;SP;;;;;29/09/2015 00:15:45;
969;27392623;JL BUDOIA;;;(11) 2211-0070;;;;;R (Rua) IGARATINGA Nº 188    DISTRITO DA AGUA RASA         , VILA SANTA CLARA - SÃO PAULO;R (Rua) IGARATINGA Nº 188    DISTRITO DA AGUA RASA         , VILA SANTA CLARA - SÃO PAULO;;;;;;;;;;07/01/2022 19:03:00;NULL
970;27392734;PGR - OGGI SORVETES;;;(11) 97457-3606;;;;;Rua MAKITA BRASIL Nº 201    , COOPERATIVA - SÃO BERNARDO DO CAMPO;Rua MAKITA BRASIL Nº 201    , COOPERATIVA - SÃO BERNARDO DO CAMPO;;;;;;;;;;07/01/2022 19:03:09;NULL
971;27392672;MERCADOMINIO;;;(11) 96707-3630;;;;;Avenida GIOVANNI GRONCHI Nº 6829   , VILA ANDRADE - SÃO PAULO;Avenida GIOVANNI GRONCHI Nº 6829   , VILA ANDRADE - SÃO PAULO;;;;;;;;;;07/01/2022 19:03:04;NULL
972;2779737;Jin Jin Sushi;;;(11) 3135-4005;;;;;Avenida Kennedy, 700, Golden Square Shopping, Jardim do Mar, Itinga/MG, SP;Avenida Kennedy;700;Golden Square Shopping;Jardim do Mar;Itinga/MG;SP;;;;;25/08/2015 23:26:54;
973;27392656;LBGS - HOSPITAL LEONOR DE BARROS - USAR;;;(11) 4428-1490;;;;;Avenida CELSO GARCIA Nº 2477   , BRÁS - SÃO PAULO;Avenida CELSO GARCIA Nº 2477   , BRÁS - SÃO PAULO;;;;;;;;;;07/01/2022 19:03:03;NULL
974;27392478;GRATIN - ALL MAUA;;;(11) 4543-2273;;;;;Avenida ANTÔNIA ROSA FIORAVANTI Nº 3270   , JARDIM ROSINA - MAUÁ;Avenida ANTÔNIA ROSA FIORAVANTI Nº 3270   , JARDIM ROSINA - MAUÁ;;;;;;;;;;07/01/2022 19:02:34;NULL
975;27392586;EMPORIUM SAO PAULO AFONSO BRAZ;;;(11) 3848-3700;;;;;Rua AFONSO BRAZ Nº 431    , VILA NOVA CONCEIÇÃO - SÃO PAULO;Rua AFONSO BRAZ Nº 431    , VILA NOVA CONCEIÇÃO - SÃO PAULO;;;;;;;;;;07/01/2022 19:02:57;NULL
976;27392662;LIRIUM INDUSTRIA E COMERCIO LTDA;;;(11) 4544-1024;;;;;Av GUARACIABA Nº 268    , VILA CARLINA - MAUÁ;Av GUARACIABA Nº 268    , VILA CARLINA - MAUÁ;;;;;;;;;;07/01/2022 19:03:03;NULL
977;2891616;Ofner;;;(11) 5693-8600;;;;;Rua Olívia Guedes Penteado, 375, Socorro, Álvares Florence/SP, SP;Rua Olívia Guedes Penteado;375;;Socorro;Álvares Florence/SP;SP;;;;;15/09/2015 16:41:14;
978;2767091;Agua Poá;;;;(11) 9721-20213;;;;SP;;;;;;SP;;;;;24/08/2015 18:24:36;
979;27392678;MVGB REFEIÇOES;;;(19) 3802-9800;;;;;Rodovia ENGENHEIRO CÂNDIDO DO REGO CHAVES Nº S/N    , JUNDIAPEBA - MOGI DAS CRUZES;Rodovia ENGENHEIRO CÂNDIDO DO REGO CHAVES Nº S/N    , JUNDIAPEBA - MOGI DAS CRUZES;;;;;;;;;;07/01/2022 19:03:05;NULL
980;27392525;CONDOMINIO SHOPPING CENTER PLAZA SUL;;;;;;;;Praça LEONOR KAUPA Nº 100    , BOSQUE DA SAÚDE - SÃO PAULO;Praça LEONOR KAUPA Nº 100    , BOSQUE DA SAÚDE - SÃO PAULO;;;;;;;;;;07/01/2022 19:02:37;NULL
981;27392616;INSTITUIÇÃO CAMINHO ANANIAS;;;(11) 4991-7543;;;;;Rua ANDORINHA Nº 09     , SANTA MARIA - SANTO ANDRÉ;Rua ANDORINHA Nº 09     , SANTA MARIA - SANTO ANDRÉ;;;;;;;;;;07/01/2022 19:03:00;NULL
982;27392788;PRONUTRI - GOL;;;(11) 4577-0399;;;;;Praça COMANDANTE LINNEU GOMES S/N Nº 0      PORTARIA 2                    , CAMPO BELO - SÃO PAULO;Praça COMANDANTE LINNEU GOMES S/N Nº 0      PORTARIA 2                    , CAMPO BELO - SÃO PAULO;;;;;;;;;;07/01/2022 19:03:14;NULL
983;2994191;Agerip;;47525340000108;(17) 3202-2339;;;;www.agerip.com.br;Rodovia Assis Chateaubriand - Km 178, Entre Rio Preto e Guapiaçú, Fazenda Monte Alto (Zona Rural), Nova Brasilândia/MT, SP, 15064000;Rodovia Assis Chateaubriand - Km 178;;Entre Rio Preto e Guapiaçú;Fazenda Monte Alto (Zona Rural);Nova Brasilândia/MT;SP;15064000;;;;24/09/2015 04:27:57;
984;27392804;PRONUTRI - TAM;;;(11) 96510-8266;;;;;Rua MONSENHOR ANTÔNIO PEPE, 94 Nº 94     , JARDIM AEROPORTO - SÃO PAULO;Rua MONSENHOR ANTÔNIO PEPE, 94 Nº 94     , JARDIM AEROPORTO - SÃO PAULO;;;;;;;;;;07/01/2022 19:03:15;NULL
985;27392620;IRH SERVICOS;;;(11) 98208-6037;;;;;Avenida ARTUR DE QUEIRÓS Nº 73     , CASA BRANCA - SANTO ANDRÉ;Avenida ARTUR DE QUEIRÓS Nº 73     , CASA BRANCA - SANTO ANDRÉ;;;;;;;;;;07/01/2022 19:03:00;NULL
986;27392790;PGR - AL PUXADORES;;;(11) 2985-7802;;;;;Rua JURACI ALETTO Nº 244    8 SUL                         , SERTAOZINHO - MAUÁ;Rua JURACI ALETTO Nº 244    8 SUL                         , SERTAOZINHO - MAUÁ;;;;;;;;;;07/01/2022 19:03:14;NULL
987;27392791;PRONUTRI - TECTEXTIL FILIAL;;;(11) 2985-7802;;;;;Avenida PROFESSOR BENEDITO DE ANDRADE Nº 350    , UNILESTE - PIRACICABA;Avenida PROFESSOR BENEDITO DE ANDRADE Nº 350    , UNILESTE - PIRACICABA;;;;;;;;;;07/01/2022 19:03:14;NULL
988;27392639;LBGS - NIPEL 2;;;(11) 4428-1490;;;;;Rua DOUTOR ULISSES GUIMARÃES Nº 505/51 , VILA ASSIS BRASIL - MAUÁ;Rua DOUTOR ULISSES GUIMARÃES Nº 505/51 , VILA ASSIS BRASIL - MAUÁ;;;;;;;;;;07/01/2022 19:03:02;NULL
989;3325387;Cucinare;;;;;;;;Avenida Antônio Munhoz Bonilha, 261, Vila Palmeiras, Álvares Florence/SP, SP;Avenida Antônio Munhoz Bonilha;261;;Vila Palmeiras;Álvares Florence/SP;SP;;;;;09/11/2015 20:42:29;
990;27392681;NOVILHO - NPI LEO;;;(11) 5061-5260;;;;;Rua ARCIPRESTE EZEQUIAS Nº 826    , VILA SÃO JOSÉ (IPIRANGA) - SÃO PAULO;Rua ARCIPRESTE EZEQUIAS Nº 826    , VILA SÃO JOSÉ (IPIRANGA) - SÃO PAULO;;;;;;;;;;07/01/2022 19:03:05;NULL
991;27392661;LEVTRONICS;;;;;;;;Est DOS BANDEIRANTES Nº 686    , VILA BOCAINA - MAUÁ;Est DOS BANDEIRANTES Nº 686    , VILA BOCAINA - MAUÁ;;;;;;;;;;07/01/2022 19:03:03;NULL
992;27392621;IZZI MOTEL;;;(11) 3616-0066;;;;;Avenida ERMANO MARCHETTI Nº 1439   , ÁGUA BRANCA - SÃO PAULO;Avenida ERMANO MARCHETTI Nº 1439   , ÁGUA BRANCA - SÃO PAULO;;;;;;;;;;07/01/2022 19:03:00;NULL
993;27392701;THC  - OAKBERRY TEODORO SAMPAIO;;;(11) 95770-7030;;;;;Rua TEODORO SAMPAIO Nº 1027   , PINHEIROS - SÃO PAULO;Rua TEODORO SAMPAIO Nº 1027   , PINHEIROS - SÃO PAULO;;;;;;;;;;07/01/2022 19:03:07;NULL
994;2814896;Cozin;;;(11) 4221-1943;;;;;Rua Peri, 59, Cerro Negro/SC, SP;Rua Peri;59;;;Cerro Negro/SC;SP;;;;;01/09/2015 21:40:46;Cozinha Industrial
995;27392632;LBGS - EMILIO RIBAS;;;(11) 4428-1490;;;;;Avenida DOUTOR ARNALDO 165 Nº 165    , PACAEMBU - SÃO PAULO;Avenida DOUTOR ARNALDO 165 Nº 165    , PACAEMBU - SÃO PAULO;;;;;;;;;;07/01/2022 19:03:01;NULL
996;27392580;A2A - SKY ASIA SBC;;;(11) 94017-4213;;;;;Av ROTARY Nº 624    , CENTRO - SÃO BERNARDO DO CAMPO;Av ROTARY Nº 624    , CENTRO - SÃO BERNARDO DO CAMPO;;;;;;;;;;07/01/2022 19:02:57;NULL
997;27392496;BOLOGNANI - HORTIFRUT FIGUEIRAS;;;(11) 4421-3229;;;;;Alameda CAMPESTRE Nº 623    , CAMPESTRE - SANTO ANDRÉ;Alameda CAMPESTRE Nº 623    , CAMPESTRE - SANTO ANDRÉ;;;;;;;;;;07/01/2022 19:02:35;NULL
998;27392477;MJA FOOD - ALL PARMEGIANA;;;(11) 4577-0399;;;;;Rua DOMINGOS AGOSTIM Nº 91     , CIDADE MÃE DO CÉU - SÃO PAULO;Rua DOMINGOS AGOSTIM Nº 91     , CIDADE MÃE DO CÉU - SÃO PAULO;;;;;;;;;;07/01/2022 19:02:33;NULL
999;27392761;PGR - CROWN;;;(11) 4577-2038;;;;;Rod DOM GABRIEL PAULINO BUENO COUTO Nº S/N    KM 80                         , JACARE - CABREÚVA;Rod DOM GABRIEL PAULINO BUENO COUTO Nº S/N    KM 80                         , JACARE - CABREÚVA;;;;;;;;;;07/01/2022 19:03:11;NULL
1000;2761716;Selmi;;;(19) 3873-8400;;;;;;;;;;;;;;;;21/08/2015 21:34:58;
1001;27392815;PGR - GE SOROCABA;;;(11) 2894-3933;;;;;Av PARANÁ Nº 4900   , CAJURU - SOROCABA;Av PARANÁ Nº 4900   , CAJURU - SOROCABA;;;;;;;;;;07/01/2022 19:03:16;NULL
1002;27392945;SABOR GOURMET - CD - DOMINGOS CAPELLATO;;;(19) 3829-8000;;;;;Rua DOMINGOS CAPELLATO Nº 91     sala 20                       , VILA PAGANO - VALINHOS;Rua DOMINGOS CAPELLATO Nº 91     sala 20                       , VILA PAGANO - VALINHOS;;;;;;;;;;07/01/2022 19:03:26;NULL
1003;27392942;SABOR GOURMET - COZINHA  NOVO CNPJ;;;(19) 3829-8000;;;;;Av DOUTOR JOSE PAGANO BRUNDO Nº 65     , VILA PAGANO - VALINHOS;Av DOUTOR JOSE PAGANO BRUNDO Nº 65     , VILA PAGANO - VALINHOS;;;;;;;;;;07/01/2022 19:03:25;NULL
1004;27392849;RENOVA;;;(11) 3784-2798;;;;;Rua ARTURO TOSCANINI Nº 37     , PARQUE IPÊ - SÃO PAULO;Rua ARTURO TOSCANINI Nº 37     , PARQUE IPÊ - SÃO PAULO;;;;;;;;;;07/01/2022 19:03:19;NULL
1005;27402398;F L Pedreira - Oakberry Raposo Shopping;F L Pedreira Comercio E Serviços;30224183000270;(1) 12096-8898;;;;;Raposo Tavares, 3779, Jardim Arpoador, 05577300;Raposo Tavares;3779;;Jardim Arpoador;;;05577300;;;;10/01/2022 22:32:18;NULL
1006;27402272;Renan Ruiz Piovezan;Renan Ruiz Piovezan;39114189810;;;;;;Santa Cruz, 1531, Vila Mariana, 04121001;Santa Cruz;1531;;Vila Mariana;;;04121001;;;;10/01/2022 22:32:07;NULL
1007;27402238;Da Natu Ind.De Sucos;Da Natu Alim.Ind.E Com De Sucos Ltda;25109995000154;(2) 19919-6179;;;;;Jataituba, 220, Jardim Das Acácias, 04704090;Jataituba;220;;Jardim Das Acácias;;;04704090;;;;10/01/2022 22:32:04;NULL
1008;27402400;Janaina Goncalves Do Nascimento;Janaina Goncalves Do Nascimento;36185233000153;;;;;;Das Margaridas, 155, Parque Assunção, 06753360;Das Margaridas;155;;Parque Assunção;;;06753360;;;;10/01/2022 22:32:18;NULL
1009;27402451;Suppera;Suppera Consultoria E Distribuição;10401713000110;;;;;;Gisele Constantino, 1850, Parque Bela Vista, 18110650;Gisele Constantino;1850;;Parque Bela Vista;;;18110650;;;;10/01/2022 22:32:24;NULL
1010;27392948;SALPICANTE COM.DE ALIMENTOS;;;(11) 94496-5543;;;;;Rua BANDEIRA PAULISTA Nº 807    RUA                           , ITAIM BIBI - SÃO PAULO;Rua BANDEIRA PAULISTA Nº 807    RUA                           , ITAIM BIBI - SÃO PAULO;;;;;;;;;;07/01/2022 19:03:26;NULL
1011;27402237;Rascal Alameda Santos;Rilston Restaurantes Ltda;66546565000187;(1) 13141-0692;;;;;Paulista, 807, Bela Vista, 01311100;Paulista;807;;Bela Vista;;;01311100;;;;10/01/2022 22:32:04;NULL
1012;27402245;Pgr - 7082 Ceramica;Pgr Sao Paulo Refeicoes Eireli;17776957000127;(1) 12894-3933;;;;;Dr. Duprat Figueiredo, 901, Maranquin, 13920000;Dr. Duprat Figueiredo;901;;Maranquin;;;13920000;;;;10/01/2022 22:32:05;NULL
1013;27402296;Efitrans;Efitrans Transportes Ltda;00650831000290;(1) 12954-4487;;;;;Lídice, 22, Parque Novo Mundo, 02174010;Lídice;22;;Parque Novo Mundo;;;02174010;;;;10/01/2022 22:32:09;NULL
1014;27402454;Lirium Industria E Comercio Ltda;Lirium Industria E Comercio Ltda;04376453000178;(1) 14544-1024;;;;;Guaraciaba, 268, Vila Carlina, 09370840;Guaraciaba;268;;Vila Carlina;;;09370840;;;;10/01/2022 22:32:24;NULL
1015;27402251;Risotolandia - Brusque;Risotolandia Ind. E Com. De Al. Ltda;76900463001658;(4) 13641-3189;;;;;Ivo Silveira, 2480, Volta Grande, 88355202;Ivo Silveira;2480;;Volta Grande;;;88355202;;;;10/01/2022 22:32:05;NULL
1016;27402494;Aliansce Sonae - Shopping Sao Gonçalo;Cond. Do Sao Goncalo Shopping Rio;06068650000155;;;;;;Br-101, 100, Boa Vista, 24466310;Br-101;100;;Boa Vista;;;24466310;;;;10/01/2022 22:32:28;NULL
1017;27392975;WALL COMERCIAL ATACADISTA EIRELI;;;(11) 94198-9494;;;;;Avenida SÃO GABRIEL Nº 625    APTO 92                       , ITAIM BIBI - SÃO PAULO;Avenida SÃO GABRIEL Nº 625    APTO 92                       , ITAIM BIBI - SÃO PAULO;;;;;;;;;;07/01/2022 19:03:28;NULL
1018;27402514;Coop Regional - Majestade - Boa Vista;Coop Reg. Sanan. De Carnes E Der. Ltda;95323275001063;(5) 43343-8213;;;;;Estrm Linha Boa Vista, Zona Rural, 99840000;Estrm Linha Boa Vista;;;Zona Rural;;;99840000;;;;10/01/2022 22:32:31;NULL
1019;27392967;UNIMED;;;(11) 98144-2002;;;;;Rua TIRADENTES Nº 245    , VILA ASSUNÇÃO - SANTO ANDRÉ;Rua TIRADENTES Nº 245    , VILA ASSUNÇÃO - SANTO ANDRÉ;;;;;;;;;;07/01/2022 19:03:28;NULL
1020;27402374;Risotolandia - Araucaria;Risotolandia Indust. E Com. De Ali.;76900463000171;;;;;;Luiz Franceschi, 657, Thomaz Coelho, 83707072;Luiz Franceschi;657;;Thomaz Coelho;;;83707072;;;;10/01/2022 22:32:16;NULL
1021;27402513;Pragelato - Oakberry;Pragelato Comercio De Acai Ltda;35901457000151;;;;;;Vieira De Morais, 913, Campo Belo, 04617012;Vieira De Morais;913;;Campo Belo;;;04617012;;;;10/01/2022 22:32:31;NULL
1022;27402389;Planta Baixa Engenharia;Planta Baixa Engenharia;31036677000103;;;;;;Das Palmeiras, 680, Jardim, 09080160;Das Palmeiras;680;;Jardim;;;09080160;;;;10/01/2022 22:32:18;NULL
1023;27402508;Manda La;Manda La Transportes De Cargas Ltda;03298420000356;(1) 12413-4577;;;;;Mônica Aparecida Moredo, 350, Jardim Fátima, 07177220;Mônica Aparecida Moredo;350;;Jardim Fátima;;;07177220;;;;10/01/2022 22:32:30;NULL
1024;27392913;RISOTOLANDIA - USINA SANTA FE;;;(16) 3387-9900;;;;;Est DA ANTIGA FAZENDA ITAQUERE Nº SN     , ZONA RURAL - NOVA EUROPA;Est DA ANTIGA FAZENDA ITAQUERE Nº SN     , ZONA RURAL - NOVA EUROPA;;;;;;;;;;07/01/2022 19:03:24;NULL
1025;27402234;Risotolandia - Amcor;Risotolandia Serv. De Alim. Ltda;04908058005077;;;;;;João Ramalho, 964, Vila Noemia, 09371902;João Ramalho;964;;Vila Noemia;;;09371902;;;;10/01/2022 22:32:04;NULL
1026;27402474;Apm Da Ee Jose De San Martin;Associacao De Pais E Mestres Da E E J S;05553403000181;;;;;;Delta, 79, Jardim Nair, 08071060;Delta;79;;Jardim Nair;;;08071060;;;;10/01/2022 22:32:27;NULL
1027;27402485;Ceasaq - Risotolandia Eloisa;Ceasaq Central De A. Sta. Quiteria Ltda;09084226000192;(4) 13641-3189;;;;;Professor Fábio De Souza, 1240, Santa Quitéria, 80310230;Professor Fábio De Souza;1240;;Santa Quitéria;;;80310230;;;;10/01/2022 22:32:28;NULL
1028;27402520;Leandro Ribeiro;Leandro Ribeiro;01144377005;(1) 55499-6422;;;;;Jose Salvador, 3950, Centro, 99840000;Jose Salvador;3950;;Centro;;;99840000;;;;10/01/2022 22:32:32;NULL
1029;27392878;RISOTOLANDIA - GELOPAR;;;(41) 3641-3189;;;;;Rua DOUTOR ELI VOLPATO Nº 250    , CHAPADA - CURITIBA;Rua DOUTOR ELI VOLPATO Nº 250    , CHAPADA - CURITIBA;;;;;;;;;;07/01/2022 19:03:21;NULL
1030;27392953;SISTEMA EDUCACIONAL;;;(11) 98579-8559;;;;;Rua NOSSA SENHORA DO BOM CONSELHO Nº 351    , CHÁCARA NOSSA SENHORA DO BOM CONSELHO - SÃO PAULO;Rua NOSSA SENHORA DO BOM CONSELHO Nº 351    , CHÁCARA NOSSA SENHORA DO BOM CONSELHO - SÃO PAULO;;;;;;;;;;07/01/2022 19:03:26;NULL
1031;27402218;Murilo;Murilo Restaurante Ltda Me;02398958000108;(1) 12564-7351;;;;;Antonio Caputo, 258, Rio Grande, 09830285;Antonio Caputo;258;;Rio Grande;;;09830285;;;;10/01/2022 22:32:03;NULL
1032;27392872;RISOTOLANDIA - ANACONDA NAO USAR;;;(41) 3641-3189;;;;;R (Rua) ENGENHEIRO LEAO SOUNIS Nº 320    , JARDIM BOTANICO - CURITIBA;R (Rua) ENGENHEIRO LEAO SOUNIS Nº 320    , JARDIM BOTANICO - CURITIBA;;;;;;;;;;07/01/2022 19:03:21;NULL
1033;27402415;Wall Comercial Atacadista Eireli;Wall Comercial Atacadista Eireli;13403780000162;;;;;;São Gabriel, 625, Itaim Bibi, 01435001;São Gabriel;625;;Itaim Bibi;;;01435001;;;;10/01/2022 22:32:20;NULL
1034;27402380;Varanda Pomar;Dist. De Hortifrutti Pomar Do Q. Ltda;28366347000171;;;;;;Nilza Medeiros Martins, 77, Jardim Colombo, 05628010;Nilza Medeiros Martins;77;;Jardim Colombo;;;05628010;;;;10/01/2022 22:32:17;NULL
1035;27392978;ZUCCO;;;(11) 3883-7406;;;;;R (Rua) HADDOCK LOBO Nº 1416   , CERQUEIRA CESAR - SÃO PAULO;R (Rua) HADDOCK LOBO Nº 1416   , CERQUEIRA CESAR - SÃO PAULO;;;;;;;;;;07/01/2022 19:03:28;NULL
1036;27402431;Donnerstag Fab. E Com.De Cervejas Ltda;Donnerstag Fab. E Com.De Cervejas Ltd;29350945000115;;;;;;Engenheiro Erminio De Oliveira Penteado, Tombadouro, 13330970;Engenheiro Erminio De Oliveira Penteado;;;Tombadouro;;;13330970;;;;10/01/2022 22:32:22;NULL
1037;27392912;RISA ADM. DE RES. A1 ENGENHARIA;;;(41) 3641-3189;;;;;Rua LADISLAU GEMBAROSKI Nº 1001   , THOMAZ COELHO - ARAUCÁRIA;Rua LADISLAU GEMBAROSKI Nº 1001   , THOMAZ COELHO - ARAUCÁRIA;;;;;;;;;;07/01/2022 19:03:23;NULL
1038;27402392;Dms -;Dms Temp. Produtos De Limpeza Ltda;27342219000125;;;;;;Francisco Vergueiro Porto, 257, Parque Doroteia, 04474300;Francisco Vergueiro Porto;257;;Parque Doroteia;;;04474300;;;;10/01/2022 22:32:18;NULL
1039;27392874;RISOTOLANDIA - A 1 NÃO USAR;;;(11) 4577-0399;;;;;Rua LADISLAU GEMBAROSKI Nº 1001   , THOMAZ COELHO - ARAUCÁRIA;Rua LADISLAU GEMBAROSKI Nº 1001   , THOMAZ COELHO - ARAUCÁRIA;;;;;;;;;;07/01/2022 19:03:21;NULL
1040;27392937;RISOTOLANDIA - ANACONDA CURITIBA;;;;;;;;R (Rua) ENGENHEIRO LEAO SOUNIS Nº 320    , JARDIM BOTANICO - CURITIBA;R (Rua) ENGENHEIRO LEAO SOUNIS Nº 320    , JARDIM BOTANICO - CURITIBA;;;;;;;;;;07/01/2022 19:03:25;NULL
1041;27392846;RBE TRANSPORTES;;;(15) 3358-0204;;;;;Rua SALVADOR STEFANELLI Nº 361    , JARDIM ZULMIRA - SOROCABA;Rua SALVADOR STEFANELLI Nº 361    , JARDIM ZULMIRA - SOROCABA;;;;;;;;;;07/01/2022 19:03:18;NULL
1042;27402242;Salpicante Com.De Alimentos;Salpicante Com.De Alimentos Ltda;03935578000128;;;;;;Bandeira Paulista, 807, Itaim Bibi, 04532012;Bandeira Paulista;807;;Itaim Bibi;;;04532012;;;;10/01/2022 22:32:04;NULL
1043;27402394;Sociedade Portuguesa De Benef.De S.Andre;Sociedade Portuguesa De Benef.De S.Andre;57507402000102;(1) 12198-5000;;;;;Portugal, 530, Jardim Bela Vista, 09040000;Portugal;530;;Jardim Bela Vista;;;09040000;;;;10/01/2022 22:32:18;NULL
1044;27392893;RISOTOLANDIA - CAMB;;;(41) 3641-3189;;;;;Rua MAURÍCIO FRANCISCO KLABIN Nº 307    , VILA MARIANA  - SÃO PAULO;Rua MAURÍCIO FRANCISCO KLABIN Nº 307    , VILA MARIANA  - SÃO PAULO;;;;;;;;;;07/01/2022 19:03:22;NULL
1045;27402350;Condominio Civil Center Shop Sao Bernard;Condominio Civil Center Shop Sao Bernard;71538367000101;(1) 13371-4133;;;;;Samuel Sabatini 200, 200, Centro, 09750902;Samuel Sabatini 200;200;;Centro;;;09750902;;;;10/01/2022 22:32:14;NULL
1046;27402301;Osteu 2954.5000;Osteu Transporte Eireli Epp;19872823000135;(1) 12954-5000;;;;;Manuel Antônio Gonçalves, 436, Jardim Guanca, 02152000;Manuel Antônio Gonçalves;436;;Jardim Guanca;;;02152000;;;;10/01/2022 22:32:09;NULL
1047;27392947;SACIA VL PRUDENTE;;;(11) 3384-8390;;;;;Rua PIRES PIMENTEL Nº 305    , PARQUE DA VILA PRUDENTE - SÃO PAULO;Rua PIRES PIMENTEL Nº 305    , PARQUE DA VILA PRUDENTE - SÃO PAULO;;;;;;;;;;07/01/2022 19:03:26;NULL
1048;27402347;Condominio Shopping Center Plaza Sul;Condominio Shopping Center Plaza Sul;00787330000179;;;;;;Leonor Kaupa, 100, Bosque Da Saúde, 04151100;Leonor Kaupa;100;;Bosque Da Saúde;;;04151100;;;;10/01/2022 22:32:13;NULL
1049;27402209;Longevita;Longevita Residence Care Ltda Epp;20497832000172;(1) 14902-2526;;;;;Dos Emboabas, 16, Vila Pires, 09195420;Dos Emboabas;16;;Vila Pires;;;09195420;;;;10/01/2022 22:32:02;NULL
1050;27392883;RISOTOLANDIA - VINHEDO WHITE MARTINS;;;(41) 3641-3189;;;;;Rua IRACEMA LUCAS Nº 255    , DISTRITO INDUSTRIAL BENEDITO STORANI - VINHEDO;Rua IRACEMA LUCAS Nº 255    , DISTRITO INDUSTRIAL BENEDITO STORANI - VINHEDO;;;;;;;;;;07/01/2022 19:03:21;NULL
1051;27402338;Cond De Adminis De Montes Claros Shop Ce;Cond De Adm De Montes Claros Shop Center;02786850000192;(3) 82143-3000;;;;;Donato Quintino, 90, Cidade Nova, 39400546;Donato Quintino;90;;Cidade Nova;;;39400546;;;;10/01/2022 22:32:13;NULL
1052;27402460;Nutr's  - Bom Peixe Cd;Nutr's Refeiçoes Coletivas;06243721000109;(1) 93441-2568;;;;;Sp-308, Dois Córregos, 13423170;Sp-308;;;Dois Córregos;;;13423170;;;;10/01/2022 22:32:25;NULL
1053;27402219;Acj - Allparmegiana;Acj Alimentacao Ltda Me;09383278000160;;;;;;Leao Machado, 100, Jaguare, 05328020;Leao Machado;100;;Jaguare;;;05328020;;;;10/01/2022 22:32:03;NULL
1054;27402516;Pomar Cafeteria Ltda;Pomar Cafeteria Ltda;40039567000196;;;;;;Lorena, 1784, Jardim Paulista, 01424001;Lorena;1784;;Jardim Paulista;;;01424001;;;;10/01/2022 22:32:31;NULL
1055;27402517;Vhp2 - Oakberry;Vhp2 Comercio De Acai Ltda;35152184000190;;;;;;Japão, 980, Jardim Santo Antonio, 09240171;Japão;980;;Jardim Santo Antonio;;;09240171;;;;10/01/2022 22:32:31;NULL
1056;27402401;Bap - Rodoanel;Centro Aut. Bap Rodoanel Ltda;30309392000136;;;;;;Dos Estados, 10300, Capuava, 09380167;Dos Estados;10300;;Capuava;;;09380167;;;;10/01/2022 22:32:19;NULL
1057;27402449;Condominio Santa Monica;Condominio Edificio Santa Monica;66517244000154;;;;;;Benjamim Egas, 44, Pinheiros, 05418030;Benjamim Egas;44;;Pinheiros;;;05418030;;;;10/01/2022 22:32:24;NULL
1058;27392910;RISOTOLANDIA - HOT BOX;;;(11) 1111-1111;;;;;R LUIZ FRANCESCHI Nº 697    COZINHA                       , THOMAZ COELHO - ARAUCÁRIA;R LUIZ FRANCESCHI Nº 697    COZINHA                       , THOMAZ COELHO - ARAUCÁRIA;;;;;;;;;;07/01/2022 19:03:23;NULL
1059;27392957;STR MOTORS - CAMPO LIMPO;;;(11) 3736-8555;;;;;Estrada DO CAMPO LIMPO Nº 5247   , PIRAJUSSARA - SÃO PAULO;Estrada DO CAMPO LIMPO Nº 5247   , PIRAJUSSARA - SÃO PAULO;;;;;;;;;;07/01/2022 19:03:27;NULL
1060;27392911;RISOTOLANDIA - MINORGAN;;;(41) 3641-3189;;;;;Est ESTRADA VITORIA DE SAO PEDRO Nº 685    , MANDAGUARI - MANDAGUARI;Est ESTRADA VITORIA DE SAO PEDRO Nº 685    , MANDAGUARI - MANDAGUARI;;;;;;;;;;07/01/2022 19:03:23;NULL
1061;27402225;Teste Parceiro;Teste Parceiro;45918935000190;(1) 11111-1111;;;;;Ricardo Segger, 1, Vila Sao Francisco, 09041420;Ricardo Segger;1;;Vila Sao Francisco;;;09041420;;;;10/01/2022 22:32:03;NULL
1062;27402281;Patricia Bennheim;Patricia Bennheim;25325633899;;;;;;Engenheiro Jorge Oliva, 491, Vila Mascote, 04362060;Engenheiro Jorge Oliva;491;;Vila Mascote;;;04362060;;;;10/01/2022 22:32:08;NULL
1063;27402452;Hospital Sao Francisco - Mogi Guacu;Hospital Sao Francisco Soc.Ltda;54672449000125;(1) 93851-8000;;;;;Inácio Franco Alves, 561, Parque Cidade Nova, 13845420;Inácio Franco Alves;561;;Parque Cidade Nova;;;13845420;;;;10/01/2022 22:32:24;NULL
1064;27392829;PIU REST. IGUATEMI /SHOP.IGUATEMI-DANIEL;;;(11) 96619-5450;;;;;Avenida BRIGADEIRO FARIA LIMA, 2232 Nº 2232   , JARDIM PAULISTANO - SÃO PAULO;Avenida BRIGADEIRO FARIA LIMA, 2232 Nº 2232   , JARDIM PAULISTANO - SÃO PAULO;;;;;;;;;;07/01/2022 19:03:17;NULL
1065;27402443;Patrick Behar;Patrick Behar;34468141832;;;;;;Benjamim Egas, 66, Pinheiros, 05418030;Benjamim Egas;66;;Pinheiros;;;05418030;;;;10/01/2022 22:32:23;NULL
1066;27392826;RASCAL ALPHAVILLE;;;(11) 4193-8920;;;;;Al RIO NEGRO Nº 111    , ALPHAVILLE INDUSTRIAL - BARUERI;Al RIO NEGRO Nº 111    , ALPHAVILLE INDUSTRIAL - BARUERI;;;;;;;;;;07/01/2022 19:03:16;NULL
1067;27392954;SLR RESTAURANTE - ANTIGO KESS;;;(11) 2475-7513;;;;;Avenida EMÍLIO RIBAS Nº 87     , JARDIM VILA GALVÃO - GUARULHOS;Avenida EMÍLIO RIBAS Nº 87     , JARDIM VILA GALVÃO - GUARULHOS;;;;;;;;;;07/01/2022 19:03:26;NULL
1068;27402205;Giiro - Zucco Jardins;Giiro Restaurante Ltda;22020079000155;(1) 13083-7406;;;;;Haddock Lobo, 1416, Cerqueira Cesar, 01414002;Haddock Lobo;1416;;Cerqueira Cesar;;;01414002;;;;10/01/2022 22:32:01;NULL
1069;27402417;Brasil Protec;Brasil Protec Sol.Emb.Seguranca Ltda;13313356000127;(1) 14200-0980;;;;;Lapa, 358, Chácaras Marco, 06419020;Lapa;358;;Chácaras Marco;;;06419020;;;;10/01/2022 22:32:21;NULL
1070;27402214;Rascal Higienopolis;Ralski Restaurantes Ltda;02967526000170;(1) 13822-0183;;;;;Higienópolis, 646, Higienopolis, 01238000;Higienópolis;646;;Higienopolis;;;01238000;;;;10/01/2022 22:32:02;NULL
1071;27392855;RICARDO BATISTA;;;(11) 4577-0399;;;;;Praça EMBAIXADOR PEDRO DE TOLEDO Nº 87     , CENTRO - SANTO ANDRÉ;Praça EMBAIXADOR PEDRO DE TOLEDO Nº 87     , CENTRO - SANTO ANDRÉ;;;;;;;;;;07/01/2022 19:03:19;NULL
1072;27402305;Levtronics;Levtronics Eletron. E Teleinf. Ltda;10886744000109;;;;;;Dos Bandeirantes, 686, Vila Bocaina, 09310360;Dos Bandeirantes;686;;Vila Bocaina;;;09310360;;;;10/01/2022 22:32:10;NULL
1073;27392968;UNISHOPPING - ALIANCE SONAE;;;(11) 3371-3672;;;;;Avenida DOUTOR CARDOSO DE MELO Nº 1184   , VILA OLIMPIA - SÃO PAULO;Avenida DOUTOR CARDOSO DE MELO Nº 1184   , VILA OLIMPIA - SÃO PAULO;;;;;;;;;;07/01/2022 19:03:28;NULL
1074;27392813;PGR - FORCELINE EXTREMA;;;(11) 97329-3044;;;;;R (Rua) JOSEPHA GOMES DE SOUZA Nº 85     , DOS PIRES - EXTREMA;R (Rua) JOSEPHA GOMES DE SOUZA Nº 85     , DOS PIRES - EXTREMA;;;;;;;;;;07/01/2022 19:03:15;NULL
1075;27402229;A2a Abc;A2a Fast Food Ltda;17097298000364;;;;;;Pereira Barreto, 42, Paraiso, 09190210;Pereira Barreto;42;;Paraiso;;;09190210;;;;10/01/2022 22:32:03;NULL
1076;27392973;VR RESTAURANTE - BOALI;;;(11) 99654-7058;;;;;R (Rua) CONSELHEIRO MOREIRA DE BARROS Nº 2780   , LAUZANE PAULISTA - SÃO PAULO;R (Rua) CONSELHEIRO MOREIRA DE BARROS Nº 2780   , LAUZANE PAULISTA - SÃO PAULO;;;;;;;;;;07/01/2022 19:03:28;NULL
1077;27402256;Cortes Guarulhos - Cgru;Eridanos Restaurantes Ltda;23784454000104;(1) 12445-2675;;;;;Hélio Smidt, Aeroporto, 07190100;Hélio Smidt;;;Aeroporto;;;07190100;;;;10/01/2022 22:32:06;NULL
1078;27402288;Castor Alimentos - Nao Usar;Castor Alimentos Ltda;69314870000131;(1) 13646-0030;;;;;Mutinga, 4925, Jardim Santo Elias, 02675031;Mutinga;4925;;Jardim Santo Elias;;;02675031;;;;10/01/2022 22:32:08;NULL
1079;27392831;HELIX RASCAL - JCSP JOTA HAMBURGUER;;;(11) 97430-7519;;;;;Avenida PAULISTA, 1230 Nº L.S01  SUBSOLO LOJA S01              , BELA VISTA  - SÃO PAULO;Avenida PAULISTA, 1230 Nº L.S01  SUBSOLO LOJA S01              , BELA VISTA  - SÃO PAULO;;;;;;;;;;07/01/2022 19:03:17;NULL
1080;27402478;Ocean - Peixaria;Ocean 6 Pescados Gourmet Ltda;15072559000102;;;;;;Dos Chanes, 256, Indianópolis, 04087031;Dos Chanes;256;;Indianópolis;;;04087031;;;;10/01/2022 22:32:27;NULL
1081;27392822;POMAR CAFETERIA LTDA;;;(11) 98133-8096;;;;;Alameda LORENA Nº 1784   , JARDIM PAULISTA  - SÃO PAULO;Alameda LORENA Nº 1784   , JARDIM PAULISTA  - SÃO PAULO;;;;;;;;;;07/01/2022 19:03:16;NULL
1082;27392897;RISOTOLANDIA - MINAS II;;;(41) 3641-3189;;;;;R (Rua) ORIENTE Nº 827    , SERRA - BELO HORIZONTE;R (Rua) ORIENTE Nº 827    , SERRA - BELO HORIZONTE;;;;;;;;;;07/01/2022 19:03:22;NULL
1083;27402375;Paula Silva Banus Miaguti;Paula Silva Banus Miaguti;06688916886;;;;;;General Osório, 106, Vila Gilda, 09190440;General Osório;106;;Vila Gilda;;;09190440;;;;10/01/2022 22:32:16;NULL
1084;27402399;Emporium;Emporium & Hortifruti Higienopolis Ltda;18686588000144;(1) 14437-3690;;;;;Higienópolis, 177, Vila Gilda, 09190360;Higienópolis;177;;Vila Gilda;;;09190360;;;;10/01/2022 22:32:18;NULL
1085;27402499;Str Motors - Campo Limpo;Str Motors Ltda;01243025000260;(1) 13736-8555;;;;;Do Campo Limpo, 5247, Pirajussara, 05787000;Do Campo Limpo;5247;;Pirajussara;;;05787000;;;;10/01/2022 22:32:29;NULL
1086;27392903;RISOTOLANDIA - RC SHELTER;;;(41) 3641-3018;;;;;Rua ALTO PARANÁ Nº 1453   RC SHELTER                    , EMILIANO PERNETA - PINHAIS;Rua ALTO PARANÁ Nº 1453   RC SHELTER                    , EMILIANO PERNETA - PINHAIS;;;;;;;;;;07/01/2022 19:03:23;NULL
1087;27392972;VIVA PARME - ALLPARMEGIANA;;;(11) 5044-4829;;;;;Av INTERLAGOS Nº 2255   LOJA ARÇO 82                  , JD. UMUARAMA - SÃO PAULO;Av INTERLAGOS Nº 2255   LOJA ARÇO 82                  , JD. UMUARAMA - SÃO PAULO;;;;;;;;;;07/01/2022 19:03:28;NULL
1088;27402322;Mercadinho Do Bebe;Irmaos Redivo Com De Roupas E Alim.Ltda;06304610000165;;;;;;Vieira De Carvalho, 439, Santa Terezinha, 09210630;Vieira De Carvalho;439;;Santa Terezinha;;;09210630;;;;10/01/2022 22:32:12;NULL
1089;27402468;Andre;Andre F.F Miguel;33186989892;;;;;;Itapicuru, 801, Perdizes, 05006000;Itapicuru;801;;Perdizes;;;05006000;;;;10/01/2022 22:32:26;NULL
1090;27402515;Jimmy Berry;Jimmy Berry Com. De Acai Ltda;31976215000176;;;;;;Ibirapuera 3103, 3103, Indianópolis, 04029902;Ibirapuera 3103;3103;;Indianópolis;;;04029902;;;;10/01/2022 22:32:31;NULL
1091;27392832;RASCAL ITAIM;;;(11) 3078-3351;;;;;R (Rua) LEOPOLDO COUTO MAGALHÃES JÚNIOR Nº 831    , ITAIM BIBI - SÃO PAULO;R (Rua) LEOPOLDO COUTO MAGALHÃES JÚNIOR Nº 831    , ITAIM BIBI - SÃO PAULO;;;;;;;;;;07/01/2022 19:03:17;NULL
1092;27402480;Dip Frangos;Dip Frangos S/A;21819182000288;(4) 53321-3058;;;;;Rod. Br 163 - Km 86, Jardim Industrial, 85760000;Rod. Br 163 - Km 86;;;Jardim Industrial;;;85760000;;;;10/01/2022 22:32:27;NULL
1093;27402477;Slr Restaurante - Antigo Kess;S.L Barbosa Neto Restaurante;37954629000180;(1) 12475-7513;;;;;Emílio Ribas, 87, Jardim Vila Galvão, 07051001;Emílio Ribas;87;;Jardim Vila Galvão;;;07051001;;;;10/01/2022 22:32:27;NULL
1094;27402422;Hortifrut Vila;Hortifrut Da Vila Abc Com. De Alim. Ltda;19161757000195;(1) 14468-1439;;;;;Adolfo Bastos, 234, Vila Bastos, 09041000;Adolfo Bastos;234;;Vila Bastos;;;09041000;;;;10/01/2022 22:32:21;NULL
1095;27392821;PLANTA BAIXA ENGENHARIA;;;(11) 97032-2220;;;;;Rua DAS PALMEIRAS Nº 680    torre 2 - cj.34               , JARDIM - SANTO ANDRÉ;Rua DAS PALMEIRAS Nº 680    torre 2 - cj.34               , JARDIM - SANTO ANDRÉ;;;;;;;;;;07/01/2022 19:03:16;NULL
1096;27392852;RESTAURANTE PRIMEIRO MAIO;;;(11) 2896-0098;;;;;Rua PRIMEIRO DE MAIO Nº 167    , CENTRO - SANTO ANDRÉ;Rua PRIMEIRO DE MAIO Nº 167    , CENTRO - SANTO ANDRÉ;;;;;;;;;;07/01/2022 19:03:19;NULL
1097;27392955;SOCIEDADE PORTUGUESA DE BENEF.DE S.ANDRE;;;(11) 2198-5000;;;;;Avenida PORTUGAL Nº 530    , JARDIM BELA VISTA - SANTO ANDRÉ;Avenida PORTUGAL Nº 530    , JARDIM BELA VISTA - SANTO ANDRÉ;;;;;;;;;;07/01/2022 19:03:26;NULL
1098;27402363;Risotolandia - Ribeirao D. Neves- Nao Us;Risotolandia Ind E Com De Alimentos Ltda;76900463002620;(4) 13641-3189;;;;;José Carlos Costa, 688, Liberdade, 33822722;José Carlos Costa;688;;Liberdade;;;33822722;;;;10/01/2022 22:32:15;NULL
1099;27392853;RESTAURANTE TUJU - VILA MADALENA;;;(11) 2691-5342;;;;;Rua FRADIQUE COUTINHO Nº 1248   , PINHEIROS - SÃO PAULO;Rua FRADIQUE COUTINHO Nº 1248   , PINHEIROS - SÃO PAULO;;;;;;;;;;07/01/2022 19:03:19;NULL
1100;27402313;Sushi Nabanna;Sushi Nabanna Eireli;30022342000173;;;;;;Deputado Dario De Barros, 401, Cidade Jardim, 05670090;Deputado Dario De Barros;401;;Cidade Jardim;;;05670090;;;;10/01/2022 22:32:11;NULL
1101;27402306;Mercadominio;Mercadominio Delivery Eireli - Me;28165341000136;;;;;;Giovanni Gronchi, 6829, Vila Andrade, 05724003;Giovanni Gronchi;6829;;Vila Andrade;;;05724003;;;;10/01/2022 22:32:10;NULL
1102;27402349;Sdt 3 Centro Comercial Ltda.;Sdt 3 Centro Comercial Ltda.;02463746000167;(1) 14788-3800;;;;;Régis Bittencourt, Cidade Intercap, 06768200;Régis Bittencourt;;;Cidade Intercap;;;06768200;;;;10/01/2022 22:32:14;NULL
1103;27402259;Rascal Rio Sul - Rsrs - Outro Local De E;Lalston Restaurantes Ltda;08971736000119;(2) 13873-0339;;;;;Ayrton Senna 2150, 2150, Barra Da Tijuca, 22775900;Ayrton Senna 2150;2150;;Barra Da Tijuca;;;22775900;;;;10/01/2022 22:32:06;NULL
1104;27392974;WAGNER;;;;;;;;Avenida BARTOLOMEU DE GUSMÃO Nº 97     , JARDIM SANTA FRANCISCA - GUARULHOS;Avenida BARTOLOMEU DE GUSMÃO Nº 97     , JARDIM SANTA FRANCISCA - GUARULHOS;;;;;;;;;;07/01/2022 19:03:28;NULL
1105;27392963;TO GO PAULISTA - CLUB LIFE PAULISTA;;;(11) 94280-3434;;;;;Alameda SANTOS Nº 1518   LOJAS 71/72                   , CERQUEIRA CESAR - SÃO PAULO;Alameda SANTOS Nº 1518   LOJAS 71/72                   , CERQUEIRA CESAR - SÃO PAULO;;;;;;;;;;07/01/2022 19:03:27;NULL
1106;27402490;Unishopping - Aliance Sonae;Unishopping Consultoria Im. Ltda;03958025000190;(1) 13371-3672;;;;;Doutor Cardoso De Melo, 1184, Vila Olimpia, 04548004;Doutor Cardoso De Melo;1184;;Vila Olimpia;;;04548004;;;;10/01/2022 22:32:28;NULL
1107;27392816;PRONUTRI - FATURAMENTO;;;;;;;;Rua DAVID FABRICIUS Nº 276    , JARDIM GUANABARA - SÃO PAULO;Rua DAVID FABRICIUS Nº 276    , JARDIM GUANABARA - SÃO PAULO;;;;;;;;;;07/01/2022 19:03:16;NULL
1108;27392839;RASCAL ALAMEDA SANTOS;;;(11) 3141-0692;;;;;Av PAULISTA Nº 807    , BELA VISTA  - SÃO PAULO;Av PAULISTA Nº 807    , BELA VISTA  - SÃO PAULO;;;;;;;;;;07/01/2022 19:03:17;NULL
1109;27402262;Speed Work - Rio De Janeiro;Speed Work Transportes Ltda;03757239000280;(1) 12901-7063;;;;;José Bernardo Pinto, 554, Vila Guilherme, 02055001;José Bernardo Pinto;554;;Vila Guilherme;;;02055001;;;;10/01/2022 22:32:06;NULL
1110;27392885;RISOTOLANDIA NILKO;;;(41) 3641-3018;;;;;Avenida MARINGÁ Nº 1900   , EMILIANO PERNETA - PINHAIS;Avenida MARINGÁ Nº 1900   , EMILIANO PERNETA - PINHAIS;;;;;;;;;;07/01/2022 19:03:21;NULL
1111;27402397;Michelle Silva Carvalho De Jesus;Michelle Silva Carvalho De Jesus;42267020858;(1) 14366-9777;;;;;Serra Do Japi, 47, Cooperativa, 09855260;Serra Do Japi;47;;Cooperativa;;;09855260;;;;10/01/2022 22:32:18;NULL
1112;27402403;Toque Final;Toque Final Decoraçoes E Com. Ltda;31899151000157;;;;;;Ângelo Franchini, 165, Parque Jaçatuba, 09290416;Ângelo Franchini;165;;Parque Jaçatuba;;;09290416;;;;10/01/2022 22:32:19;NULL
1113;27402441;Varanda Frutas - Cidade Jardim - Shoping;Varanda Frutas E Mercearia Ltda;62498365000307;;;;;;Magalhães De Castro, 1200, Cidade Jardim, 05676120;Magalhães De Castro;1200;;Cidade Jardim;;;05676120;;;;10/01/2022 22:32:23;NULL
1114;27402379;Integral Nutri - Hospital Interlagos;Integral Nutri Alim. E Serv. Eireli;28070436000176;(1) 14307-9743;;;;;Leonor Alvim, 11, Interlagos, 04802190;Leonor Alvim;11;;Interlagos;;;04802190;;;;10/01/2022 22:32:17;NULL
1115;27402282;Ubiratan Vechiatto Dos Santos;Ubiratan Vechiato Dos Santos;25330007879;;;;;;Matilde Avelino Barroso, 47, Jardim Júlio De Carvalho, 08534440;Matilde Avelino Barroso;47;;Jardim Júlio De Carvalho;;;08534440;;;;10/01/2022 22:32:08;NULL
1116;27402232;Dibon Lins Cambuci;Dibon Supermercado Ltda;14148916000289;(1) 13204-2232;;;;;Lins De Vasconcelos, 733, Cambuci, 01537000;Lins De Vasconcelos;733;;Cambuci;;;01537000;;;;10/01/2022 22:32:04;NULL
1117;27392956;SOLAR;;;(11) 3951-5407;;;;;Avenida ANTÔNIO MUNHOZ BONILHA Nº 545    , VILA PALMEIRAS - SÃO PAULO;Avenida ANTÔNIO MUNHOZ BONILHA Nº 545    , VILA PALMEIRAS - SÃO PAULO;;;;;;;;;;07/01/2022 19:03:27;NULL
1118;27392980;Giiro - Zucco Jardins;;;(11) 3083-7406;;;;;Rua Haddock Lobo, 1416, Cerqueira Cesar, Álvares Florence/SP, SP;Rua Haddock Lobo;1416;;Cerqueira Cesar;Álvares Florence/SP;SP;;;;;07/01/2022 19:03:29;
1119;27402298;Varanda Frutas - Cidade Jardim;Varanda Frutas E Mercearia Ltda;62498365000145;;;;;;Deputado Dario De Barros, 15, Cidade Jardim, 05670090;Deputado Dario De Barros;15;;Cidade Jardim;;;05670090;;;;10/01/2022 22:32:09;NULL
1120;27402502;Metatron Npj 3555.6777;Npj Express Transportes Ltda;06016175000173;(1) 13555-6777;;;;;Do Bosque, 1037, Barra Funda, 01136000;Do Bosque;1037;;Barra Funda;;;01136000;;;;10/01/2022 22:32:30;NULL
1121;27392922;RISOTOLANDIA - NICOLETTI;;;(41) 3641-3189;;;;;Avenida UNITIKA Nº 365    , JARDIM HELENA - AMERICANA;Avenida UNITIKA Nº 365    , JARDIM HELENA - AMERICANA;;;;;;;;;;07/01/2022 19:03:24;NULL
1122;27392944;SABOR GOURMET - CD NOVO CNPJ;;;(19) 3829-8000;;;;;Av DOUTOR JOSE PAGANO BRUNDO Nº 65     , VILA PAGANO - VALINHOS;Av DOUTOR JOSE PAGANO BRUNDO Nº 65     , VILA PAGANO - VALINHOS;;;;;;;;;;07/01/2022 19:03:26;NULL
1123;27392952;SIMONETTO ALIMENTOS LTDA;;;(54) 3344-4300;;;;;R (Rua) AURELIO SOSSELLA Nº 98     , CENTRO - TAPEJARA;R (Rua) AURELIO SOSSELLA Nº 98     , CENTRO - TAPEJARA;;;;;;;;;;07/01/2022 19:03:26;NULL
1124;27402367;Pescados Hermes - Santo Andre;Comercio De Pescados Hermes Ltda Me;13193658000109;(1) 12988-5031;;;;;Das Figueiras, 2231, Campestre, 09080300;Das Figueiras;2231;;Campestre;;;09080300;;;;10/01/2022 22:32:16;NULL
1125;27402414;Pharmacia Silva Bueno;Pharmacia De Manip. Silva Bueno Ltda Epp;48935332000194;(1) 13614-6900;;;;;Silva Bueno, 1488, Ipiranga, 04208001;Silva Bueno;1488;;Ipiranga;;;04208001;;;;10/01/2022 22:32:20;NULL
1126;27402345;Ddrim Itu;Jjm Com. E Serv. De Det. E C. De P.U. Lt;12000028000108;(1) 14024-9495;;;;;Bahia, 202, Brasil, 13301430;Bahia;202;;Brasil;;;13301430;;;;10/01/2022 22:32:13;NULL
1127;27392958;SUPPERA;;;(11) 99623-1528;;;;;Avenida GISELE CONSTANTINO Nº 1850   , PARQUE BELA VISTA - VOTORANTIM;Avenida GISELE CONSTANTINO Nº 1850   , PARQUE BELA VISTA - VOTORANTIM;;;;;;;;;;07/01/2022 19:03:27;NULL
1128;27402378;Cookless;Cookless Alimentação E Serv. Ltda Epp;25532849000137;(1) 14385-6488;;;;;São Paulo, 444, Cidade Intercap, 06757170;São Paulo;444;;Cidade Intercap;;;06757170;;;;10/01/2022 22:32:17;NULL
1129;27392811;PGR  - SINTER;;;(11) 2894-3933;;;;;Av SINTER FUTURA Nº 300    , CHACARA PLANALTO - MONTE MOR;Av SINTER FUTURA Nº 300    , CHACARA PLANALTO - MONTE MOR;;;;;;;;;;07/01/2022 19:03:15;NULL
1130;27402470;Sucos E Lanches - Oakberry Belo Horizont;Sucos E Lanches Oakberry Mg Ltda;29028729000158;;;;;;Dos Bandeirantes, 1653, Anchieta, 30310403;Dos Bandeirantes;1653;;Anchieta;;;30310403;;;;10/01/2022 22:32:26;NULL
1131;27402270;Novilho - Npi Leo;Churrascaria Npi Ltda;96389929000123;(1) 15061-5260;;;;;Arcipreste Ezequias, 826, Vila São José (Ipiranga), 04271060;Arcipreste Ezequias;826;;Vila São José (Ipiranga);;;04271060;;;;10/01/2022 22:32:07;NULL
1132;27392830;PIU REST.HIGIENOPOLIS-RENATO;;;(11) 99904-0680;;;;;Av HIGIENÓPOLIS Nº 646    LOJA ARCO 326 - PAV.HIGIENOPOL, HIGIENOPOLIS - SÃO PAULO;Av HIGIENÓPOLIS Nº 646    LOJA ARCO 326 - PAV.HIGIENOPOL, HIGIENOPOLIS - SÃO PAULO;;;;;;;;;;07/01/2022 19:03:17;NULL
1133;27402476;Daitan - Pompeia;Daitan Com.De Veiculos Ltda;67375899000874;(1) 12102-0999;;;;;Carlos Vicari, 154, Pompeia, 05033070;Carlos Vicari;154;;Pompeia;;;05033070;;;;10/01/2022 22:32:27;NULL
1134;27392941;RYCO PAOLO AGOSTINI - DESATIVADA;;;(11) 3789-6667;;;;;Rua PAOLO AGOSTINI Nº 654    PARQUE IPE                    , PARQUE IPÊ - SÃO PAULO;Rua PAOLO AGOSTINI Nº 654    PARQUE IPE                    , PARQUE IPÊ - SÃO PAULO;;;;;;;;;;07/01/2022 19:03:25;NULL
1135;27402512;Quatro Investimentos - Oakberry;Quatro Inv. Com. De Acai Ltda;39844429000109;;;;;;Holanda, 37, Parque Das Nacoes, 09210050;Holanda;37;;Parque Das Nacoes;;;09210050;;;;10/01/2022 22:32:31;NULL
1136;27402366;Transportal Log.E Transp Ltda;Transportal Log.E Transp Ltda;06976923000240;(1) 12955-4455;;;;;Soldado Anésio Antão Ferreira, 272, Jardim Japão, 02142000;Soldado Anésio Antão Ferreira;272;;Jardim Japão;;;02142000;;;;10/01/2022 22:32:15;NULL
1137;27402388;Elo Plus Serigrafia Ltda Me;Elo Plus Serigrafia Ltda Me;02913807000140;(1) 11111-1111;;;;;Da Gávea, 1220, Vila Maria, 02121020;Da Gávea;1220;;Vila Maria;;;02121020;;;;10/01/2022 22:32:18;NULL
1138;27392981;MARRMA - ZUCCO MORUMBI;;;(11) 3083-7406;;;;;Avenida ROQUE PETRONI JÚNIOR 1089 Nº 1089   SHOPPING MORUNBI              , JARDIM DAS ACÁCIAS - SÃO PAULO;Avenida ROQUE PETRONI JÚNIOR 1089 Nº 1089   SHOPPING MORUNBI              , JARDIM DAS ACÁCIAS - SÃO PAULO;;;;;;;;;;07/01/2022 19:03:29;NULL
1139;27402437;Emporium Sao Paulo - Irai;Hm Supermercados Lt;66533696000391;(1) 15534-4600;;;;;Iraí, 675, Indianópolis, 04082002;Iraí;675;;Indianópolis;;;04082002;;;;10/01/2022 22:32:22;NULL
1140;27392904;RISOTOLANDIA - ANACONDA JAGUARE;;;(41) 3641-3189;;;;;Avenida VENCESLAU DE QUEIRÓS 45 Nº 45     , JAGUARE - SÃO PAULO;Avenida VENCESLAU DE QUEIRÓS 45 Nº 45     , JAGUARE - SÃO PAULO;;;;;;;;;;07/01/2022 19:03:23;NULL
1141;27402376;Florali;Florali Com. De Cosmeticos Ltda;31629024000138;;;;;;Vupabussu, 219, Pinheiros, 05429040;Vupabussu;219;;Pinheiros;;;05429040;;;;10/01/2022 22:32:16;NULL
1142;27392891;RISA ADM. DE RES. - RC MAGIUS;;;(41) 3641-3189;;;;;Rua TIJUCAS DO SUL Nº 388    , AFONSO PENA - SÃO JOSÉ DOS PINHAIS;Rua TIJUCAS DO SUL Nº 388    , AFONSO PENA - SÃO JOSÉ DOS PINHAIS;;;;;;;;;;07/01/2022 19:03:22;NULL
1143;27402453;Arcotex Serviços De Montagem Ltda;Arcotex Serviços De Montagem Ltda;03015342000173;(1) 13673-7033;;;;;;;;;;;;;;;;10/01/2022 22:32:24;NULL
1144;27392868;RISOTOLANDIA - RC MULTILIT FIBROCIMENTO;;;(41) 3641-3189;;;;;Avenida RUI BARBOSA Nº 2929   , IPÊ - SÃO JOSÉ DOS PINHAIS;Avenida RUI BARBOSA Nº 2929   , IPÊ - SÃO JOSÉ DOS PINHAIS;;;;;;;;;;07/01/2022 19:03:20;NULL
1145;27402492;Wagner;Wagner Kasuo Nagai;03232149839;;;;;;Bartolomeu De Gusmão, 97, Jardim Santa Francisca, 07024010;Bartolomeu De Gusmão;97;;Jardim Santa Francisca;;;07024010;;;;10/01/2022 22:32:28;NULL
1146;27392845;RASCAL VILA LOBOS;;;(11) 3024-3710;;;;;Av NACOES UNIDAS Nº 4777   , ALTO DE PINHEIROS - SÃO PAULO;Av NACOES UNIDAS Nº 4777   , ALTO DE PINHEIROS - SÃO PAULO;;;;;;;;;;07/01/2022 19:03:18;NULL
1147;27402280;Rm - Luis Fernando;Luis Fernando De Toledo Baptista Ribeiro;03811386000100;(1) 14577-0399;;;;;Doutor Samuel Porto, 351, Saúde, 04054010;Doutor Samuel Porto;351;;Saúde;;;04054010;;;;10/01/2022 22:32:08;NULL
1148;27402463;Simonetto Alimentos Ltda;Simonetto Alimentos Ltda;91519595000141;(5) 43344-4300;;;;;Aurelio Sossella, 98, Centro, 99950000;Aurelio Sossella;98;;Centro;;;99950000;;;;10/01/2022 22:32:26;NULL
1149;27402217;Betel Solucoes;Betel Solucoes Em Higien Ltda Me;20230075000176;(1) 14229-7407;;;;;Terracota, 185, Ceramica, 09531190;Terracota;185;;Ceramica;;;09531190;;;;10/01/2022 22:32:02;NULL
1150;27402373;Condominio Esplanada;Condominio Edificio Esplanada;07346408000169;(1) 14990-1394;;;;;Padre Manoel De Paiva, 355, Jardim, 09070230;Padre Manoel De Paiva;355;;Jardim;;;09070230;;;;10/01/2022 22:32:16;NULL
1151;27402212;Rascal Alphaville;Rexpar Restaurantes Ltda;10580100000198;(1) 14193-8920;;;;;Rio Negro, 111, Alphaville Industrial, 06454000;Rio Negro;111;;Alphaville Industrial;;;06454000;;;;10/01/2022 22:32:02;NULL
1152;27402522;Piu Rest- Pinheiros/Ferreira-Celio;Piu Restaurante E Participacoes Ltda;21578185000196;(1) 13576-7244;;;;;Ferreira De Araújo, 314, Pinheiros, 05428000;Ferreira De Araújo;314;;Pinheiros;;;05428000;;;;10/01/2022 22:32:32;NULL
1153;27402243;Risa Adm. De Res. A1 Engenharia;Risotolandia Serv.De Alimen.Ltda;04908058000199;(4) 13641-3189;;;;;Ladislau Gembaroski, 1001, Thomaz Coelho, 83707090;Ladislau Gembaroski;1001;;Thomaz Coelho;;;83707090;;;;10/01/2022 22:32:04;NULL
1154;27402257;Restaurante Tuju - Vila Madalena;Bital Restaurante Ltda;18136195000167;(1) 12691-5342;;;;;Fradique Coutinho, 1248, Pinheiros, 05416001;Fradique Coutinho;1248;;Pinheiros;;;05416001;;;;10/01/2022 22:32:06;NULL
1155;27402271;Varanda Vila Olimpia;Varanda Vila Olimpia Mercearia Ltda;12240244000120;;;;;;Olimpíadas, 360, Vila Olimpia, 04551000;Olimpíadas;360;;Vila Olimpia;;;04551000;;;;10/01/2022 22:32:07;NULL
1156;27402265;Cristalia - Belem;Cristalia Alim. E Serviços Ltda;73147654000116;(1) 13744-7209;;;;;Condessa Elisabeth De Robiano, 750, Vila Moreira, 03074000;Condessa Elisabeth De Robiano;750;;Vila Moreira;;;03074000;;;;10/01/2022 22:32:06;NULL
1157;27392895;RISOTOLANDIA - SAAE BARRA MANSA;;;(41) 3641-3189;;;;;Av HOMERO LEITE Nº 572    , SAUDADE - BARRA MANSA;Av HOMERO LEITE Nº 572    , SAUDADE - BARRA MANSA;;;;;;;;;;07/01/2022 19:03:22;NULL
1158;27402198;Rascal Guarulhos;Cepheus Restaurantes Ltda;19224467000143;(1) 12445-7422;;;;;Hélio Shmidt, Aeroporto Guarulhos, 07190100;Hélio Shmidt;;;Aeroporto Guarulhos;;;07190100;;;;10/01/2022 22:32:00;NULL
1159;27402348;Condominio Santana Parque Shopping;Condominio Santana Parque Shopping;30320151000198;(1) 12238-3002;;;;;Conselheiro Moreira De Barros, 2780, Lauzane Paulista, 02430001;Conselheiro Moreira De Barros;2780;;Lauzane Paulista;;;02430001;;;;10/01/2022 22:32:14;NULL
1160;27402423;Aguas Petropolis;Aguas Petropolis Paulista Ltda;61072898000106;;;;;;Professor Vicente Rao, 500, Santo Amaro, 04605000;Professor Vicente Rao;500;;Santo Amaro;;;04605000;;;;10/01/2022 22:32:21;NULL
1161;27402222;Jl Budoia;Jl Budoia Panificadora Ltda Me;10785828000156;(1) 12211-0070;;;;;Igaratinga, 188, Vila Santa Clara, 03273400;Igaratinga;188;;Vila Santa Clara;;;03273400;;;;10/01/2022 22:32:03;NULL
1162;27402336;Cond Do Boulevard Shoping Bh;Boulervad Shoping Bh;12770422000125;(3) 12511-7100;;;;;Dos Andradas, 3000, Santa Efigênia, 30260070;Dos Andradas;3000;;Santa Efigênia;;;30260070;;;;10/01/2022 22:32:13;NULL
1163;27392869;RISOTOLANDIA - RC HOSP. UNIMED -;;;(41) 3641-3189;;;;;Rua CARLOS OSTERNACK Nº 144    , ESTRELA - PONTA GROSSA;Rua CARLOS OSTERNACK Nº 144    , ESTRELA - PONTA GROSSA;;;;;;;;;;07/01/2022 19:03:20;NULL
1164;27402411;Izzi Motel;Lml Empreend. Hoteleiro Ltda;10676838000153;(1) 13616-0066;;;;;Ermano Marchetti, 1439, Água Branca, 05038001;Ermano Marchetti;1439;;Água Branca;;;05038001;;;;10/01/2022 22:32:20;NULL
1165;27402260;Rascal Casa Shopping - Rscs;Liroan Restaurantes Ltda;10452855000107;(2) 13325-5179;;;;;Ayrton Senna 2150, 2150, Barra Da Tijuca, 22775900;Ayrton Senna 2150;2150;;Barra Da Tijuca;;;22775900;;;;10/01/2022 22:32:06;NULL
1166;27402297;Oakberry Açaí Bowls;Tres Investimentos Com. De Acai Ltda;32947899000140;;;;;;Augusta, 1524, Consolacao, 01304000;Augusta;1524;;Consolacao;;;01304000;;;;10/01/2022 22:32:09;NULL
1167;27392935;RISOTOLANDIA - FRIGORIFICO;;;(41) 3641-3189;;;;;R LUIZ FRANCESCHI Nº 657    , THOMAZ COELHO - ARAUCÁRIA;R LUIZ FRANCESCHI Nº 657    , THOMAZ COELHO - ARAUCÁRIA;;;;;;;;;;07/01/2022 19:03:25;NULL
1168;27402505;Dia - Alphaville;Dia Brasil Sociedade Limitada;03476811022635;(1) 13886-8610;;;;;Marte, 466, Alphaville, 06541005;Marte;466;;Alphaville;;;06541005;;;;10/01/2022 22:32:30;NULL
1169;27392949;SARA;;;(11) 4433-0980;;;;;Rua ANDORRA Nº 343    , VILA FRANCISCO MATARAZZO - SANTO ANDRÉ;Rua ANDORRA Nº 343    , VILA FRANCISCO MATARAZZO - SANTO ANDRÉ;;;;;;;;;;07/01/2022 19:03:26;NULL
1170;27402269;Skw;Skw Serviços De Buffet Eireli Me;26280182000195;(1) 13370-0571;;;;;Natalia Zarif, 2655, Jardim São Geraldo, 07140040;Natalia Zarif;2655;;Jardim São Geraldo;;;07140040;;;;10/01/2022 22:32:07;NULL
1171;27402302;Aex Log - Vila Formosa - 2021.3353;Aex Logistica Expressa Ltda;15180327000160;(1) 12021-3353;;;;;Doutor Horácio Da Costa, Jardim Vila Formosa, 03471090;Doutor Horácio Da Costa;;;Jardim Vila Formosa;;;03471090;;;;10/01/2022 22:32:10;NULL
1172;27402421;M.V.X. Transportes;M.V.X. Transportes Ltda;29737498000151;(1) 12659-2546;;;;;Rodovalho Da Fonseca, 141, Pari, 03028030;Rodovalho Da Fonseca;141;;Pari;;;03028030;;;;10/01/2022 22:32:21;NULL
1173;27402425;Hortifruti Nacoes Ltda;Hortifruti Nacoes Ltda;33952844000191;(1) 14701-6514;;;;;Das Nações, 2171, Parque Capuava, 09270260;Das Nações;2171;;Parque Capuava;;;09270260;;;;10/01/2022 22:32:21;NULL
1174;27402518;Ambev - Juatuba - Mg;Ambev S.A;07526557005098;;;;;;Rodovia Mg 0,50, Centro, 35675000;Rodovia Mg 0,50;;;Centro;;;35675000;;;;10/01/2022 22:32:31;NULL
1175;27392854;RIANA HENRIQUE TEIXEIRA;;;(11) 96101-6226;;;;;Av HIGIENÓPOLIS Nº 646    , HIGIENOPOLIS - SÃO PAULO;Av HIGIENÓPOLIS Nº 646    , HIGIENOPOLIS - SÃO PAULO;;;;;;;;;;07/01/2022 19:03:19;NULL
1176;27402203;Rascal Itaim;Kiston Restaurantes Ltda;09005784000115;(1) 13078-3351;;;;;Leopoldo Couto Magalhães Júnior, 831, Itaim Bibi, 04542011;Leopoldo Couto Magalhães Júnior;831;;Itaim Bibi;;;04542011;;;;10/01/2022 22:32:01;NULL
1177;27402361;Ana Luiza Zuccolotto;Ana Luiza Zuccolotto;34308888832;;;;;;Alves Guimarães, 408, Pinheiros, 05410000;Alves Guimarães;408;;Pinheiros;;;05410000;;;;10/01/2022 22:32:15;NULL
1178;27392898;RISOTOLANDIA COZINHA;;;(41) 3641-3189;;;;;R LUIZ FRANCESCHI Nº 697    COZINHA                       , THOMAZ COELHO - ARAUCÁRIA;R LUIZ FRANCESCHI Nº 697    COZINHA                       , THOMAZ COELHO - ARAUCÁRIA;;;;;;;;;;07/01/2022 19:03:22;NULL
1179;27392917;RISOTOLANDIA - PALLADIUM;;;(41) 3641-3189;;;;;Avenida PRESIDENTE KENNEDY 4121 Nº 4121   COZINHA                       , PORTÃO - CURITIBA;Avenida PRESIDENTE KENNEDY 4121 Nº 4121   COZINHA                       , PORTÃO - CURITIBA;;;;;;;;;;07/01/2022 19:03:24;NULL
1180;27402384;Klm Canindé;Klm Canindé;31347625000158;;;;;;Sargento Jeter Augusto Pereira, 40, Parque Novo Mundo, 02188070;Sargento Jeter Augusto Pereira;40;;Parque Novo Mundo;;;02188070;;;;10/01/2022 22:32:17;NULL
1181;27392976;WEST PLAZA SHOPPING;;;(11) 3677-4055;;;;;Avenida FRANCISCO MATARAZZO 455 Nº S/N    , ÁGUA BRANCA - SÃO PAULO;Avenida FRANCISCO MATARAZZO 455 Nº S/N    , ÁGUA BRANCA - SÃO PAULO;;;;;;;;;;07/01/2022 19:03:28;NULL
1182;27402498;Maria Jose Da Silva Pereira;Maria Jose Da Silva Pereira;75538733491;;;;;;Nossa Sra De Fátima, 30, Sorocamirim, 18150000;Nossa Sra De Fátima;30;;Sorocamirim;;;18150000;;;;10/01/2022 22:32:29;NULL
1183;27402352;Condominio Shopping Campo Limpo;Condominio Shopping Campo Limpo;08140551000162;(1) 13326-5174;;;;;Do Campo Limpo, 459, Vila Prel, 05777000;Do Campo Limpo;459;;Vila Prel;;;05777000;;;;10/01/2022 22:32:14;NULL
1184;27402307;A A Afonso;A A Afonso & Cia Lt;57513434000102;(1) 13757-2264;;;;;Santo André, 232, Vila Assunção, 09020230;Santo André;232;;Vila Assunção;;;09020230;;;;10/01/2022 22:32:10;NULL
1185;27402341;Cond Shopping Praca Nova Aracatuba;Cond Shopping Praca Nova Aracatuba;22990102000134;(1) 83607-6000;;;;;Carlos Pereira Da Silva, 6000, Guanabara, 16026035;Carlos Pereira Da Silva;6000;;Guanabara;;;16026035;;;;10/01/2022 22:32:13;NULL
1186;27402442;Dal Pozzo;Dal Pozzo Advogados;01546213000186;;;;;;Benjamim Egas, 66, Pinheiros, 05418030;Benjamim Egas;66;;Pinheiros;;;05418030;;;;10/01/2022 22:32:23;NULL
1187;27392837;RASCAL CORTES GUARULHOS CGRU;;;(11) 2445-2675;;;;;Rod HÉLIO SMIDT Nº 0      AEROPORTO GUARULHOS           , AEROPORTO - GUARULHOS;Rod HÉLIO SMIDT Nº 0      AEROPORTO GUARULHOS           , AEROPORTO - GUARULHOS;;;;;;;;;;07/01/2022 19:03:17;NULL
1188;27402276;Daff Industrial Eireli - Firestone;Daff Industrial Eireli Epp;21868692000164;(1) 14421-7980;;;;;Firestone, 1603, Silveira, 09195470;Firestone;1603;;Silveira;;;09195470;;;;10/01/2022 22:32:07;NULL
1189;27402211;Rascal Vila Lobos;Ravla Restaurantes Ltda;02509375000107;(1) 13024-3710;;;;;Nacoes Unidas, 4777, Alto De Pinheiros, 05477000;Nacoes Unidas;4777;;Alto De Pinheiros;;;05477000;;;;10/01/2022 22:32:02;NULL
1190;27402253;Atf Transportes E Logísticas Ltda Ep;Atf Transportes E Logísticas Ltda Ep;12360920000280;(1) 12209-9820;;;;;Paulo Emílio, Jardim Julieta, 02162040;Paulo Emílio;;;Jardim Julieta;;;02162040;;;;10/01/2022 22:32:05;NULL
1191;27402387;Alagoinhas Transportes Ltda;Alagoinhas Transportes Ltda;06171308000267;(1) 12279-5486;;;;;Remanso, 18, Vila Nova Bonsucesso, 07176160;Remanso;18;;Vila Nova Bonsucesso;;;07176160;;;;10/01/2022 22:32:17;NULL
1192;27402444;Rental Festa;J.Munhoz & Cia Ltda;03070939000110;(1) 12067-6717;;;;;Dom Pedro Ii, 1874, Campestre, 09080001;Dom Pedro Ii;1874;;Campestre;;;09080001;;;;10/01/2022 22:32:23;NULL
1193;27402510;Luciano Do Valle E Silva;Luciano Do Valle E Silva;27401254883;;;;;;Conselheiro Pedro Luís, 313, Santana, 02020050;Conselheiro Pedro Luís;313;;Santana;;;02020050;;;;10/01/2022 22:32:31;NULL
1194;27402447;Condominio Santo Antonio;Condominio Edificio Santo Antonio;65518458000182;;;;;;Benjamim Egas, 44, Pinheiros, 05418030;Benjamim Egas;44;;Pinheiros;;;05418030;;;;10/01/2022 22:32:24;NULL
1195;27392907;RISOTOLANDIA - RICLAN KENNEDY;;;(41) 3641-3189;;;;;Rodovia PRESIDENTE DUTRA Nº 1001   , DO ESTADIO - RIO CLARO;Rodovia PRESIDENTE DUTRA Nº 1001   , DO ESTADIO - RIO CLARO;;;;;;;;;;07/01/2022 19:03:23;NULL
1196;27402339;Cond Boulevard Londrina Shopping;Cond Boulevard Londrina Shopping;28240693000109;(1) 13371-4110;;;;;Theodoro Victorelli, 150, Helena, 86027750;Theodoro Victorelli;150;;Helena;;;86027750;;;;10/01/2022 22:32:13;NULL
1197;27392920;RISOTOLANDIA ABBOTT BELO HORIZONTE;;;(41) 3641-3189;;;;;Rua PROFESSOR JOSÉ VIEIRA DE MENDONÇA Nº 1301   , ENGENHO NOGUEIRA - BELO HORIZONTE;Rua PROFESSOR JOSÉ VIEIRA DE MENDONÇA Nº 1301   , ENGENHO NOGUEIRA - BELO HORIZONTE;;;;;;;;;;07/01/2022 19:03:24;NULL
1198;27402324;Its Cool - Colegio Santa Maria;Its Cool Serviços De Alimentacao Ltda;26222345000183;(4) 13641-3140;;;;;Luiz Franceschi, 657, Thomaz Coelho, 83707072;Luiz Franceschi;657;;Thomaz Coelho;;;83707072;;;;10/01/2022 22:32:12;NULL
1199;27402317;Redrau Filtros Ltda - Santo Andre;Redrau Filtros Ltda Epp;00634041000130;(1) 14433-4788;;;;;Artur De Queirós, 986, Casa Branca, 09015510;Artur De Queirós;986;;Casa Branca;;;09015510;;;;10/01/2022 22:32:11;NULL
1200;27402459;Cumini - Oakberry;Cunini E Suzuki Com. De Alimentos Ltda;32083410000130;;;;;;Afonso Braz, 369, Vila Nova Conceição, 04511011;Afonso Braz;369;;Vila Nova Conceição;;;04511011;;;;10/01/2022 22:32:25;NULL
1201;27402456;Risotolandia - Rc Hosp. Unimed -;Risotolandia Serv. De Alim. Ltda;04908058005905;(4) 13641-3189;;;;;Carlos Osternack, 144, Estrela, 84040120;Carlos Osternack;144;;Estrela;;;84040120;;;;10/01/2022 22:32:25;NULL
1202;27402247;Rodonaves  - Proximo A Lapa;Rodonaves Transp.E Encom.Ltda;44914992001371;(1) 12192-3100;;;;;Alexandre Colares, 500, Parque Anhangüera, 05106000;Alexandre Colares;500;;Parque Anhangüera;;;05106000;;;;10/01/2022 22:32:05;NULL
1203;27392841;PIU REST- PINHEIROS/FERREIRA-CELIO;;;(11) 3576-7244;;;;;Rua FERREIRA DE ARAÚJO Nº 314    , PINHEIROS - SÃO PAULO;Rua FERREIRA DE ARAÚJO Nº 314    , PINHEIROS - SÃO PAULO;;;;;;;;;;07/01/2022 19:03:18;NULL
1204;27392859;RISOTOLANDIA - ALMOXARIFADO CPDA - ARAUC;;;(41) 3641-3189;;;;;R LUIZ FRANCESCHI Nº 697    CPDA - ALMOXARIFADO           , THOMAZ COELHO - ARAUCÁRIA;R LUIZ FRANCESCHI Nº 697    CPDA - ALMOXARIFADO           , THOMAZ COELHO - ARAUCÁRIA;;;;;;;;;;07/01/2022 19:03:19;NULL
1205;27402381;Josane Aparecida Ruiz;Josane Aparecida Ruiz;93693516804;(1) 14992-8881;;;;;Tuiuti, 167, Jardim Bela Vista, 09041420;Tuiuti;167;;Jardim Bela Vista;;;09041420;;;;10/01/2022 22:32:17;NULL
1206;27392880;RISOTOLANDIA - POSIGRAF;;;(41) 3641-3140;;;;;Rua SENADOR ACCIOLY FILHO Nº 511    , CIDADE INDUSTRIAL - CURITIBA;Rua SENADOR ACCIOLY FILHO Nº 511    , CIDADE INDUSTRIAL - CURITIBA;;;;;;;;;;07/01/2022 19:03:21;NULL
1207;27402416;Riana Henrique Teixeira;Riana Henrique Teixeira;33688864875;;;;;;Higienópolis, 646, Higienopolis, 01238000;Higienópolis;646;;Higienopolis;;;01238000;;;;10/01/2022 22:32:21;NULL
1208;27402429;Gisela Souza Da Silva;Gisela Souza Da Silva;22260496814;;;;;;Adolfo Bastos, 847, Vila Bastos, 09041000;Adolfo Bastos;847;;Vila Bastos;;;09041000;;;;10/01/2022 22:32:22;NULL
1209;27402410;Henrique Aparecido;Henrique Aparecido Paz Da Silva Eireli;23472856000165;;;;;;Carioca, 375, Vila Carioca, 04225001;Carioca;375;;Vila Carioca;;;04225001;;;;10/01/2022 22:32:20;NULL
1210;27402450;Marcelo - Mm Decor;Marcelo Fortes Santos;22082843807;;;;;;Itamarati, 310, Vila Curuçá, 09290730;Itamarati;310;;Vila Curuçá;;;09290730;;;;10/01/2022 22:32:24;NULL
1211;27392962;THIAGO PASETTI DE SOUSA BRITTO;;;(11) 98160-4111;;;;;Rua ATLÂNTICA Nº 549    , JARDIM AMERICA - SÃO PAULO;Rua ATLÂNTICA Nº 549    , JARDIM AMERICA - SÃO PAULO;;;;;;;;;;07/01/2022 19:03:27;NULL
1212;27402244;Actans Rascal Escritorio;Actans Participacoes Ltda;21507007000174;(1) 13576-7200;;;;;Doutora Ruth Cardoso, 4777, Jardim Universidade Pinheiros, 05477000;Doutora Ruth Cardoso;4777;;Jardim Universidade Pinheiros;;;05477000;;;;10/01/2022 22:32:04;NULL
1213;27402432;Agf - Mario Portela;Laranjeiras Servicos Postais Ltda;10791221000189;;;;;;Mario Portela, 16, Laranjeiras, 22241000;Mario Portela;16;;Laranjeiras;;;22241000;;;;10/01/2022 22:32:22;NULL
1214;27392833;RASCAL MARKET PLACE;;;(11) 97678-2570;;;;;Av MURILO FURTADO Nº 13947  , VILA GERTRUDES - SÃO PAULO;Av MURILO FURTADO Nº 13947  , VILA GERTRUDES - SÃO PAULO;;;;;;;;;;07/01/2022 19:03:17;NULL
1215;27402467;Lucas Sales Maia;Lucas Sales Maia;35159482873;;;;;;Brasil, 289, Jardim Gonçalves, 08573520;Brasil;289;;Jardim Gonçalves;;;08573520;;;;10/01/2022 22:32:26;NULL
1216;27402473;Triple Bowls - Oakberry Pinheiros;Triple Bowls Com.Prodts Alimenticios Ltd;32110325000113;;;;;;Dos Pinheiros, 466, Pinheiros, 05422000;Dos Pinheiros;466;;Pinheiros;;;05422000;;;;10/01/2022 22:32:27;NULL
1217;27392909;RISOTOLANDIA ABBOTT JACAREPAGUA;;;(41) 3641-3189;;;;;Estrada DOS BANDEIRANTES 2400 Nº 2400   , TAQUARA - RIO DE JANEIRO;Estrada DOS BANDEIRANTES 2400 Nº 2400   , TAQUARA - RIO DE JANEIRO;;;;;;;;;;07/01/2022 19:03:23;NULL
1218;27402461;Ponto Ka;Ponto Ka Picanharia Ltda;32450388000119;;;;;;Paulo Faccini, 1337, Macedo, 07111000;Paulo Faccini;1337;;Macedo;;;07111000;;;;10/01/2022 22:32:25;NULL
1219;27392905;RISOTOLANDIA - SOCIESC ITAJAI;;;(41) 3641-3189;;;;;Rua DELFIM MÁRIO PÁDUA PEIXOTO Nº S/N    SOCIESC ITAJAI                , PRAIA BRAVA DE ITAJAÍ - ITAJAÍ;Rua DELFIM MÁRIO PÁDUA PEIXOTO Nº S/N    SOCIESC ITAJAI                , PRAIA BRAVA DE ITAJAÍ - ITAJAÍ;;;;;;;;;;07/01/2022 19:03:23;NULL
1220;27392925;RISOTOLANDIA - RC COLEGIO BOSQUE;;;(41) 3641-3189;;;;;R LUIZ FRANCESCHI Nº 657    , THOMAZ COELHO - ARAUCÁRIA;R LUIZ FRANCESCHI Nº 657    , THOMAZ COELHO - ARAUCÁRIA;;;;;;;;;;07/01/2022 19:03:24;NULL
1221;27392812;PGR - COVRE SANTOS;;;(11) 2985-7802;;;;;Rua COMENDADOR HERCÍLIO CAMARGO BARBOSA Nº 207    , ALEMOA - SANTOS;Rua COMENDADOR HERCÍLIO CAMARGO BARBOSA Nº 207    , ALEMOA - SANTOS;;;;;;;;;;07/01/2022 19:03:15;NULL
1222;27402409;Cozinha Do Campo Belo Loja De Comida Ltd;Cozinha Do Campo Belo Loja De Comida Ltd;10293053000100;;;;;;João De Sousa Dias, 204, Campo Belo, 04618000;João De Sousa Dias;204;;Campo Belo;;;04618000;;;;10/01/2022 22:32:20;NULL
1223;27402446;Camila - Pronutri;Camila Morgado De Castro;34393905865;;;;;;Padre Manoel Da Nóbrega, 354, Bandeiras, 06160010;Padre Manoel Da Nóbrega;354;;Bandeiras;;;06160010;;;;10/01/2022 22:32:24;NULL
1224;27402312;Lourdes Massae - Gol Confins;Lourdes Massae Mada Me;17823971000134;;;;;;Aeroporto Internacional Tancredo Neves, Aeroporto, 33400000;Aeroporto Internacional Tancredo Neves;;;Aeroporto;;;33400000;;;;10/01/2022 22:32:10;NULL
1225;27402224;Hs Mooca - Sky Asia;Hs Mooca 2011 Ltda Me;14295937000146;;;;;;Capitao Pacheco Chaves, 313, Mooca, 03126000;Capitao Pacheco Chaves;313;;Mooca;;;03126000;;;;10/01/2022 22:32:03;NULL
1226;27402235;Nacon Araraquara;Nacon Araraquara Com.Rep.Eireli;05098995000199;(1) 63324-5172;;;;;Fortunato Bressan, 501, Jardim Morada Do Sol (Vila Xavier), 14810440;Fortunato Bressan;501;;Jardim Morada Do Sol (Vila Xavier);;;14810440;;;;10/01/2022 22:32:04;NULL
1227;27402289;Ryco Paolo Agostini - Desativada;Ryco Alimentos Ind E Comercio Ltda;58901117000126;(1) 13789-6667;;;;;Paolo Agostini, 654, Parque Ipê, 05572190;Paolo Agostini;654;;Parque Ipê;;;05572190;;;;10/01/2022 22:32:08;NULL
1228;27402248;Jaldi Logistica E Transportes Ltda;Jaldi Logistica E Transportes Ltda;03900533000380;(1) 14215-4660;;;;;Da Lagoa, 455, Cidade Industrial Satélite De São Paulo, 07232152;Da Lagoa;455;;Cidade Industrial Satélite De São Paulo;;;07232152;;;;10/01/2022 22:32:05;NULL
1229;27392828;RASCAL CASA SHOPPING - RSCS;;;(21) 3325-5179;;;;;Avenida AYRTON SENNA 2150 Nº 2150   LOJA A1 E L BLOCO B           , BARRA DA TIJUCA - RIO DE JANEIRO;Avenida AYRTON SENNA 2150 Nº 2150   LOJA A1 E L BLOCO B           , BARRA DA TIJUCA - RIO DE JANEIRO;;;;;;;;;;07/01/2022 19:03:17;NULL
1230;27402213;Frutiquello;Sorvetes Frutiquello Ltda;01327274000152;(1) 14819-6858;;;;;Orazio Stanco, 292, Parque Dos Eucaliptos, 07832040;Orazio Stanco;292;;Parque Dos Eucaliptos;;;07832040;;;;10/01/2022 22:32:02;NULL
1231;27402483;Driggo - Zucco Delivery;Driggo Restaurante Ltda;38099989000105;(1) 14898-8364;;;;;Cardeal Arcoverde, 451, Pinheiros, 05409003;Cardeal Arcoverde;451;;Pinheiros;;;05409003;;;;10/01/2022 22:32:28;NULL
1232;27392848;RENAN RUIZ PIOVEZAN;;;(11) 94552-8160;;;;;Rua SANTA CRUZ Nº 1531   , VILA MARIANA  - SÃO PAULO;Rua SANTA CRUZ Nº 1531   , VILA MARIANA  - SÃO PAULO;;;;;;;;;;07/01/2022 19:03:18;NULL
1233;27402221;Don Marche;Don Marche Serv. De Alimentacao;00322135000173;(1) 13744-7209;;;;;Domingos Lopes Da Silva, 890, Vila Andrade, 05641030;Domingos Lopes Da Silva;890;;Vila Andrade;;;05641030;;;;10/01/2022 22:32:03;NULL
1234;27392926;RISOTOLANDIA - HOSPITAL SANTA VIRGINIA;;;(41) 3641-3189;;;;;R (Rua) CONSELHEIRO COTEGIPE Nº 271    HOSP. SANTA VIRGINIA          , BRÁS - SÃO PAULO;R (Rua) CONSELHEIRO COTEGIPE Nº 271    HOSP. SANTA VIRGINIA          , BRÁS - SÃO PAULO;;;;;;;;;;07/01/2022 19:03:24;NULL
1235;27402334;Boulevard Shopping Brasilia;Empreendimentos Comerciais S.A.;08711824000262;(2) 12176-7272;;;;;Stn, Asa Norte, 70770100;Stn;;;Asa Norte;;;70770100;;;;10/01/2022 22:32:12;NULL
1236;27402266;Lumini Motel;Lino Martins Emp. Hoteleiro Ltda Epp;04800446000151;(1) 12197-0666;;;;;Rubens Meireles, 477, Várzea Da Barra Funda, 01141000;Rubens Meireles;477;;Várzea Da Barra Funda;;;01141000;;;;10/01/2022 22:32:07;NULL
1237;27402509;Atuex Express;Atuex Express Log.E Transp Distr.Com.Ltd;24905397000129;(1) 14898-8200;;;;;Iapó, 134, Casa Verde, 02512020;Iapó;134;;Casa Verde;;;02512020;;;;10/01/2022 22:32:30;NULL
1238;27392902;RISOTOLANDIA - RC MARISTA SANTA MARIA;;;(41) 3641-3189;;;;;R LUIZ FRANCESCHI Nº 657    , THOMAZ COELHO - ARAUCÁRIA;R LUIZ FRANCESCHI Nº 657    , THOMAZ COELHO - ARAUCÁRIA;;;;;;;;;;07/01/2022 19:03:23;NULL
1239;27402284;Dia Americana;Dia Brasil Sociedade Limitada;03476811032860;(1) 13886-8610;;;;;Papa João Xxiii, 3059, Loteamento Industrial Coral, 09370800;Papa João Xxiii;3059;;Loteamento Industrial Coral;;;09370800;;;;10/01/2022 22:32:08;NULL
1240;27392863;ITS COOL - RC BOM JESUS N.SRA LOURDES;;;(41) 3641-3189;;;;;R LUIZ FRANCESCHI Nº 657    , THOMAZ COELHO - ARAUCÁRIA;R LUIZ FRANCESCHI Nº 657    , THOMAZ COELHO - ARAUCÁRIA;;;;;;;;;;07/01/2022 19:03:20;NULL
1241;27392946;SABOR GOURMET - XIG PET NATURAL;;;(19) 3829-8000;;;;;Rua SENADOR FEIJÓ Nº 30     , CENTRO - VALINHOS;Rua SENADOR FEIJÓ Nº 30     , CENTRO - VALINHOS;;;;;;;;;;07/01/2022 19:03:26;NULL
1242;27402495;Daiana Tecnico Fernando;Daiana Alves Correa;10926369000183;(4) 89624-9175;;;;;Luiz Fagundes, 2390, Picadas Do Sul, 88106000;Luiz Fagundes;2390;;Picadas Do Sul;;;88106000;;;;10/01/2022 22:32:29;NULL
1243;27392851;RENTAL FESTA;;;(11) 2067-6717;;;;;Avenida DOM PEDRO II Nº 1874   , CAMPESTRE - SANTO ANDRÉ;Avenida DOM PEDRO II Nº 1874   , CAMPESTRE - SANTO ANDRÉ;;;;;;;;;;07/01/2022 19:03:19;NULL
1244;27392847;REDRAU FILTROS LTDA - SANTO ANDRE;;;(11) 4433-4788;;;;;Avenida ARTUR DE QUEIRÓS Nº 986    , CASA BRANCA - SANTO ANDRÉ;Avenida ARTUR DE QUEIRÓS Nº 986    , CASA BRANCA - SANTO ANDRÉ;;;;;;;;;;07/01/2022 19:03:18;NULL
1245;27392823;PONTO KA;;;(11) 96415-0430;;;;;Avenida PAULO FACCINI Nº 1337   , MACEDO - GUARULHOS;Avenida PAULO FACCINI Nº 1337   , MACEDO - GUARULHOS;;;;;;;;;;07/01/2022 19:03:16;NULL
1246;27402372;Conecta Transportes;Conecta Transp.Quim.E Equips Inds.Ltda;09721533000137;(1) 63511-0700;;;;;Nelson Benedito Machado, 528, Cinep - Cidade Industrial E Empresarial, 14176110;Nelson Benedito Machado;528;;Cinep - Cidade Industrial E Empresarial;;;14176110;;;;10/01/2022 22:32:16;NULL
1247;27402390;Rodoviario Camilo;Rodoviario Camilo Dos Santos Filho;19451038002403;(1) 12633-8000;;;;;Tn.Amaro Felicíssimo Da Silveira, Parque Novo Mundo, 02177010;Tn.Amaro Felicíssimo Da Silveira;;;Parque Novo Mundo;;;02177010;;;;10/01/2022 22:32:18;NULL
1248;27392916;RISOTOLANDIA - NEODENT;;;(41) 3641-3189;;;;;Avenida JUSCELINO KUBITSCHEK DE OLIVEIRA Nº 3291   , CIDADE INDUSTRIAL - CURITIBA;Avenida JUSCELINO KUBITSCHEK DE OLIVEIRA Nº 3291   , CIDADE INDUSTRIAL - CURITIBA;;;;;;;;;;07/01/2022 19:03:24;NULL
1249;27402321;Risotolandia Marp;Risotolandia Servicos De Alimentacao Ltd;04908058008254;;;;;;Bahia, 7680, Salto Weissbach, 89032002;Bahia;7680;;Salto Weissbach;;;89032002;;;;10/01/2022 22:32:11;NULL
1250;27402327;Agrodanieli - Tapejara Sao Domingos;Agrodanieli Ind. E Comercio Ltda;02990334001076;(5) 43344-4200;;;;;Vi Sao Domingos, Interior, 99950000;Vi Sao Domingos;;;Interior;;;99950000;;;;10/01/2022 22:32:12;NULL
1251;27402439;Sistema Educacional;Sistema Educacional Morumbi Sul Ltda;07681607000123;;;;;;Nossa Senhora Do Bom Conselho, 351, Chácara Nossa Senhora Do Bom Conselho, 05763470;Nossa Senhora Do Bom Conselho;351;;Chácara Nossa Senhora Do Bom Conselho;;;05763470;;;;10/01/2022 22:32:22;NULL
1252;27402277;Carlos Henrique Conde;Carlos Henrique Conde;34051853861;;;;;;Lourenço De Souza Franco, 871, Jundiapeba, 08750560;Lourenço De Souza Franco;871;;Jundiapeba;;;08750560;;;;10/01/2022 22:32:08;NULL
1253;27402436;Emporium Sao Paulo - Cotovia;Hm Supermercados Lt;66533696000200;(1) 15538-4600;;;;;Cotovia, 159, V Uberabin, 04517001;Cotovia;159;;V Uberabin;;;04517001;;;;10/01/2022 22:32:22;NULL
1254;27392961;TANUKI SUSHI;;;(11) 99496-3496;;;;;Rua JERICÓ Nº 279    279/287                       , VILA MADALENA - SÃO PAULO;Rua JERICÓ Nº 279    279/287                       , VILA MADALENA - SÃO PAULO;;;;;;;;;;07/01/2022 19:03:27;NULL
1255;27392969;VALENTE;;;(11) 98389-0157;;;;;Rua CAMINHO DO PILAR Nº 1232   , VILA GILDA - SANTO ANDRÉ;Rua CAMINHO DO PILAR Nº 1232   , VILA GILDA - SANTO ANDRÉ;;;;;;;;;;07/01/2022 19:03:28;NULL
1256;27392914;RISOTOLANDIA - PRAIA CLUB;;;(41) 3641-3189;;;;;Praça PRIMO CROSARA Nº 291    , PATRIMÔNIO - UBERLÂNDIA;Praça PRIMO CROSARA Nº 291    , PATRIMÔNIO - UBERLÂNDIA;;;;;;;;;;07/01/2022 19:03:24;NULL
1257;27402466;Dibon Santo Amaro;Dibon Supermercados Ltda;14148916000360;;;;;;Santo Amaro, 5420, Santo Amaro, 04702000;Santo Amaro;5420;;Santo Amaro;;;04702000;;;;10/01/2022 22:32:26;NULL
1258;27392835;RASCAL IGUATEMI;;;(11) 3816-3546;;;;;Avenida BRIGADEIRO FARIA LIMA Nº 2232   LOJA Y6/B - PISO TERREO JARDIM, JARDIM PAULISTANO - SÃO PAULO;Avenida BRIGADEIRO FARIA LIMA Nº 2232   LOJA Y6/B - PISO TERREO JARDIM, JARDIM PAULISTANO - SÃO PAULO;;;;;;;;;;07/01/2022 19:03:17;NULL
1259;27402419;Padaria Iracema;Iracema Da Angelica Paes E Doces Ltda;67086934000169;;;;;;Angélica, 101, Santa Cecilia, 01227000;Angélica;101;;Santa Cecilia;;;01227000;;;;10/01/2022 22:32:21;NULL
1260;27392943;SABOR GOURMET - COZINHA;;;(19) 3829-8000;;;;;Av DOUTOR JOSE PAGANO BRUNDO Nº 65     , VILA PAGANO - VALINHOS;Av DOUTOR JOSE PAGANO BRUNDO Nº 65     , VILA PAGANO - VALINHOS;;;;;;;;;;07/01/2022 19:03:26;NULL
1261;27402208;Viva Parme - Allparmegiana;Viva Parme Foods Ltda Epp;30222719000138;(1) 15044-4829;;;;;Interlagos, 2255, Jd. Umuarama, 04661200;Interlagos;2255;;Jd. Umuarama;;;04661200;;;;10/01/2022 22:32:02;NULL
1262;27392864;RISOTOLANDIA - TAM NAO USAR;;;(41) 3641-3189;;;;;Avenida EMÍLIO ANTONON Nº S/N    , AEROPORTO - JUNDIAÍ;Avenida EMÍLIO ANTONON Nº S/N    , AEROPORTO - JUNDIAÍ;;;;;;;;;;07/01/2022 19:03:20;NULL
1263;27402201;Paes;Paes E Doces Luso Brasileira Ltda;00027322000124;(1) 14437-3545;;;;;Das Figueiras, 664, Campestre, 09080300;Das Figueiras;664;;Campestre;;;09080300;;;;10/01/2022 22:32:01;NULL
1264;27402364;Risotolandia - Minas Ii;Risotolandia Servicos De Alimentacao Ltd;04908058007606;(4) 13641-3189;;;;;Oriente, 827, Serra, 30220270;Oriente;827;;Serra;;;30220270;;;;10/01/2022 22:32:15;NULL
1265;27402241;Kilos Ikaro Restaurante Ltda;Kilos Ikaro Restaurante Ltda;09128585000102;(1) 13167-4991;;;;;Leopoldo Couto De Magalhães Júnior, 785, Itaim Bibi, 04542011;Leopoldo Couto De Magalhães Júnior;785;;Itaim Bibi;;;04542011;;;;10/01/2022 22:32:04;NULL
1266;27402268;Kess Buffet;Kess Buffet Ltda Me;61745592000165;(1) 12422-7855;;;;;Salgado De Castro, 78, Vila Sorocabana, 07025245;Salgado De Castro;78;;Vila Sorocabana;;;07025245;;;;10/01/2022 22:32:07;NULL
1267;27402435;Emporium Sao Paulo Afonso Braz;Hm Hm Supermercados Ltda;02299215000180;(1) 13848-3700;;;;;Afonso Braz, 431, Vila Nova Conceição, 04511011;Afonso Braz;431;;Vila Nova Conceição;;;04511011;;;;10/01/2022 22:32:22;NULL
1268;27402304;Abm - Krissol;Abm Refeiçoes E Serviços Ltda Me;21504688000117;(1) 12894-3933;;;;;Papa João Xxiii, 3341, Loteamento Industrial Coral, 09370800;Papa João Xxiii;3341;;Loteamento Industrial Coral;;;09370800;;;;10/01/2022 22:32:10;NULL
1269;27402351;West Plaza Shopping;Condominio West Plaza Shopping Center I;09043953000101;(1) 13677-4055;;;;;Francisco Matarazzo 455, Água Branca, 05001900;Francisco Matarazzo 455;;;Água Branca;;;05001900;;;;10/01/2022 22:32:14;NULL
1270;27402299;Campodoro;Campodoro Transportes Ltda;32461149000164;(4) 13514-6300;;;;;Wiegando Olsen, 1600, Cidade Industrial, 81460070;Wiegando Olsen;1600;;Cidade Industrial;;;81460070;;;;10/01/2022 22:32:09;NULL
1271;27402275;Logfarma;Logfarma Distr. E Serviços Ltda;02376381000133;(1) 14428-1490;;;;;Araçatuba, 426, Santa Maria, 09071310;Araçatuba;426;;Santa Maria;;;09071310;;;;10/01/2022 22:32:07;NULL
1272;27402226;Vr Restaurante - Boali;Vr Restaurante Ltda Me;25104576000120;;;;;;Conselheiro Moreira De Barros, 2780, Lauzane Paulista, 02430001;Conselheiro Moreira De Barros;2780;;Lauzane Paulista;;;02430001;;;;10/01/2022 22:32:03;NULL
1273;27392890;RISOTOLANDIA SCHWEITZER-SWM3402;;;(41) 3641-3064;;;;;Av DARCY VARGAS Nº 325    , SANTANESIA - SANTANÉSIA (PIRAÍ);Av DARCY VARGAS Nº 325    , SANTANESIA - SANTANÉSIA (PIRAÍ);;;;;;;;;;07/01/2022 19:03:22;NULL
1274;27402311;Ecn Pronutri - Faturamento;Ecn Refeiçoes Coletivas Eireli Epp;27193128000175;(1) 12521-8894;;;;;Quintana, 753, Cidade Monções, 04569011;Quintana;753;;Cidade Monções;;;04569011;;;;10/01/2022 22:32:10;NULL
1275;27402273;Ricardo Batista;Ricardo Batista Pereira;07059693000137;(1) 14577-0399;;;;;Embaixador Pedro De Toledo, 87, Centro, 09010050;Embaixador Pedro De Toledo;87;;Centro;;;09010050;;;;10/01/2022 22:32:07;NULL
1276;27402493;Transjotape;Transjotape Transp. E Logistica Ltda Me;10407802000174;(1) 23934-4644;;;;;Fuad Lutfalla, 246, Vila Maria Trindade, 02968000;Fuad Lutfalla;246;;Vila Maria Trindade;;;02968000;;;;10/01/2022 22:32:28;NULL
1277;27402487;Maria Simone De Oliveira Bressan;Maria Simone De Oliveira Bressan;34617249800;;;;;;Nina Simone, 42, Jardim Nova São Paulo(São Rafael), 08391700;Nina Simone;42;;Jardim Nova São Paulo(São Rafael);;;08391700;;;;10/01/2022 22:32:28;NULL
1278;27402424;Bolognani - Hortifrut Figueiras;Bolognani E M. Hort. Com. De P. Al.  Ltd;73014383000201;(1) 14421-3229;;;;;Campestre, 623, Campestre, 09070200;Campestre;623;;Campestre;;;09070200;;;;10/01/2022 22:32:21;NULL
1279;27392879;RISOTOLANDIA -TCP  PARANAGUA;;;(41) 3641-3140;;;;;Av PORTUARIA Nº S/N    , DOM PEDRO II - PARANAGUÁ;Av PORTUARIA Nº S/N    , DOM PEDRO II - PARANAGUÁ;;;;;;;;;;07/01/2022 19:03:21;NULL
1280;27392836;RASCAL GUARULHOS;;;(11) 2445-7422;;;;;Rod HÉLIO SMIDT Nº 0      AEROPORTO GUARULHOS           , AEROPORTO GUARULHOS - GUARULHOS;Rod HÉLIO SMIDT Nº 0      AEROPORTO GUARULHOS           , AEROPORTO GUARULHOS - GUARULHOS;;;;;;;;;;07/01/2022 19:03:17;NULL
1281;27392966;UBIRATAN VECHIATTO DOS SANTOS;;;(11) 96162-2695;;;;;Rua MATILDE AVELINO BARROSO Nº 47     , JARDIM JÚLIO DE CARVALHO - FERRAZ DE VASCONCELOS;Rua MATILDE AVELINO BARROSO Nº 47     , JARDIM JÚLIO DE CARVALHO - FERRAZ DE VASCONCELOS;;;;;;;;;;07/01/2022 19:03:27;NULL
1282;27402488;Risotolandia - Praia Club;Risotolandia Serv. De Alim. Ltda;04908058009307;(4) 13641-3189;;;;;Primo Crosara, 291, Patrimônio, 38411076;Primo Crosara;291;;Patrimônio;;;38411076;;;;10/01/2022 22:32:28;NULL
1283;27392871;RISOTOLANDIA - MINAS I;;;;;;;;Rua ANTÔNIO DE ALBUQUERQUE Nº 1200   , LOURDES - BELO HORIZONTE;Rua ANTÔNIO DE ALBUQUERQUE Nº 1200   , LOURDES - BELO HORIZONTE;;;;;;;;;;07/01/2022 19:03:20;NULL
1284;27402359;Risa Class - Sta Rosa Do Viterbo;Risa Class Adm.De Restaurantes Ltda;00212426000613;(4) 13641-3189;;;;;Pavimentacao Asfaltica, 322, Fazenda Amalia, 14270000;Pavimentacao Asfaltica;322;;Fazenda Amalia;;;14270000;;;;10/01/2022 22:32:15;NULL
1285;27402383;Hospital Central;Hospital E Mat.Central Ltda;44402675000132;;;;;;Manoel Coelho, 845, Santo Antonio, 09510112;Manoel Coelho;845;;Santo Antonio;;;09510112;;;;10/01/2022 22:32:17;NULL
1286;27392977;DRIGGO - DELIVERY ZUCCO;;;(11) 3083-7406;;;;;Rua OSCAR RODRIGUES CAJADO FILHO Nº 154    , SANTO AMARO - SÃO PAULO;Rua OSCAR RODRIGUES CAJADO FILHO Nº 154    , SANTO AMARO - SÃO PAULO;;;;;;;;;;07/01/2022 19:03:28;NULL
1287;27392919;RISOTOLANDIA MARP;;;(47) 98482-3193;;;;;R (Rua) BAHIA Nº 7680   , SALTO WEISSBACH - BLUMENAU;R (Rua) BAHIA Nº 7680   , SALTO WEISSBACH - BLUMENAU;;;;;;;;;;07/01/2022 19:03:24;NULL
1288;27402344;Vertico Bauru Empreendimentos Imob Ltda;Vertico Bauru Empreendimentos Imob Ltda;10193021000124;(2) 12176-7272;;;;;General Marcondes Salgado, Chácara Das Flores, 17013113;General Marcondes Salgado;;;Chácara Das Flores;;;17013113;;;;10/01/2022 22:32:13;NULL
1289;27402486;Panificadora  La Casa - Eloisa Risotolan;Panificadora E Conf. La Casa Di Pao Ltda;68812312000133;(4) 13641-3189;;;;;Reverendo José Ferreira Filho, 37, Novo Mundo, 81050422;Reverendo José Ferreira Filho;37;;Novo Mundo;;;81050422;;;;10/01/2022 22:32:28;NULL
1290;27402445;Tanuki Sushi;Texugo Comercial Ltda Epp;05528645000115;;;;;;Jericó, 279, Vila Madalena, 05435040;Jericó;279;;Vila Madalena;;;05435040;;;;10/01/2022 22:32:23;NULL
1291;27392940;ROTISSERIE;;;(11) 4347-9047;;;;;Rua MATEOS DEMARCHI Nº 156    , DEMARCHI - SÃO BERNARDO DO CAMPO;Rua MATEOS DEMARCHI Nº 156    , DEMARCHI - SÃO BERNARDO DO CAMPO;;;;;;;;;;07/01/2022 19:03:25;NULL
1292;27402355;Risotolandia - Duque De Caxias;Risotolandia Servicos De Alimentacao Ltd;04908058005158;(4) 13641-3189;;;;;Kennedy, 100, Parque Boa Vista Ii, 25085370;Kennedy;100;;Parque Boa Vista Ii;;;25085370;;;;10/01/2022 22:32:14;NULL
1293;27402382;Risotolandia - Minorgan;Risotolandia Serv. De Ali. Ltda;04908058002051;(4) 13641-3189;;;;;Estrada Vitoria De Sao Pedro, 685, Mandaguari, 86975000;Estrada Vitoria De Sao Pedro;685;;Mandaguari;;;86975000;;;;10/01/2022 22:32:17;NULL
1294;27392873;RISOTOLANDIA - FCA;;;(41) 3641-3189;;;;;Rua HASDRÚBAL BELLEGARD Nº 739    , CIDADE INDUSTRIAL - CURITIBA;Rua HASDRÚBAL BELLEGARD Nº 739    , CIDADE INDUSTRIAL - CURITIBA;;;;;;;;;;07/01/2022 19:03:21;NULL
1295;27402418;Jose Do Nascimento;Jose Do Nascimento;93477503872;;;;;;Das Margaridas, 155, Parque Assunção, 06753360;Das Margaridas;155;;Parque Assunção;;;06753360;;;;10/01/2022 22:32:21;NULL
1296;27392959;SUSHI NABANNA;;;(11) 95971-7000;;;;;Praça DEPUTADO DARIO DE BARROS Nº 401    QUIOSQ01                      , CIDADE JARDIM - SÃO PAULO;Praça DEPUTADO DARIO DE BARROS Nº 401    QUIOSQ01                      , CIDADE JARDIM - SÃO PAULO;;;;;;;;;;07/01/2022 19:03:27;NULL
1297;27402506;Varanda - Cd - Vila Morse;Varanda Frutas E Mercearia Ltda;62498365000579;;;;;;Manuel Jacinto, 1284, Vila Morse, 05624001;Manuel Jacinto;1284;;Vila Morse;;;05624001;;;;10/01/2022 22:32:30;NULL
1298;27392971;VIVA COMERCIAL LTDA;;;(11) 3004-0303;;;;;Avenida CARLOS LIVIERO Nº 266    , VILA LIVIERO - SÃO PAULO;Avenida CARLOS LIVIERO Nº 266    , VILA LIVIERO - SÃO PAULO;;;;;;;;;;07/01/2022 19:03:28;NULL
1299;27402314;Dddrin;Dddrin Serviço De Detet. Dom. Eireli;60500055000192;(1) 13488-9644;;;;;General Francisco Morazan, 135, Vila Sônia, 05626010;General Francisco Morazan;135;;Vila Sônia;;;05626010;;;;10/01/2022 22:32:11;NULL
1300;27402233;Gse - Rib.Pires - Ex.Ceres;Gse Distribuidora De Alimentos Ltda;37611201000135;(1) 13199-2814;;;;;Salvador Rípoli, 2280, Santa Luzia, 09431360;Salvador Rípoli;2280;;Santa Luzia;;;09431360;;;;10/01/2022 22:32:04;NULL
1301;27402291;Dia Brasil - Nova Santa Rita - Rs;Dia Brasil Sociedade Limitada;03476811079408;;;;;;Papa João Xxiii, 3059, Loteamento Industrial Coral, 09370800;Papa João Xxiii;3059;;Loteamento Industrial Coral;;;09370800;;;;10/01/2022 22:32:08;NULL
1302;27392870;RISOTOLANDIA - RICLAN BRASIL;;;(41) 3641-3189;;;;;Avenida BRASIL 2567 Nº 4801   , DISTRITO INDUSTRIAL - RIO CLARO;Avenida BRASIL 2567 Nº 4801   , DISTRITO INDUSTRIAL - RIO CLARO;;;;;;;;;;07/01/2022 19:03:20;NULL
1303;27402294;Varanda Patio Paulista;Varanda Patio Paulista Ltda;62498365000498;;;;;;Treze De Maio 1947, 1947, Bela Vista, 01327900;Treze De Maio 1947;1947;;Bela Vista;;;01327900;;;;10/01/2022 22:32:09;NULL
1304;27402491;Oakberry Caninde;Oak Tiete Superfood Ltda;30084135000143;(1) 19991-3164;;;;;Cruzeiro Do Sul, Canindé, 02030100;Cruzeiro Do Sul;;;Canindé;;;02030100;;;;10/01/2022 22:32:28;NULL
1305;27402471;Thc  - Oakberry Teodoro Sampaio;Thc Alimentos Saudaveis Ltda;33333765000100;;;;;;Teodoro Sampaio, 1027, Pinheiros, 05405100;Teodoro Sampaio;1027;;Pinheiros;;;05405100;;;;10/01/2022 22:32:26;NULL
1306;27392929;NÃO USAR RISOTOLANDIA - BEMIS;;;;;;;;Av JOÃO RAMALHO Nº 964    BEMIS                         , VILA NOEMIA - MAUÁ;Av JOÃO RAMALHO Nº 964    BEMIS                         , VILA NOEMIA - MAUÁ;;;;;;;;;;07/01/2022 19:03:25;NULL
1307;27392827;RASCAL JK;;;(11) 3152-6111;;;;;Avenida PRESIDENTE JUSCELINO KUBITSCHEK Nº 2041   loja 418 piso 03              , VILA NOVA CONCEIÇÃO - SÃO PAULO;Avenida PRESIDENTE JUSCELINO KUBITSCHEK Nº 2041   loja 418 piso 03              , VILA NOVA CONCEIÇÃO - SÃO PAULO;;;;;;;;;;07/01/2022 19:03:16;NULL
1308;27402210;Lbgs - Hosp Iabas;Lbgs Grupos De Serviços Ltda;66786047000130;(1) 14428-1490;;;;;Antônio Carlos, 122, Bela Vista, 01309010;Antônio Carlos;122;;Bela Vista;;;01309010;;;;10/01/2022 22:32:02;NULL
1309;27402239;Risotolandia Instituto Core;Risotolandia Serv De Alimentacao Ltda;04908058004348;0000-0000;;;;;Gothard Kaesemodel, 833, Anita Garibaldi, 89203400;Gothard Kaesemodel;833;;Anita Garibaldi;;;89203400;;;;10/01/2022 22:32:04;NULL
1310;27402202;Mc Afonso;Mc Afonso Com. De Paes E Doces;07611230000136;(1) 14994-1027;;;;;José Caballero, 189, Vila Bastos, 09040210;José Caballero;189;;Vila Bastos;;;09040210;;;;10/01/2022 22:32:01;NULL
1311;27392857;RISOTOLANDIA - WHB - FUNDICAO;;;(11) 3641-3189;;;;;Rua WIEGANDO OLSEN Nº 1600   , CIDADE INDUSTRIAL - CURITIBA;Rua WIEGANDO OLSEN Nº 1600   , CIDADE INDUSTRIAL - CURITIBA;;;;;;;;;;07/01/2022 19:03:19;NULL
1312;27402440;Solar;Solar Ar Condicionado Com. Ltda;06330557000177;(1) 13951-5407;;;;;Antônio Munhoz Bonilha, 545, Vila Palmeiras, 02725000;Antônio Munhoz Bonilha;545;;Vila Palmeiras;;;02725000;;;;10/01/2022 22:32:23;NULL
1313;27392899;RISOTOLANDIA - HOSP. S. CONCEICAO - COVI;;;(41) 3641-3195;;;;;Rua MARECHAL DEODORO Nº 1187   , BENFICA - FORTALEZA;Rua MARECHAL DEODORO Nº 1187   , BENFICA - FORTALEZA;;;;;;;;;;07/01/2022 19:03:22;NULL
1314;27392960;TAFFAREL;;;(11) 3294-1759;;;;;Rua SILVA JARDIM Nº 438    , BELENZINHO - SÃO PAULO;Rua SILVA JARDIM Nº 438    , BELENZINHO - SÃO PAULO;;;;;;;;;;07/01/2022 19:03:27;NULL
1315;27392934;RISOTOLANDIA - ARAUCARIA;;;;;;;;R LUIZ FRANCESCHI Nº 657    , THOMAZ COELHO - ARAUCÁRIA;R LUIZ FRANCESCHI Nº 657    , THOMAZ COELHO - ARAUCÁRIA;;;;;;;;;;07/01/2022 19:03:25;NULL
1316;27392918;RISOTOLANDIA - CONDUSPAR;;;(41) 3641-3189;;;;;Rua DOUTOR MURICI Nº 4000   , COSTEIRA - SÃO JOSÉ DOS PINHAIS;Rua DOUTOR MURICI Nº 4000   , COSTEIRA - SÃO JOSÉ DOS PINHAIS;;;;;;;;;;07/01/2022 19:03:24;NULL
1317;27402200;Afonso;Afonso E Genari Ltda;03578180000181;(1) 14337-1110;;;;;Doutor Flaquer, 639, Centro, 09710180;Doutor Flaquer;639;;Centro;;;09710180;;;;10/01/2022 22:32:00;NULL
1318;27392896;RISOTOLANDIA - HOSPITAL SJP;;;(41) 3641-3189;;;;;Rua PASSOS DE OLIVEIRA Nº 1101   , CENTRO - SÃO JOSÉ DOS PINHAIS;Rua PASSOS DE OLIVEIRA Nº 1101   , CENTRO - SÃO JOSÉ DOS PINHAIS;;;;;;;;;;07/01/2022 19:03:22;NULL
1319;27392820;PHARMACIA SILVA BUENO;;;(11) 3614-6900;;;;;Rua SILVA BUENO Nº 1488   , IPIRANGA - SÃO PAULO;Rua SILVA BUENO Nº 1488   , IPIRANGA - SÃO PAULO;;;;;;;;;;07/01/2022 19:03:16;NULL
1320;27402413;Taffarel;Taffarel Aniceto Bonfim;18521699000109;(1) 13294-1759;;;;;Silva Jardim, 438, Belenzinho, 03163090;Silva Jardim;438;;Belenzinho;;;03163090;;;;10/01/2022 22:32:20;NULL
1321;27402462;Janne Ruiz;Janne Ruiz;18565588000196;(1) 14421-5129;;;;;Abelardo Pinto, Campestre, 09070550;Abelardo Pinto;;;Campestre;;;09070550;;;;10/01/2022 22:32:25;NULL
1322;27402337;Cond Uberlandia Shopping;Condominio Uberlandia Shopping;18614523000193;(1) 13138-1570;;;;;Paulo Gracindo, 15, Gávea, 38411145;Paulo Gracindo;15;;Gávea;;;38411145;;;;10/01/2022 22:32:13;NULL
1323;27392887;RISOTOLANDIA - BRAFER;;;(41) 3641-3189;;;;;Avenida DAS ARAUCÁRIAS Nº 40     , BARIGUI - ARAUCÁRIA;Avenida DAS ARAUCÁRIAS Nº 40     , BARIGUI - ARAUCÁRIA;;;;;;;;;;07/01/2022 19:03:22;NULL
1324;27402377;Pgr - Forceline Extrema - Nao Usar;Pgr Sao Paulo Refiçoes Eireli;17776957002502;(1) 13195-4249;;;;;Josepha Gomes De Souza, 85, Dos Pires, 37640000;Josepha Gomes De Souza;85;;Dos Pires;;;37640000;;;;10/01/2022 22:32:17;NULL
1325;27392931;ITS COOL - COLEGIO SANTA MARIA;;;(41) 3641-3140;;;;;R LUIZ FRANCESCHI Nº 657    , THOMAZ COELHO - ARAUCÁRIA;R LUIZ FRANCESCHI Nº 657    , THOMAZ COELHO - ARAUCÁRIA;;;;;;;;;;07/01/2022 19:03:25;NULL
1326;27402405;Renova;Renova Com. De Prod.  De L. E Desc. Ltda;34880487000166;(1) 13784-2798;;;;;Arturo Toscanini, 37, Parque Ipê, 05571030;Arturo Toscanini;37;;Parque Ipê;;;05571030;;;;10/01/2022 22:32:19;NULL
1327;27392906;RISOTOLANDIA - AMCOR;;;(41) 00000-0000;;;;;Av JOÃO RAMALHO Nº 964    BEMIS                         , VILA NOEMIA - MAUÁ;Av JOÃO RAMALHO Nº 964    BEMIS                         , VILA NOEMIA - MAUÁ;;;;;;;;;;07/01/2022 19:03:23;NULL
1328;27402278;Mja Food - All Parmegiana;Mja Foods Ltda Epp;28520805000185;(1) 14577-0399;;;;;Domingos Agostim, 91, Cidade Mãe Do Céu, 03306010;Domingos Agostim;91;;Cidade Mãe Do Céu;;;03306010;;;;10/01/2022 22:32:08;NULL
1329;27402430;Risotolandia - Saae Barra Mansa;Risotolandia Ind.  E Com De Alim. Ltda;76900463002549;(4) 13641-3189;;;;;Homero Leite, 572, Saudade, 27345350;Homero Leite;572;;Saudade;;;27345350;;;;10/01/2022 22:32:22;NULL
1330;27392970;VERTICO BAURU EMPREENDIMENTOS IMOB LTDA;;;(21) 2176-7272;;;;;Rua GENERAL MARCONDES SALGADO Nº 11-39  , CHÁCARA DAS FLORES - BAURU;Rua GENERAL MARCONDES SALGADO Nº 11-39  , CHÁCARA DAS FLORES - BAURU;;;;;;;;;;07/01/2022 19:03:28;NULL
1331;27392951;SHOPPING PRACA NOVA SANTA MARIA;;;(55) 3304-2636;;;;;Rua IRMÃ DULCE Nº 550    , RENASCENÇA - SANTA MARIA;Rua IRMÃ DULCE Nº 550    , RENASCENÇA - SANTA MARIA;;;;;;;;;;07/01/2022 19:03:26;NULL
1332;27402309;Mvgb Refeiçoes;Mvgb Refeiçoes Coletivas Ltda;05099651000102;(1) 93802-9800;;;;;Engenheiro Cândido Do Rego Chaves, Jundiapeba, 08751300;Engenheiro Cândido Do Rego Chaves;;;Jundiapeba;;;08751300;;;;10/01/2022 22:32:10;NULL
1333;27392908;RISOTOLANDIA - CD SOMOS;;;(41) 3641-3189;;;;;Rod PRES. DUTRA Nº 670    CD - SOMOS                    , EUGÊNIO DE MELLO - SÃO JOSÉ DOS CAMPOS;Rod PRES. DUTRA Nº 670    CD - SOMOS                    , EUGÊNIO DE MELLO - SÃO JOSÉ DOS CAMPOS;;;;;;;;;;07/01/2022 19:03:23;NULL
1334;27402354;Gp Transportes;Gesani P. Transp. De Cargas Ltda;07577114000148;(1) 12296-3815;;;;;Monteiro Lobato, 4550, Cidade Jardim Cumbica, 07180000;Monteiro Lobato;4550;;Cidade Jardim Cumbica;;;07180000;;;;10/01/2022 22:32:14;NULL
1335;27402457;Don Marche - Hotel Quality;Don Marche Serviços De Alim. Ltda;00322135000505;(1) 13744-7209;;;;;Bela Cintra, 521, Consolacao, 01415000;Bela Cintra;521;;Consolacao;;;01415000;;;;10/01/2022 22:32:25;NULL
1336;27402458;Moto Remaza - Butanta;Moto Remaza Distr. Veic. Peças Ltda;54267463001891;(1) 13733-8881;;;;;Ari Aps, 80, Jardim Bonfiglioli, 05594010;Ari Aps;80;;Jardim Bonfiglioli;;;05594010;;;;10/01/2022 22:32:25;NULL
1337;27392842;BITAL - RASCAL TUJUINA;;;(11) 2691-5342;;;;;Rua FRADIQUE COUTINHO Nº 1248   , PINHEIROS - SÃO PAULO;Rua FRADIQUE COUTINHO Nº 1248   , PINHEIROS - SÃO PAULO;;;;;;;;;;07/01/2022 19:03:18;NULL
1338;27402227;Hs Grand Plaza - Sky Asia;Hs Grand Plaza 2011 Alimentos Ltda Me;13693565000143;;;;;;Industrial, 600, Jardim, 09080500;Industrial;600;;Jardim;;;09080500;;;;10/01/2022 22:32:03;NULL
1339;27402252;Montone;Transportadora Montone Ltda;43246941000112;(1) 15015-4160;;;;;Leonardo Da Vinci, 1624, Vila Guarani (Z Sul), 04313001;Leonardo Da Vinci;1624;;Vila Guarani (Z Sul);;;04313001;;;;10/01/2022 22:32:05;NULL
1340;27402511;Driggo - Delivery Zucco;Driggo Restaurante Ltda;38099989000296;(1) 13083-7406;;;;;Oscar Rodrigues Cajado Filho, 154, Santo Amaro, 04710190;Oscar Rodrigues Cajado Filho;154;;Santo Amaro;;;04710190;;;;10/01/2022 22:32:31;NULL
1341;27402329;Romario Costa Da Silva;Romario Costa Da Silva;05972826500;(1) 14577-0399;;;;;Noel Rosa, 974, Jardim Sonia Maria, 09380330;Noel Rosa;974;;Jardim Sonia Maria;;;09380330;;;;10/01/2022 22:32:12;NULL
1342;27402255;Rascal Jk;Rajk Restaurantes Ltda;14215386000163;(1) 13152-6111;;;;;Presidente Juscelino Kubitschek, 2041, Vila Nova Conceição, 04543011;Presidente Juscelino Kubitschek;2041;;Vila Nova Conceição;;;04543011;;;;10/01/2022 22:32:05;NULL
1343;27392900;RISOTOLANDIA - RISA GLASS;;;(41) 3641-3189;;;;;Rua WIEGANDO OLSEN Nº 1600   , CIDADE INDUSTRIAL - CURITIBA;Rua WIEGANDO OLSEN Nº 1600   , CIDADE INDUSTRIAL - CURITIBA;;;;;;;;;;07/01/2022 19:03:22;NULL
1344;27402527;Oakberry - Jd. Iris;Edson Gomes Lopes Com. De Acai;32813406000180;;;;;;Raimundo Pereira De Magalhães, 1465, 1465, Jardim Íris, 05145907;Raimundo Pereira De Magalhães, 1465;1465;;Jardim Íris;;;05145907;;;;10/01/2022 22:32:33;NULL
1345;27402343;Shopping Praca Nova Santa Maria;Shopping Praca Nova Santa Maria;29014281000113;(5) 53304-2636;;;;;Irmã Dulce, 550, Renascença, 97030630;Irmã Dulce;550;;Renascença;;;97030630;;;;10/01/2022 22:32:13;NULL
1346;27392938;RISOTOLÂNDIA - ARTVINCO ITATIBA;;;;;;;;Rodovia ALKINDAR MONTEIRO JUNQUEIRA Nº SN     , SÍTIO DA MOENDA - ITATIBA;Rodovia ALKINDAR MONTEIRO JUNQUEIRA Nº SN     , SÍTIO DA MOENDA - ITATIBA;;;;;;;;;;07/01/2022 19:03:25;NULL
1347;27402316;Irh Servicos;Irh Servicos Terceirizados Eireli;12840447000158;;;;;;Artur De Queirós, 73, Casa Branca, 09015510;Artur De Queirós;73;;Casa Branca;;;09015510;;;;10/01/2022 22:32:11;NULL
1348;27392856;RISOTOLANDIA - WEG CESTARI;;;(41) 3641-3140;;;;;Rodovia MONTE ALTO Nº S/N    WEG CESTARI                   , PERIMETRO URBANO - MONTE ALTO;Rodovia MONTE ALTO Nº S/N    WEG CESTARI                   , PERIMETRO URBANO - MONTE ALTO;;;;;;;;;;07/01/2022 19:03:19;NULL
1349;27402469;Bipo Steack House;To Go Paulista F.Com. De Alim. Ltda  Epp;26364189000195;;;;;;Santos, 1518, Cerqueira Cesar, 01418102;Santos;1518;;Cerqueira Cesar;;;01418102;;;;10/01/2022 22:32:26;NULL
1350;27402369;Rotisserie;Rotisserie Demarchi Ltda Me;48719264000126;(1) 14347-9047;;;;;Mateos Demarchi, 156, Demarchi, 09820270;Mateos Demarchi;156;;Demarchi;;;09820270;;;;10/01/2022 22:32:16;NULL
1351;27402526;Piu Rest.Higienopolis-Renato;Piu Restaurante E Participacoes Ltda;21578185000439;;;;;;Higienópolis, 646, Higienopolis, 01238000;Higienópolis;646;;Higienopolis;;;01238000;;;;10/01/2022 22:32:33;NULL
1352;27392923;RISOTOLANDIA - FRANKLIN;;;(41) 3641-3189;;;;;R HANS DIETER SCHMIDT Nº 1501   , ZONA INDUSTRIAL NORTE - JOINVILLE;R HANS DIETER SCHMIDT Nº 1501   , ZONA INDUSTRIAL NORTE - JOINVILLE;;;;;;;;;;07/01/2022 19:03:24;NULL
1353;27402215;Sabor Gourmet - Cozinha;Sabor Gourmet Bras Ref.Ind Ltda;10748761000180;(1) 93829-8000;;;;;Doutor Jose Pagano Brundo, 65, Vila Pagano, 13277210;Doutor Jose Pagano Brundo;65;;Vila Pagano;;;13277210;;;;10/01/2022 22:32:02;NULL
1354;27392881;RISOTOLANDIA - ABBOTT;;;(41) 3641-3189;;;;;Rua MICHIGAN 735 Nº 735    , CIDADE MONÇÕES - SÃO PAULO;Rua MICHIGAN 735 Nº 735    , CIDADE MONÇÕES - SÃO PAULO;;;;;;;;;;07/01/2022 19:03:21;NULL
1355;27392860;CEASAQ - RISOTOLANDIA ELOISA;;;(41) 3641-3189;;;;;Rua PROFESSOR FÁBIO DE SOUZA Nº 1240   , SANTA QUITÉRIA - CURITIBA;Rua PROFESSOR FÁBIO DE SOUZA Nº 1240   , SANTA QUITÉRIA - CURITIBA;;;;;;;;;;07/01/2022 19:03:19;NULL
1356;27402503;Risotolandia - Escola Cedup Abilio Paulo;Risotolandia Ind. E Com. De Alim. Ltda;76900463001739;(4) 13641-3189;;;;;Universitária, 345, Universitário, 88806000;Universitária;345;;Universitário;;;88806000;;;;10/01/2022 22:32:30;NULL
1357;27392915;RISOTOLANDIA - IMCOPA;;;(41) 4121-9685;;;;;Avenida DAS ARAUCÁRIAS Nº 5899   COZINHA                       , THOMAZ COELHO - ARAUCÁRIA;Avenida DAS ARAUCÁRIAS Nº 5899   COZINHA                       , THOMAZ COELHO - ARAUCÁRIA;;;;;;;;;;07/01/2022 19:03:24;NULL
1358;27402393;Nutri Massa;Nutri Massa Comercio De Alim. Ltda Epp;05195662000188;(1) 14109-1848;;;;;Dos Casa, 2551, Dos Casa, 09840000;Dos Casa;2551;;Dos Casa;;;09840000;;;;10/01/2022 22:32:18;NULL
1359;27392884;RISOTOLANDIA  - JUIZ DE FORA;;;(41) 3641-3189;;;;;Avenida PRESIDENTE JUSCELINO KUBITSCHECK Nº 273    , INDUSTRIAL - JUIZ DE FORA;Avenida PRESIDENTE JUSCELINO KUBITSCHECK Nº 273    , INDUSTRIAL - JUIZ DE FORA;;;;;;;;;;07/01/2022 19:03:21;NULL
1360;27402448;6 Jotas;6 Jotas Locacoes De Veiculos;08837905000122;;;;;;Doutor Edison Consolmagno, 181, Jardim Ponte Grande, 08775570;Doutor Edison Consolmagno;181;;Jardim Ponte Grande;;;08775570;;;;10/01/2022 22:32:24;NULL
1361;27402303;A.R.W - Oggi Restaurante;A.R.W Empreendimentos Gast. Eireli Me;21267648000107;(1) 15054-6230;;;;;Oswaldo Casimiro Muller, 76, Cidade Monções, 04571030;Oswaldo Casimiro Muller;76;;Cidade Monções;;;04571030;;;;10/01/2022 22:32:10;NULL
1362;27402326;Agrodanieli - Tapejara;Agrodanieli E Comercio Ltda;02990334000509;(5) 43344-4280;;;;;Localidade De Sao Silvestre, Interior, 99950000;Localidade De Sao Silvestre;;;Interior;;;99950000;;;;10/01/2022 22:32:12;NULL
1363;27402263;Gratin - All Maua;Gratin Restaurante Ltda Me;03349333000119;(1) 14543-2273;;;;;Antônia Rosa Fioravanti, 3270, Jardim Rosina, 09390120;Antônia Rosa Fioravanti;3270;;Jardim Rosina;;;09390120;;;;10/01/2022 22:32:06;NULL
1364;27402427;Jonathan Rogerio;Jonathan Rogerio De Oliveira;43833805811;(1) 12919-2418;;;;;Antônio Pereira Machado, 356, Parque São Rafael, 08320130;Antônio Pereira Machado;356;;Parque São Rafael;;;08320130;;;;10/01/2022 22:32:22;NULL
1365;27402426;Maicon Alex Sander Ezidio;Maicon Alex Sander Ezidio;35538194000168;;;;;;Cristiano Lobe, 119, Cidade Tiradentes, 08475340;Cristiano Lobe;119;;Cidade Tiradentes;;;08475340;;;;10/01/2022 22:32:22;NULL
1366;27402283;Dia Brasil - Osasco;Dia Brasil Sociedade Limitada;03476811021159;(1) 13886-8610;;;;;Papa João Xxiii, 3059, Loteamento Industrial Coral, 09370800;Papa João Xxiii;3059;;Loteamento Industrial Coral;;;09370800;;;;10/01/2022 22:32:08;NULL
1367;27392921;RISOTOLANDIA - CD SP;;;(41) 3641-3189;;;;;Rua ARTHEMIO DIONIZIO DA COSTA Nº 364    , JARDIM ALVORADA - JANDIRA;Rua ARTHEMIO DIONIZIO DA COSTA Nº 364    , JARDIM ALVORADA - JANDIRA;;;;;;;;;;07/01/2022 19:03:24;NULL
1368;27402331;Bergamo & Massola;Bergamo & Massola Lav. E Serviços Ltda;22346521000138;;;;;;Tocantins 75, 75, Alphaville Industrial, 06455930;Tocantins 75;75;;Alphaville Industrial;;;06455930;;;;10/01/2022 22:32:12;NULL
1369;27402464;Robert Daniel Silva Rodrigues;Robert Daniel Silva Rodrigues;45691109839;;;;;;São João, 137, Jardim Estrela, 09340480;São João;137;;Jardim Estrela;;;09340480;;;;10/01/2022 22:32:26;NULL
1370;27402481;Coop Regional - Majestade;Coop Regi. Sananduva De Carnes E Der. Lt;95323275000172;(5) 43343-8200;;;;;Rio Branco, 358, Centro, 99840000;Rio Branco;358;;Centro;;;99840000;;;;10/01/2022 22:32:27;NULL
1371;27402335;Cond Passeio Das Aguas Shopping;Cond Passeio Das Aguas Shopping;23282496000139;(1) 13371-4133;;;;;Perimetral Norte, Fazenda Caveiras, 74445360;Perimetral Norte;;;Fazenda Caveiras;;;74445360;;;;10/01/2022 22:32:12;NULL
1372;27392838;RASCAL HIGIENOPOLIS;;;(11) 3822-0183;;;;;Av HIGIENÓPOLIS Nº 646    , HIGIENOPOLIS - SÃO PAULO;Av HIGIENÓPOLIS Nº 646    , HIGIENOPOLIS - SÃO PAULO;;;;;;;;;;07/01/2022 19:03:17;NULL
1373;27402230;A2a  - Skyasia Tucuruvi;A2a Fast Food Ltda;17097298000283;;;;;;Dr. Antonio Maria Laet, 566, Parada Inglesa, 02307120;Dr. Antonio Maria Laet;566;;Parada Inglesa;;;02307120;;;;10/01/2022 22:32:03;NULL
1374;27402402;Drogaria Campea;Drogaria Campea Popular C. Costa Ltda;21812204001098;(1) 11111-1111;;;;;Santa Mônica, 1306, Parque Industrial San José, 06715865;Santa Mônica;1306;;Parque Industrial San José;;;06715865;;;;10/01/2022 22:32:19;NULL
1375;27402404;Unimed;Unimed Comercial Hospitalar Eireli;59629519000186;;;;;;Tiradentes, 245, Vila Assunção, 09030560;Tiradentes;245;;Vila Assunção;;;09030560;;;;10/01/2022 22:32:19;NULL
1376;27402328;Agrodanieli - Vila Langaro;Agrodanieli Ind. E Comercio Ltda;02990334001661;(5) 43344-4200;;;;;Rodovia Rs 463 Km 14,5, Linha Schleder, 99950000;Rodovia Rs 463 Km 14,5;;;Linha Schleder;;;99950000;;;;10/01/2022 22:32:12;NULL
1377;27402308;Transface Frimesa;Transface Transp Ltda;61683652000243;(1) 12207-7070;;;;;Serafim Poli, 59, Jardim Andaraí, 02169010;Serafim Poli;59;;Jardim Andaraí;;;02169010;;;;10/01/2022 22:32:10;NULL
1378;27402285;Dia Maua;Dia Brasil Sociedade Limitada;03476811063072;(1) 13886-8610;;;;;Papa João Xxiii, 3147, Loteamento Industrial Coral, 09370800;Papa João Xxiii;3147;;Loteamento Industrial Coral;;;09370800;;;;10/01/2022 22:32:08;NULL
1379;27402434;Emporium Sao Paulo - Maracatins;Hm Supermercados Lt;66533696000553;(1) 13053-3310;;;;;Dos Maracatins, 217, Indianópolis, 04089010;Dos Maracatins;217;;Indianópolis;;;04089010;;;;10/01/2022 22:32:22;NULL
1380;27402346;Cond Shopping Parque Dom Pedro;Cond Shopping Parque Dom Pedro;04895134000179;(1) 93208-3600;;;;;Guilherme Campos 500, 500, Jardim Santa Genebra, 13087901;Guilherme Campos 500;500;;Jardim Santa Genebra;;;13087901;;;;10/01/2022 22:32:13;NULL
1381;27402293;Capaci;Capaci Salgados Ltda Epp;10998627000137;(1) 12602-4300;;;;;Vereador Abel Ferreira, 320, Vila Regente Feijo, 03340000;Vereador Abel Ferreira;320;;Vila Regente Feijo;;;03340000;;;;10/01/2022 22:32:09;NULL
1382;27392850;RENTAL FESTA AMERICO SAMARONE;;;(11) 2067-6717;;;;;Rua AMÉRICO SAMARONE Nº 251    IPIRANGA                      , VILA MOINHO VELHO - SÃO PAULO;Rua AMÉRICO SAMARONE Nº 251    IPIRANGA                      , VILA MOINHO VELHO - SÃO PAULO;;;;;;;;;;07/01/2022 19:03:19;NULL
1383;27392936;RISOTOLANDIA - ESCOLA CEDUP ABILIO PAULO;;;(41) 3641-3189;;;;;Avenida UNIVERSITÁRIA Nº 345    , UNIVERSITÁRIO - CRICIUMA;Avenida UNIVERSITÁRIA Nº 345    , UNIVERSITÁRIO - CRICIUMA;;;;;;;;;;07/01/2022 19:03:25;NULL
1384;27402475;Oakberry Shoping Barueri;Moussa & Gomes Healthy Food Ltda;35027604000106;;;;;;General De Divisão De Pedro Rodrigues Da Silva, 400, < Sem  Bairro >, 06044018;General De Divisão De Pedro Rodrigues Da Silva;400;;< Sem  Bairro >;;;06044018;;;;10/01/2022 22:32:27;NULL
1385;27392834;RASCAL RIO SUL - RSRS - OUTRO LOCAL DE E;;;(21) 3873-0339;;;;;Avenida AYRTON SENNA 2150 Nº 2150   LOJA A1 E L - BLOCO B -       , BARRA DA TIJUCA - RIO DE JANEIRO;Avenida AYRTON SENNA 2150 Nº 2150   LOJA A1 E L - BLOCO B -       , BARRA DA TIJUCA - RIO DE JANEIRO;;;;;;;;;;07/01/2022 19:03:17;NULL
1386;27402489;Transportadora Calil;Calil Logistica E Armazens Gerias Ltda;26493959000108;(1) 12446-0619;;;;;Santana De Ipanema, 183, Cidade Industrial Satélite De São Paulo, 07220010;Santana De Ipanema;183;;Cidade Industrial Satélite De São Paulo;;;07220010;;;;10/01/2022 22:32:28;NULL
1387;27402497;Silvia Rozendo Bezerra;Silvia Rozendo Bezerra;34517270807;;;;;;Marcondes De Moura E Costa, 119, Vila Perus, 05206180;Marcondes De Moura E Costa;119;;Vila Perus;;;05206180;;;;10/01/2022 22:32:29;NULL
1388;27402319;Fernanda Hentz;Fernanda Hentiz;04551224000142;;;;;;Rui Barbosa, 606, Vila Rezende, 13405217;Rui Barbosa;606;;Vila Rezende;;;13405217;;;;10/01/2022 22:32:11;NULL
1389;27402356;Condominio Horizontes;Condominio Horizontes Cidade Universitar;14287810000185;(1) 12925-7116;;;;;Escola Politécnica, 942, Jaguare, 05350000;Escola Politécnica;942;;Jaguare;;;05350000;;;;10/01/2022 22:32:14;NULL
1390;27402360;Risotolandia - Renner;Risotolandia Serviços De Alim. Ltda;04908058008688;(4) 16341-3160;;;;;Rs-118, 6511, Neópolis, 94100420;Rs-118;6511;;Neópolis;;;94100420;;;;10/01/2022 22:32:15;NULL
1391;27392894;RISOTOLANDIA - TAM;;;(41) 3641-3189;;;;;Avenida EMÍLIO ANTONON Nº 0      TAM                           , AEROPORTO - JUNDIAÍ;Avenida EMÍLIO ANTONON Nº 0      TAM                           , AEROPORTO - JUNDIAÍ;;;;;;;;;;07/01/2022 19:03:22;NULL
1392;27402523;Jimmy Berry - Av. Aricanduva;Jimmy Berry Comercio De Acai  Ltda;31976215000419;;;;;;Aricanduva, 5555, Vila Aricanduva, 03527000;Aricanduva;5555;;Vila Aricanduva;;;03527000;;;;10/01/2022 22:32:32;NULL
1393;27402320;Asservo;Asservo Multisserviços Ltda;10643999000140;(1) 14210-0119;;;;;Antônio Cardoso Franco, 155, Casa Branca, 09015530;Antônio Cardoso Franco;155;;Casa Branca;;;09015530;;;;10/01/2022 22:32:11;NULL
1394;27402519;Oakberry - São Caetano Do Sul;Oak Pssc Ltda;30076205000111;;;;;;Terracota, 545, Ceramica, 09531190;Terracota;545;;Ceramica;;;09531190;;;;10/01/2022 22:32:32;NULL
1395;27402524;Risotolandia - Hospital Sjp;Municipio De Sao Jose Dos Pinhais;76105543000135;(4) 13641-3189;;;;;Passos De Oliveira, 1101, Centro, 83030720;Passos De Oliveira;1101;;Centro;;;83030720;;;;10/01/2022 22:32:32;NULL
1396;27402504;V.R Ramos - Generoso;V.R. Ramos E Cia Ltda;00972696000118;(1) 14020-3567;;;;;Papa João Paulo I, 687, Vila Aeroporto, 07170350;Papa João Paulo I;687;;Vila Aeroporto;;;07170350;;;;10/01/2022 22:32:30;NULL
1397;27402286;Dia Minas Gerais;Dia Brasil Sociedade Limitada;03476811042903;(1) 13886-8610;;;;;Papa João Xxiii 2732, 3059, Vila Noemia, 09370900;Papa João Xxiii 2732;3059;;Vila Noemia;;;09370900;;;;10/01/2022 22:32:08;NULL
1398;27402264;Nutri Hospitalar - Ipiranga;Nutri Hospitalar Alim E Serv;10218086000187;(1) 42106-9600;;;;;Nazaré, 28, Ipiranga, 04262100;Nazaré;28;;Ipiranga;;;04262100;;;;10/01/2022 22:32:06;NULL
1399;27402236;Rascal Iguatemi;Rascal Restaurantes Ltda;02509372000173;(1) 13816-3546;;;;;Brigadeiro Faria Lima, 2232, Jardim Paulistano, 01451000;Brigadeiro Faria Lima;2232;;Jardim Paulistano;;;01451000;;;;10/01/2022 22:32:04;NULL
1400;27402484;Cerees Food Dist.  Ribeirao Pires;Cerees Food Dist. De Alimentos  Ltda;19791013000154;(1) 14577-0399;;;;;Salvador Rípoli, 2280, Santa Luzia, 09431360;Salvador Rípoli;2280;;Santa Luzia;;;09431360;;;;10/01/2022 22:32:28;NULL
1401;27392927;RISOTOLANDIA - RC FALCON;;;(41) 3641-3140;;;;;Avenida MARECHAL RONDON Nº 1368   RC FALCON                     , CENTRO - OSASCO;Avenida MARECHAL RONDON Nº 1368   RC FALCON                     , CENTRO - OSASCO;;;;;;;;;;07/01/2022 19:03:25;NULL
1402;27392924;RISOTOLANDIA INSTITUTO CORE;;;;;;;;Rua GOTHARD KAESEMODEL Nº 833    , ANITA GARIBALDI - JOINVILLE;Rua GOTHARD KAESEMODEL Nº 833    , ANITA GARIBALDI - JOINVILLE;;;;;;;;;;07/01/2022 19:03:24;NULL
1403;27402274;Valente;Valente Corretora De Seguros Ltda;67978312000145;;;;;;Caminho Do Pilar, 1232, Vila Gilda, 09190000;Caminho Do Pilar;1232;;Vila Gilda;;;09190000;;;;10/01/2022 22:32:07;NULL
1404;27402261;Cortes - Csle - Outro Local De Entrega;Piscius Restaurantes Ltda;20291715000158;(2) 13576-9697;;;;;Ayrton Senna 2150, 2150, Barra Da Tijuca, 22775900;Ayrton Senna 2150;2150;;Barra Da Tijuca;;;22775900;;;;10/01/2022 22:32:06;NULL
1405;27402370;Adex Distribuidora;Aguiar E Souza Util Domesticas Ltda;15540027000144;(5) 43312-0022;;;;;Coronel Camisão, 334, Vila Popular, 99010230;Coronel Camisão;334;;Vila Popular;;;99010230;;;;10/01/2022 22:32:16;NULL
1406;27402315;Sara;Sara Cristina Martins;28505568826;(1) 14433-0980;;;;;Andorra, 343, Vila Francisco Matarazzo, 09241050;Andorra;343;;Vila Francisco Matarazzo;;;09241050;;;;10/01/2022 22:32:11;NULL
1407;27402254;Infinit;David Almeida Alves Neto;13131279000194;;;;;;Rafael Balzani, 32, Vila Moreira, 07020091;Rafael Balzani;32;;Vila Moreira;;;07020091;;;;10/01/2022 22:32:05;NULL
1408;27402295;Cond. Verona;Condominio Verona;10466618000103;;;;;;Doutor Emílio Ribas, 70, Perdizes, 05006020;Doutor Emílio Ribas;70;;Perdizes;;;05006020;;;;10/01/2022 22:32:09;NULL
1409;27392964;TOQUE FINAL;;;(11) 99887-2534;;;;;Rua ÂNGELO FRANCHINI Nº 165    GALPAO 6                      , PARQUE JAÇATUBA - SANTO ANDRÉ;Rua ÂNGELO FRANCHINI Nº 165    GALPAO 6                      , PARQUE JAÇATUBA - SANTO ANDRÉ;;;;;;;;;;07/01/2022 19:03:27;NULL
1410;27402228;Hs 2007 - Sky Asia;Hs 2007 Alimentos Eireli Me;09072159000196;;;;;;Domingos De Morais, 2564, Vila Mariana, 04036100;Domingos De Morais;2564;;Vila Mariana;;;04036100;;;;10/01/2022 22:32:03;NULL
1411;27402250;Integral - Passos Da Patria;Integral Alimentação Com. E Serv. Ltda;05218394000172;(1) 12521-8894;;;;;Passo Da Pátria, 1651, Bela Aliança, 05085000;Passo Da Pátria;1651;;Bela Aliança;;;05085000;;;;10/01/2022 22:32:05;NULL
1412;27392824;PORTAL MORUMB;;;;;;;;Rua MARECHAL HASTINFILO DE MOURA 338 Nº 338    , VILA SUZANA - SÃO PAULO;Rua MARECHAL HASTINFILO DE MOURA 338 Nº 338    , VILA SUZANA - SÃO PAULO;;;;;;;;;;07/01/2022 19:03:16;NULL
1413;27392889;RISOTOLANDIA - RC POSITIVO;;;;;;;;R (Rua) JOAO BETEGA Nº 5200   , CIDADE INDUSTRIAL - CURITIBA;R (Rua) JOAO BETEGA Nº 5200   , CIDADE INDUSTRIAL - CURITIBA;;;;;;;;;;07/01/2022 19:03:22;NULL
1414;27402521;Piu Rest. Iguatemi /Shop.Iguatemi-Daniel;Piu Restaurante E Participacoes Ltda;21578185000358;;;;;;Brigadeiro Faria Lima, 2232, 2232, Jardim Paulistano, 01489900;Brigadeiro Faria Lima, 2232;2232;;Jardim Paulistano;;;01489900;;;;10/01/2022 22:32:32;NULL
1415;27402396;Flv - Quitanda - Pinheiros;Flv Comercio De Hortifruto Ltda;08772290000101;(1) 13060-3230;;;;;Artur De Azevedo, 1433, Pinheiros, 05404013;Artur De Azevedo;1433;;Pinheiros;;;05404013;;;;10/01/2022 22:32:18;NULL
1416;27392875;RISOTOLANDIA - RC IP GROUP;;;(41) 3641-3189;;;;;Rodovia BR-277 Nº s/n    , BORDA DO CAMPO - SÃO JOSÉ DOS PINHAIS;Rodovia BR-277 Nº s/n    , BORDA DO CAMPO - SÃO JOSÉ DOS PINHAIS;;;;;;;;;;07/01/2022 19:03:21;NULL
1417;27392844;ACTANS RASCAL ESCRITORIO;;;(11) 3576-7200;;;;;Avenida DOUTORA RUTH CARDOSO Nº 4777   16 A - NORTE A - ED.VILLA LOBO, JARDIM UNIVERSIDADE PINHEIROS - SÃO PAULO;Avenida DOUTORA RUTH CARDOSO Nº 4777   16 A - NORTE A - ED.VILLA LOBO, JARDIM UNIVERSIDADE PINHEIROS - SÃO PAULO;;;;;;;;;;07/01/2022 19:03:18;NULL
1418;27402332;Henz Correa;Henz Correa & Hentz Ltda;06333148000124;;;;;;Saldanha Marinho, 465, Centro, 18200001;Saldanha Marinho;465;;Centro;;;18200001;;;;10/01/2022 22:32:12;NULL
1419;27392886;RISOTOLANDIA - RIBEIRAO DAS NEVES;;;(41) 3641-3189;;;;;Avenida JOSÉ CARLOS COSTA Nº 688    , LIBERDADE  - RIBEIRÃO DAS NEVES;Avenida JOSÉ CARLOS COSTA Nº 688    , LIBERDADE  - RIBEIRÃO DAS NEVES;;;;;;;;;;07/01/2022 19:03:21;NULL
1420;27402371;Rodopan;Rodopan Transportes Ltda;00849291000278;(1) 12955-5457;;;;;Carmópolis De Minas, 1045, Vila Maria, 02116010;Carmópolis De Minas;1045;;Vila Maria;;;02116010;;;;10/01/2022 22:32:16;NULL
1421;27402223;Hs Pompeia - Sky Asia;Hs Pompeia Alimentos Eireli - Me;09294774000147;;;;;;Turiassu, 2100, Perdizes, 05005000;Turiassu;2100;;Perdizes;;;05005000;;;;10/01/2022 22:32:03;NULL
1422;27402407;Instituição Caminho Ananias;Inst. Ass. Casa Do Caminho Ananias;74333808000127;(1) 14991-7543;;;;;Andorinha, 9, Santa Maria, 09071120;Andorinha;9;;Santa Maria;;;09071120;;;;10/01/2022 22:32:19;NULL
1423;27402246;Manduu;Manduu Alimentação Eireli;32103233000106;;;;;;Das Bandeiras, 266, Jardim, 09090780;Das Bandeiras;266;;Jardim;;;09090780;;;;10/01/2022 22:32:05;NULL
1424;27392866;RISOTOLANDIA - INSTITUTO CORE;;;(41) 3641-3189;;;;;R LUIZ FRANCESCHI Nº 657    , THOMAZ COELHO - ARAUCÁRIA;R LUIZ FRANCESCHI Nº 657    , THOMAZ COELHO - ARAUCÁRIA;;;;;;;;;;07/01/2022 19:03:20;NULL
1425;27402323;Jose Carlos;Jose Carlos Hentz;72995483000112;;;;;;Do Rosário, 2630, Paulista, 13401138;Do Rosário;2630;;Paulista;;;13401138;;;;10/01/2022 22:32:12;NULL
1426;27392818;PGR - SUPRENS;;;(11) 2985-7802;;;;;Estrada FAUSTINO BIZETTO Nº 515    , BOTUJURU (BOTUJURU) - CAMPO LIMPO PAULISTA;Estrada FAUSTINO BIZETTO Nº 515    , BOTUJURU (BOTUJURU) - CAMPO LIMPO PAULISTA;;;;;;;;;;07/01/2022 19:03:16;NULL
1427;27402465;Dibon - Sacoma;Dibon Supermercados Ltda;14148916000106;;;;;;Padre Arlindo Vieira, 3255, Jardim Vergueiro (Sacomã), 04166003;Padre Arlindo Vieira;3255;;Jardim Vergueiro (Sacomã);;;04166003;;;;10/01/2022 22:32:26;NULL
1428;27392843;RASCAL LEBLON - RSLE - OUTRO LOCAL DE EN;;;(21) 2259-6437;;;;;Avenida AYRTON SENNA 2150 Nº 2150   LOJA A1 E L - BLOCO B         , BARRA DA TIJUCA - RIO DE JANEIRO;Avenida AYRTON SENNA 2150 Nº 2150   LOJA A1 E L - BLOCO B         , BARRA DA TIJUCA - RIO DE JANEIRO;;;;;;;;;;07/01/2022 19:03:18;NULL
1429;27402333;Exkalla;Exkalla Con. Inc. E Participaçoes Ltda;12925515000181;(1) 19827-4442;;;;;Adolfo Bastos, 116, Vila Bastos, 09041000;Adolfo Bastos;116;;Vila Bastos;;;09041000;;;;10/01/2022 22:32:12;NULL
1430;27402482;Estelar;Agencia De Cargas Estelar Ltda;62531215000196;(1) 13227-3798;;;;;Mauá, 898, Luz, 01028000;Mauá;898;;Luz;;;01028000;;;;10/01/2022 22:32:27;NULL
1431;27392858;RISOTOLANDIA - RESTAURANTE;;;;;;;;R LUIZ FRANCESCHI Nº 697    RESTAURANTE                   , THOMAZ COELHO - ARAUCÁRIA;R LUIZ FRANCESCHI Nº 697    RESTAURANTE                   , THOMAZ COELHO - ARAUCÁRIA;;;;;;;;;;07/01/2022 19:03:19;NULL
1432;27402231;A2a - Sky Asia Sbc;A2a Fast Food Ltda;17097298000100;;;;;;Rotary, 624, Centro, 09721000;Rotary;624;;Centro;;;09721000;;;;10/01/2022 22:32:04;NULL
1433;27402507;Oakberry - Ernestina;Lanchonete Jotha Ltda;32755206000118;;;;;;Antônio De Oliveira Gago, 108, Jardim Ernestina, 04677090;Antônio De Oliveira Gago;108;;Jardim Ernestina;;;04677090;;;;10/01/2022 22:32:30;NULL
1434;27402406;Associação Love;Associacão Love For Live;35654876000136;;;;;;Pedro Morganti, 147, Vila Mariana, 04020070;Pedro Morganti;147;;Vila Mariana;;;04020070;;;;10/01/2022 22:32:19;NULL
1435;27402310;Pronutri Glp Bh;Ecn Refeiçoes Coletivas Eireli;27193128000256;(1) 12521-8894;;;;;Antonio Ingracio Pereira, 101, Vespasiano, 33200000;Antonio Ingracio Pereira;101;;Vespasiano;;;33200000;;;;10/01/2022 22:32:10;NULL
1436;27402438;Emporium Sao Paulo - Pedroso;Mhm Supermercados Ltda;05248899000180;(1) 13704-3899;;;;;Pedroso Alvarenga, 803, Jardim Paulista, 04531011;Pedroso Alvarenga;803;;Jardim Paulista;;;04531011;;;;10/01/2022 22:32:22;NULL
1437;27402357;Raft Embalagens - Renan;Raft Embalagens Ltda;02496442000287;;;;;;João Batista Nogueira, 686, Vila Nova Cumbica, 07230451;João Batista Nogueira;686;;Vila Nova Cumbica;;;07230451;;;;10/01/2022 22:32:14;NULL
1438;27402353;Paoletti;Paoletti Gomes Filippini;24656513822;;;;;;Itapeti, 1000, Vila Gomes Cardim, 03324002;Itapeti;1000;;Vila Gomes Cardim;;;03324002;;;;10/01/2022 22:32:14;NULL
1439;27402386;Viva Comercial Ltda;Viva Comercial Ltda;07041396000164;(1) 13004-0303;;;;;Carlos Liviero, 266, Vila Liviero, 04186100;Carlos Liviero;266;;Vila Liviero;;;04186100;;;;10/01/2022 22:32:17;NULL
1440;27402330;Igor Paulino;Igor Fabiano Castanho;27273158801;(1) 14433-0980;;;;;Gertrudes De Lima, 238, Centro, 09020000;Gertrudes De Lima;238;;Centro;;;09020000;;;;10/01/2022 22:32:12;NULL
1441;27402433;Emporium São Paulo - Jurema;Hm Supermercados Lt;66533696000120;(1) 15054-8000;;;;;Jurema, 271, Indianópolis, 04079001;Jurema;271;;Indianópolis;;;04079001;;;;10/01/2022 22:32:22;NULL
1442;27392982;THEUSS - DELIVERY MORUMBI;;;(11) 97187-2070;;;;;Rua OSCAR RODRIGUES CAJADO FILHO Nº 154    , SANTO AMARO - SÃO PAULO;Rua OSCAR RODRIGUES CAJADO FILHO Nº 154    , SANTO AMARO - SÃO PAULO;;;;;;;;;;07/01/2022 19:03:29;NULL
1443;27402287;Dia Brasil Ribeirao Preto;Dia Brasil Sociedade Limitada;03476811042237;(1) 13886-8610;;;;;Papa João Xxiii, 3059, Loteamento Industrial Coral, 09370800;Papa João Xxiii;3059;;Loteamento Industrial Coral;;;09370800;;;;10/01/2022 22:32:08;NULL
1444;27402300;Dagostini;Transp. Dagostini E Repres Ltda;43096577000151;(1) 13619-3577;;;;;Moisés Kauffmann, 441, Parque Industrial Tomas Edson, 01140010;Moisés Kauffmann;441;;Parque Industrial Tomas Edson;;;01140010;;;;10/01/2022 22:32:09;NULL
1445;27392861;RISOTOLANDIA - TINTEX;;;(41) 3641-3189;;;;;Avenida AMPÉLIO GAZZETTA Nº 111    TINTEX                        , PARQUE RESIDENCIAL FRANCISCO LOPES IGLESIA - NOVA ODESSA;Avenida AMPÉLIO GAZZETTA Nº 111    TINTEX                        , PARQUE RESIDENCIAL FRANCISCO LOPES IGLESIA - NOVA ODESSA;;;;;;;;;;07/01/2022 19:03:19;NULL
1446;27402496;Aliansce Sonae - Shopping Leblon;Condominio Do Shopping Leblon;08471923000133;(1) 13371-3672;;;;;Afrânio De Melo Franco, 290, Leblon, 22430060;Afrânio De Melo Franco;290;;Leblon;;;22430060;;;;10/01/2022 22:32:29;NULL
1447;27402340;Hdi Seguros S.A;Hdi Seguros S.A;29980158000157;(1) 15508-1300;;;;;;;;;;;;;;;;10/01/2022 22:32:13;NULL
1448;27392825;RAFT EMBALAGENS - RENAN;;;(11) 94053-0614;;;;;Rua JOÃO BATISTA NOGUEIRA Nº 686    , VILA NOVA CUMBICA - GUARULHOS;Rua JOÃO BATISTA NOGUEIRA Nº 686    , VILA NOVA CUMBICA - GUARULHOS;;;;;;;;;;07/01/2022 19:03:16;NULL
1449;27392939;RM - LUIS FERNANDO;;;(11) 4577-0399;;;;;Rua DOUTOR SAMUEL PORTO Nº 351    , SAÚDE - SÃO PAULO;Rua DOUTOR SAMUEL PORTO Nº 351    , SAÚDE - SÃO PAULO;;;;;;;;;;07/01/2022 19:03:25;NULL
1450;27402420;Rascal Grupo;Rascal Grupo;00000000000000;(1) 14577-0399;;;;;Acuruí, 72, Vila Formosa, 03355000;Acuruí;72;;Vila Formosa;;;03355000;;;;10/01/2022 22:32:21;NULL
1451;27392876;RISA CLASS - STA ROSA DO VITERBO;;;(41) 3641-3189;;;;;R (Rua) PAVIMENTACAO ASFALTICA  Nº 322    ARTIVINCO SANTA ROSA VITERBO  , FAZENDA AMALIA - SANTA ROSA DE VITERBO;R (Rua) PAVIMENTACAO ASFALTICA  Nº 322    ARTIVINCO SANTA ROSA VITERBO  , FAZENDA AMALIA - SANTA ROSA DE VITERBO;;;;;;;;;;07/01/2022 19:03:21;NULL
1452;27402362;Instituto Liceu Jardim;Instituto Educ.E Cult Un.Jardim S/C Ltda;03311588000192;(1) 14993-5200;;;;;Silveiras, 70, Vila Guiomar, 09071100;Silveiras;70;;Vila Guiomar;;;09071100;;;;10/01/2022 22:32:15;NULL
1453;27392892;RISOTOLANDIA - RC BOM JESUS ITAJAI;;;(41) 3641-3189;;;;;Rua DELFIM MÁRIO PÁDUA PEIXOTO Nº 500    , PRAIA BRAVA DE ITAJAÍ - ITAJAÍ;Rua DELFIM MÁRIO PÁDUA PEIXOTO Nº 500    , PRAIA BRAVA DE ITAJAÍ - ITAJAÍ;;;;;;;;;;07/01/2022 19:03:22;NULL
1454;27392930;RISOTOLANDIA - RICLAN KENNEGY - NAO USAR;;;(41) 3641-3189;;;;;Avenida PRESIDENTE KENNEDY Nº 1001   , DO ESTADIO - RIO CLARO;Avenida PRESIDENTE KENNEDY Nº 1001   , DO ESTADIO - RIO CLARO;;;;;;;;;;07/01/2022 19:03:25;NULL
1455;27392950;SDT 3 CENTRO COMERCIAL LTDA.;;;(11) 4788-3800;;;;;Rodovia RÉGIS BITTENCOURT Nº s/n    KM 271,5                      , CIDADE INTERCAP - TABOÃO DA SERRA;Rodovia RÉGIS BITTENCOURT Nº s/n    KM 271,5                      , CIDADE INTERCAP - TABOÃO DA SERRA;;;;;;;;;;07/01/2022 19:03:26;NULL
1456;27402472;Princesa Dos Campos;Expresso Princesa Dos Campos Sa;80227796001473;(1) 13951-7233;;;;;Iapó, 40, Casa Verde, 02512020;Iapó;40;;Casa Verde;;;02512020;;;;10/01/2022 22:32:26;NULL
1457;27402412;Thiago Pasetti De Sousa Britto;Thiago Pasetti De Sousa Britto;23165524807;;;;;;Atlântica, 549, Jardim America, 01440000;Atlântica;549;;Jardim America;;;01440000;;;;10/01/2022 22:32:20;NULL
1458;27402391;Risotolandia  - Juiz De Fora;Risotolandia Serv, De Aliment. Ltda;04908058005581;(4) 13641-3189;;;;;Presidente Juscelino Kubitscheck, 273, Industrial, 36081000;Presidente Juscelino Kubitscheck;273;;Industrial;;;36081000;;;;10/01/2022 22:32:18;NULL
1459;27392817;PGR - IRON MOUTAIN 7086;;;(11) 2985-7802;;;;;Avenida PREFEITO JOÃO VILALLOBO QUERO Nº 2253   , JARDIM BELVAL - BARUERI;Avenida PREFEITO JOÃO VILALLOBO QUERO Nº 2253   , JARDIM BELVAL - BARUERI;;;;;;;;;;07/01/2022 19:03:16;NULL
1460;27392882;RISOTOLANDIA - BRUSQUE;;;(41) 3641-3189;;;;;Rodovia IVO SILVEIRA Nº 2480   , VOLTA GRANDE - BRUSQUE;Rodovia IVO SILVEIRA Nº 2480   , VOLTA GRANDE - BRUSQUE;;;;;;;;;;07/01/2022 19:03:21;NULL
1461;27392862;RISOTOLANDIA - RCWHB USINAGEM - ENTR.WIE;;;(41) 3641-3189;;;;;Rua WIEGANDO OLSEN Nº 1000   , CIDADE INDUSTRIAL - CURITIBA;Rua WIEGANDO OLSEN Nº 1000   , CIDADE INDUSTRIAL - CURITIBA;;;;;;;;;;07/01/2022 19:03:19;NULL
1462;27402501;Pgr - Coplac Curitiba;Pgr Sao Paulo Refeiçoes Eireli;17776957002251;(1) 12985-7802;;;;;João Lunardelli, 1651, Cidade Industrial, 81460100;João Lunardelli;1651;;Cidade Industrial;;;81460100;;;;10/01/2022 22:32:29;NULL
1463;27392965;TRES POSTOS;;;(11) 94756-0975;;;;;Avenida SENADOR VERGUEIRO Nº 2876   , ANCHIETA - SÃO BERNARDO DO CAMPO;Avenida SENADOR VERGUEIRO Nº 2876   , ANCHIETA - SÃO BERNARDO DO CAMPO;;;;;;;;;;07/01/2022 19:03:27;NULL
1464;27402240;Risotolandia - Minas I;Risotolandia Serv. De Alim. Ltda;04908058007797;0000-0000;;;;;Antônio De Albuquerque, 1200, Lourdes, 30112015;Antônio De Albuquerque;1200;;Lourdes;;;30112015;;;;10/01/2022 22:32:04;NULL
1465;27402258;Rascal Leblon - Rsle - Outro Local De En;Luckyston Restaurantes Ltda;08257028000110;(2) 12259-6437;;;;;Ayrton Senna 2150, 2150, Barra Da Tijuca, 22775900;Ayrton Senna 2150;2150;;Barra Da Tijuca;;;22775900;;;;10/01/2022 22:32:06;NULL
1466;27392933;RISOTOLANDIA - SOCIESC FLORIANOPOLIS;;;(41) 3641-3189;;;;;R (Rua) SALVATINA FELICIANA DOS SANTOS Nº 525    SOCIESC ITAJAI                , ITACORUBI - FLORIANÓPOLIS;R (Rua) SALVATINA FELICIANA DOS SANTOS Nº 525    SOCIESC ITAJAI                , ITACORUBI - FLORIANÓPOLIS;;;;;;;;;;07/01/2022 19:03:25;NULL
1467;27402342;Cond Franca Shopping Center;Franca Shopping Center;68323609000135;;;;;;Rio Negro, 110, Sao Miguel, 14406005;Rio Negro;110;;Sao Miguel;;;14406005;;;;10/01/2022 22:32:13;NULL
1468;27402428;Hide Dos Anjos Sateles;Hide Dos Anjos Sateles;21590674820;;;;;;Indianópolis, 2737, Indianópolis, 04063005;Indianópolis;2737;;Indianópolis;;;04063005;;;;10/01/2022 22:32:22;NULL
1469;27402279;Restaurante Primeiro Maio;Restaurante Primeiro De Maio Ltda Epp;26456060000107;(1) 12896-0098;;;;;Primeiro De Maio, 167, Centro, 09015030;Primeiro De Maio;167;;Centro;;;09015030;;;;10/01/2022 22:32:08;NULL
1470;27402455;Rbe Transportes;Rbe Transportes Ltda;20465802000184;(1) 53358-0204;;;;;Salvador Stefanelli, 361, Jardim Zulmira, 18061050;Salvador Stefanelli;361;;Jardim Zulmira;;;18061050;;;;10/01/2022 22:32:24;NULL
1471;27402318;Innova Hospitais Diadema;Innova Hospitais Associados Ltda Me;08729864000231;(1) 12178-2266;;;;;São Jorge, 98, Centro, 09911070;São Jorge;98;;Centro;;;09911070;;;;10/01/2022 22:32:11;NULL
1472;27392840;ACTANS RASCAL ENTREGA VILA LOBOS;;;(11) 4280-2492;;;;;Av MURILO FURTADO Nº 4777   16 A - NORTE A - ED.VILLA LOBO, LAPA - SÃO PAULO;Av MURILO FURTADO Nº 4777   16 A - NORTE A - ED.VILLA LOBO, LAPA - SÃO PAULO;;;;;;;;;;07/01/2022 19:03:18;NULL
1473;27402204;Rascal Market Place;Liral Restaurantes Ltda;03434295000100;;;;;;Murilo Furtado, 13947, Vila Gertrudes, 04794000;Murilo Furtado;13947;;Vila Gertrudes;;;04794000;;;;10/01/2022 22:32:01;NULL
1474;27402365;Risotolandia -Tcp  Paranagua;Risotolandia Serv. De Alimentação Ltda;04908058007282;(4) 13641-3140;;;;;Portuaria, Dom Pedro Ii, 83203800;Portuaria;;;Dom Pedro Ii;;;83203800;;;;10/01/2022 22:32:15;NULL
1475;27402408;Fundacao Do Abc;Hospital Mulher Maria J.Santos Stein-Oss;57571275000879;;;;;;América Do Sul, 285, Parque Novo Oratório, 09270410;América Do Sul;285;;Parque Novo Oratório;;;09270410;;;;10/01/2022 22:32:19;NULL
1476;27402385;Ges Transp.;Ges Transportes De Carga Ltda;19197111000320;(4) 13120-3059;;;;;Municipal, 642, Água Chata, 07251300;Municipal;642;;Água Chata;;;07251300;;;;10/01/2022 22:32:17;NULL
1477;27392979;DRIGGO - ZUCCO DELIVERY;;;(11) 4898-8364;;;;;R (Rua) CARDEAL ARCOVERDE Nº 451    , PINHEIROS - SÃO PAULO;R (Rua) CARDEAL ARCOVERDE Nº 451    , PINHEIROS - SÃO PAULO;;;;;;;;;;07/01/2022 19:03:28;NULL
1478;27392867;RISOTOLANDIA - DUQUE DE CAXIAS;;;(41) 3641-3189;;;;;Avenida KENNEDY Nº 100    DUQUE DE CAXIAS               , PARQUE BOA VISTA II - DUQUE DE CAXIAS;Avenida KENNEDY Nº 100    DUQUE DE CAXIAS               , PARQUE BOA VISTA II - DUQUE DE CAXIAS;;;;;;;;;;07/01/2022 19:03:20;NULL
1479;27392865;RISOTOLANDIA - RENNER;;;(41) 6341-3160;;;;;Rodovia RS-118 Nº 6511   , NEÓPOLIS - GRAVATAÍ;Rodovia RS-118 Nº 6511   , NEÓPOLIS - GRAVATAÍ;;;;;;;;;;07/01/2022 19:03:20;NULL
1480;27402292;Mundo Rural;Gerson Segatin Gonsales Eireli Epp;21110511000136;(1) 14316-1592;;;;;Dom Pedro I, 1715, Silveira, 09110001;Dom Pedro I;1715;;Silveira;;;09110001;;;;10/01/2022 22:32:08;NULL
1481;27392819;PRONUTRI - ARTIFIX;;;;;;;;Avenida LUIGI PAPAIZ Nº 159    , CAMPANÁRIO - DIADEMA;Avenida LUIGI PAPAIZ Nº 159    , CAMPANÁRIO - DIADEMA;;;;;;;;;;07/01/2022 19:03:16;NULL
1482;27402500;Lhp2 - Oakberry Santo Amaro;Lhp2 Comercio De Acai Ltda;30298586000345;;;;;;Santo Amaro, 5010, Santo Amaro, 04702000;Santo Amaro;5010;;Santo Amaro;;;04702000;;;;10/01/2022 22:32:29;NULL
1483;27402479;Ranchariense;Transportadora Ranchariense Ltda;46472288000289;(1) 83265-3047;;;;;Ventura Rangel, 168, Vila Carbone, 02752050;Ventura Rangel;168;;Vila Carbone;;;02752050;;;;10/01/2022 22:32:27;NULL
1484;27392928;RISOTOLANDIA - TORTUGA PLANALTO;;;(41) 3641-3189;;;;;Rua ALBERTO KLEMTZ Nº 441    , PORTÃO - CURITIBA;Rua ALBERTO KLEMTZ Nº 441    , PORTÃO - CURITIBA;;;;;;;;;;07/01/2022 19:03:25;NULL
1485;27402220;Tamataya - Allparmegiana;Tamataya Foods Restaurantes Ltda Epp;11030628000156;(1) 13744-7209;;;;;Dos Autonomistas, 1400, Vila Yara, 06020010;Dos Autonomistas;1400;;Vila Yara;;;06020010;;;;10/01/2022 22:32:03;NULL
1486;27392901;RISOTOLANDIA - RC MULTILIT INDUSTRIA;;;(41) 3641-3189;;;;;Avenida RUI BARBOSA Nº 3329   , IPÊ - SÃO JOSÉ DOS PINHAIS;Avenida RUI BARBOSA Nº 3329   , IPÊ - SÃO JOSÉ DOS PINHAIS;;;;;;;;;;07/01/2022 19:03:22;NULL
1487;27402207;Marrma - Zucco Morumbi;Marrma Restaurante Ltda;22731488000160;(1) 13083-7406;;;;;Roque Petroni Júnior 1089, 1089, Jardim Das Acácias, 04707900;Roque Petroni Júnior 1089;1089;;Jardim Das Acácias;;;04707900;;;;10/01/2022 22:32:02;NULL
1488;27392877;RISOTOLANDIA - OVD;;;(41) 3641-3189;;;;;R LUIZ FRANCESCHI Nº 697    , THOMAZ COELHO - ARAUCÁRIA;R LUIZ FRANCESCHI Nº 697    , THOMAZ COELHO - ARAUCÁRIA;;;;;;;;;;07/01/2022 19:03:21;NULL
1489;27402216;Bb;Bb Distribuidora De Carnes Ltda;43381672000105;(1) 13647-4000;;;;;Mofarrej, 1504, Vila Leopoldina, 05311000;Mofarrej;1504;;Vila Leopoldina;;;05311000;;;;10/01/2022 22:32:02;NULL
1490;27402368;Carvalho - Camilopolis;Comercial Antonio Carvalho Ltda;02559428000102;(1) 14996-9010;;;;;Alemanha, 1204, Vila Camilópolis, 09240001;Alemanha;1204;;Vila Camilópolis;;;09240001;;;;10/01/2022 22:32:16;NULL
1491;27392888;RISOTOLANDIA - RIBEIRAO D. NEVES- NAO US;;;(41) 3641-3189;;;;;Avenida JOSÉ CARLOS COSTA Nº 688    , LIBERDADE  - RIBEIRÃO DAS NEVES;Avenida JOSÉ CARLOS COSTA Nº 688    , LIBERDADE  - RIBEIRÃO DAS NEVES;;;;;;;;;;07/01/2022 19:03:22;NULL
1492;27402267;Portal Morumb;Condominio Portal Do Morumbi;53822003000177;;;;;;Marechal Hastinfilo De Moura 338, 338, Vila Suzana, 05641900;Marechal Hastinfilo De Moura 338;338;;Vila Suzana;;;05641900;;;;10/01/2022 22:32:07;NULL
1493;27402525;Oakberry - Vl. Madalena;Oak Vb Casa De Sucos Eireli;31889396000101;;;;;;Harmonia, 150, Sumarezinho, 05435000;Harmonia;150;;Sumarezinho;;;05435000;;;;10/01/2022 22:32:32;NULL
1494;27392932;RISOTOLANDIA - TGM SERTAOZINHO;;;(11) 4576-7181;;;;;Rodovia ARMANDO DE SALLES OLIVEIRA Nº S/N    , DISTRITO INDUSTRIAL - SERTÃOZINHO;Rodovia ARMANDO DE SALLES OLIVEIRA Nº S/N    , DISTRITO INDUSTRIAL - SERTÃOZINHO;;;;;;;;;;07/01/2022 19:03:25;NULL
1495;27402325;Agrodanieli - Ibiaca  - Rs;Agrodanieli Ind. E  Comercio Ltda;02990334001319;(5) 49684-5068;;;;;Vl Rossi Rs 467, Interior, 99940000;Vl Rossi Rs 467;;;Interior;;;99940000;;;;10/01/2022 22:32:12;NULL
1496;27402358;Risotolandia - Posigraf;Risotolandia Serv. De Alimentacao Ltda;04908058007959;(4) 13641-3140;;;;;Senador Accioly Filho, 511, Cidade Industrial, 81310000;Senador Accioly Filho;511;;Cidade Industrial;;;81310000;;;;10/01/2022 22:32:15;NULL
1497;27402290;Sacia Vl Prudente;Sacia Sa Com. E Ind. De Alimentos Ltda;59229583000170;(1) 13384-8390;;;;;Pires Pimentel, 305, Parque Da Vila Prudente, 03138040;Pires Pimentel;305;;Parque Da Vila Prudente;;;03138040;;;;10/01/2022 22:32:08;NULL
1498;27402249;Pronutri - Haver;Pronutri Premium Refeiçoes Ltda;17176079000109;(1) 12985-7802;;;;;Jornalista Francisco Aguine, Aterrado, 13190000;Jornalista Francisco Aguine;;;Aterrado;;;13190000;;;;10/01/2022 22:32:05;NULL
1499;27402395;Expresso Ideal;Expresso Ideal Ltda;10213679000150;(1) 12967-2286;;;;;Sargento Manuel Chagas, 130, Parque Novo Mundo, 02179040;Sargento Manuel Chagas;130;;Parque Novo Mundo;;;02179040;;;;10/01/2022 22:32:18;NULL
1500;27392814;PGR - GOODMAN;;;(11) 2894-3933;;;;;Estrada PARTICULAR SADAE TAKAGI Nº 2235   , COOPERATIVA - SÃO BERNARDO DO CAMPO;Estrada PARTICULAR SADAE TAKAGI Nº 2235   , COOPERATIVA - SÃO BERNARDO DO CAMPO;;;;;;;;;;07/01/2022 19:03:16;NULL
1501;27402551;Palacio Das Sacolas Ltda;Palacio Das Sacolas;12126862000225;;;;;;João Do Prado, 300, Capuava, 09270160;João Do Prado;300;;Capuava;;;09270160;;;;10/01/2022 22:32:36;NULL
1502;27403780;Simonetto Alimentos Ltda;Simonetto Alimentos Ltda;91519595000141;(5) 43344-4300;;;;;Aurelio Sossella, 98, Centro, 99950000;Aurelio Sossella;98;;Centro;;;99950000;;;;11/01/2022 00:39:24;NULL
1503;27403864;Abra Suprimentos;;13602538000118;(1) 12083-5358;;;;;Coronel Juvenal De Campos Castro, 311, Vila Santa Teresa (Zona Sul), 04187320;Coronel Juvenal De Campos Castro;311;;Vila Santa Teresa (Zona Sul);;;04187320;;;;11/01/2022 00:42:29;NULL
1504;27403933;Daiana Tecnico Fernando;;10926369000183;(4) 89624-9175;;;;;Luiz Fagundes, 2390, Picadas Do Sul, 88106000;Luiz Fagundes;2390;;Picadas Do Sul;;;88106000;;;;11/01/2022 00:42:35;NULL
1505;27403497;Unaprosil;Unaprosil;08764471000188;(1) 14898-8090;;;;;João Do Prado, 300, Capuava, 09270160;João Do Prado;300;;Capuava;;;09270160;;;;11/01/2022 00:37:42;NULL
1506;27402546;S&P - Oakberry Paraiso;S&P Desenv. De Negocios Ltda;42278835000158;;;;;;Desembargador Eliseu Guilherme, 235, Paraiso, 04004030;Desembargador Eliseu Guilherme;235;;Paraiso;;;04004030;;;;10/01/2022 22:32:35;NULL
1507;27402529;L.C.Martins Eireli;L.C.Martins Eireli;45271079000123;(1) 63301-4433;;;;;Padre José De Anchieta, 176, Vila Furlan, 14807000;Padre José De Anchieta;176;;Vila Furlan;;;14807000;;;;10/01/2022 22:32:33;NULL
1508;27403608;Emporium Sao Paulo - Pedroso;Mhm Supermercados Ltda;05248899000180;(1) 13704-3899;;;;;Pedroso Alvarenga, 803, Jardim Paulista, 04531011;Pedroso Alvarenga;803;;Jardim Paulista;;;04531011;;;;11/01/2022 00:39:06;NULL
1509;27403907;Cond Shopping Parque Dom Pedro;;04895134000179;(1) 93208-3600;;;;;Guilherme Campos 500, 500, Jardim Santa Genebra, 13087901;Guilherme Campos 500;500;;Jardim Santa Genebra;;;13087901;;;;11/01/2022 00:42:33;NULL
1510;27403701;Padrao;Padrao Hidraulica E Mat. P/Manut. Ltda;69025591000158;(1) 14339-3500;;;;;Frei Gaspar, 505, Vila Santa Rita Cassia, 09720440;Frei Gaspar;505;;Vila Santa Rita Cassia;;;09720440;;;;11/01/2022 00:39:14;NULL
1511;27403913;Condominio Esplanada;;07346408000169;(1) 14990-1394;;;;;Padre Manoel De Paiva, 355, Jardim, 09070230;Padre Manoel De Paiva;355;;Jardim;;;09070230;;;;11/01/2022 00:42:33;NULL
1512;27403859;A2A - Sky Asia Sbc;;17097298000100;;;;;;Rotary, 624, Centro, 09721000;Rotary;624;;Centro;;;09721000;;;;11/01/2022 00:42:29;NULL
1513;27403648;Izabel Veras;Izabel Veras;87468514372;;;;;;Alaíde Marques, 1172, Ininga, 64049790;Alaíde Marques;1172;;Ininga;;;64049790;;;;11/01/2022 00:39:09;NULL
1514;27403627;Grupo - Integral Nutri;Grupo Integral Nutri;28070436000176;(1) 14577-0399;;;;;Leonor Alvim, 11, Interlagos, 04802190;Leonor Alvim;11;;Interlagos;;;04802190;;;;11/01/2022 00:39:07;NULL
1515;27403755;Risotolandia - Escola Cedup Abilio Paulo;Risotolandia Ind. E Com. De Alim. Ltda;76900463001739;(4) 13641-3189;;;;;Universitária, 345, Universitário, 88806000;Universitária;345;;Universitário;;;88806000;;;;11/01/2022 00:39:20;NULL
1516;27403812;Viva Comercial Ltda;Viva Comercial Ltda;07041396000164;(1) 13004-0303;;;;;Carlos Liviero, 266, Vila Liviero, 04186100;Carlos Liviero;266;;Vila Liviero;;;04186100;;;;11/01/2022 00:39:27;NULL
1517;27403896;Castor Alimentos;;69314870000131;(1) 13646-0030;;;;;Eugênia Da Conceição Dias, 154, Remédios, 06298050;Eugênia Da Conceição Dias;154;;Remédios;;;06298050;;;;11/01/2022 00:42:32;NULL
1518;27403563;Condominio Shopping Campo Limpo;Condominio Shopping Campo Limpo;08140551000162;(1) 13326-5174;;;;;Do Campo Limpo, 459, Vila Prel, 05777000;Do Campo Limpo;459;;Vila Prel;;;05777000;;;;11/01/2022 00:39:01;NULL
1519;27403872;Aguas Petropolis;;61072898000106;;;;;;Professor Vicente Rao, 500, Santo Amaro, 04605000;Professor Vicente Rao;500;;Santo Amaro;;;04605000;;;;11/01/2022 00:42:30;NULL
1520;27403481;Marvi Ourinhos;Industria E Comercio Marvi Ltda;53408654000115;(1) 43302-4410;;;;;Sao Paulo/Parana, Jardim Paris, 19904100;Sao Paulo/Parana;;;Jardim Paris;;;19904100;;;;11/01/2022 00:37:36;NULL
1521;27403652;Jimmy Berry - Av. Aricanduva;Jimmy Berry Comercio De Acai  Ltda;31976215000419;;;;;;Aricanduva, 5555, Vila Aricanduva, 03527000;Aricanduva;5555;;Vila Aricanduva;;;03527000;;;;11/01/2022 00:39:09;NULL
1522;27403599;Driggo - Zucco Delivery;Driggo Restaurante Ltda;38099989000105;(1) 14898-8364;;;;;Cardeal Arcoverde, 451, Pinheiros, 05409003;Cardeal Arcoverde;451;;Pinheiros;;;05409003;;;;11/01/2022 00:39:05;NULL
1523;27403893;Camila - Pronutri;;34393905865;;;;;;Padre Manoel Da Nóbrega, 354, Bandeiras, 06160010;Padre Manoel Da Nóbrega;354;;Bandeiras;;;06160010;;;;11/01/2022 00:42:32;NULL
1524;27403691;Oakberry - Penha;Llf Alimentos Ltda;35383307000101;;;;;;Doutor Ricardo Jafet, 1501, Vila Santa Eulalia, 04260020;Doutor Ricardo Jafet;1501;;Vila Santa Eulalia;;;04260020;;;;11/01/2022 00:39:13;NULL
1525;27403576;Daff Grupo;Daff Grupo;21868692000164;(1) 14577-0399;;;;;Firestone, 1603, Silveira, 09195470;Firestone;1603;;Silveira;;;09195470;;;;11/01/2022 00:39:03;NULL
1526;27403662;Levtronics;Levtronics Eletron. E Teleinf. Ltda;10886744000109;;;;;;Dos Bandeirantes, 686, Vila Bocaina, 09310360;Dos Bandeirantes;686;;Vila Bocaina;;;09310360;;;;11/01/2022 00:39:11;NULL
1527;27403546;Conca & Bartie Acaiteria;Conca & Bartie Acaiteria Ltda;32785835000190;;;;;;Ômega, 174, Melville Empresarial I E Ii, 06472005;Ômega;174;;Melville Empresarial I E Ii;;;06472005;;;;11/01/2022 00:39:00;NULL
1528;27403554;Cond Uberlandia Shopping;Condominio Uberlandia Shopping;18614523000193;(1) 13138-1570;;;;;Paulo Gracindo, 15, Gávea, 38411145;Paulo Gracindo;15;;Gávea;;;38411145;;;;11/01/2022 00:39:00;NULL
1529;27403742;Renan Ruiz Piovezan;Renan Ruiz Piovezan;39114189810;;;;;;Santa Cruz, 1531, Vila Mariana, 04121001;Santa Cruz;1531;;Vila Mariana;;;04121001;;;;11/01/2022 00:39:19;NULL
1530;27403805;Varanda Frutas - Cidade Jardim;Varanda Frutas E Mercearia Ltda;62498365000145;;;;;;Deputado Dario De Barros, 15, Cidade Jardim, 05670090;Deputado Dario De Barros;15;;Cidade Jardim;;;05670090;;;;11/01/2022 00:39:26;NULL
1531;27403683;Não Usar Risotolandia - Bemis;Não Usarrisotolandia Serv. De Alim. Ltda;04908058005077;;;;;;João Ramalho, 964, Vila Noemia, 07250130;João Ramalho;964;;Vila Noemia;;;07250130;;;;11/01/2022 00:39:12;NULL
1532;27403777;Sara;Sara Cristina Martins;28505568826;(1) 14433-0980;;;;;Andorra, 343, Vila Francisco Matarazzo, 09241050;Andorra;343;;Vila Francisco Matarazzo;;;09241050;;;;11/01/2022 00:39:24;NULL
1533;27403623;Fundacao Do Abc;Hospital Mulher Maria J.Santos Stein-Oss;57571275000879;;;;;;América Do Sul, 285, Parque Novo Oratório, 09270410;América Do Sul;285;;Parque Novo Oratório;;;09270410;;;;11/01/2022 00:39:07;NULL
1534;27402572;Allumiaco;Allumiaco Distribuicao De Aluminio E Aco;37131732000120;(1) 14515-3930;;;;;João Do Prado, Capuava, 09270160;João Do Prado;;;Capuava;;;09270160;;;;10/01/2022 22:32:38;NULL
1535;27403861;Abatedouro De Aves Ideal - Pereiras;;74251919000194;(1) 43888-1370;;;;;Vereador Marcos Martins, 99, Zona Indl Pereiras, 18580000;Vereador Marcos Martins;99;;Zona Indl Pereiras;;;18580000;;;;11/01/2022 00:42:29;NULL
1536;27403926;Cozinha Do Campo Belo Loja De Comida Ltd;;10293053000100;;;;;;João De Sousa Dias, 204, Campo Belo, 04618000;João De Sousa Dias;204;;Campo Belo;;;04618000;;;;11/01/2022 00:42:34;NULL
1537;27403679;Monte Carlo;Condominio Edificio Monte Carlo;05051033000184;;;;;;Vitória, 116, Vila Assunção, 09030050;Vitória;116;;Vila Assunção;;;09030050;;;;11/01/2022 00:39:12;NULL
1538;27403520;All Parmegiana - Grupo;Grupo All Parmegiana;03349333000119;(1) 14543-2273;;;;;Antônia Rosa Fioravanti, 3270, Jardim Rosina, 09390120;Antônia Rosa Fioravanti;3270;;Jardim Rosina;;;09390120;;;;11/01/2022 00:38:58;NULL
1539;27403517;Aguas Petropolis;Aguas Petropolis Paulista Ltda;61072898000106;;;;;;Professor Vicente Rao, 500, Santo Amaro, 04605000;Professor Vicente Rao;500;;Santo Amaro;;;04605000;;;;11/01/2022 00:38:58;NULL
1540;27403484;Oakberry - Penha;Llf Alimentos Ltda;35383307000101;;;;;;Doutor Ricardo Jafet, 1501, Vila Santa Eulalia, 04260020;Doutor Ricardo Jafet;1501;;Vila Santa Eulalia;;;04260020;;;;11/01/2022 00:37:36;NULL
1541;27403845;Online Parts E Acess P Cozinha Prof Ltda;Online Parts E Acess P Cozinha Prof Ltda;37300660000106;;;;;;João Do Prado, 300, Capuava, 09270160;João Do Prado;300;;Capuava;;;09270160;;;;11/01/2022 00:39:30;NULL
1542;27403589;Dia Minas Gerais;Dia Brasil Sociedade Limitada;03476811042903;(1) 13886-8610;;;;;Papa João Xxiii 2732, 3059, Vila Noemia, 09370900;Papa João Xxiii 2732;3059;;Vila Noemia;;;09370900;;;;11/01/2022 00:39:04;NULL
1543;27403551;Cond Passeio Das Aguas Shopping;Cond Passeio Das Aguas Shopping;23282496000139;(1) 13371-4133;;;;;Perimetral Norte, Fazenda Caveiras, 74445360;Perimetral Norte;;;Fazenda Caveiras;;;74445360;;;;11/01/2022 00:39:00;NULL
1544;27403570;Cortes Villa Lobos - Csvl Rascal;Delphinus Restaurantes Ltda;19693295000157;(1) 13024-4301;;;;;Murilo Furtado, 4777, Lapa, 02270000;Murilo Furtado;4777;;Lapa;;;02270000;;;;11/01/2022 00:39:02;NULL
1545;27403674;Mercadinho Do Bebe;Irmaos Redivo Com De Roupas E Alim.Ltda;06304610000165;;;;;;Vieira De Carvalho, 439, Santa Terezinha, 09210630;Vieira De Carvalho;439;;Santa Terezinha;;;09210630;;;;11/01/2022 00:39:11;NULL
1546;27403528;Asservo;Asservo Multisserviços Ltda;10643999000140;(1) 14210-0119;;;;;Antônio Cardoso Franco, 155, Casa Branca, 09015530;Antônio Cardoso Franco;155;;Casa Branca;;;09015530;;;;11/01/2022 00:38:58;NULL
1547;27403899;Ceasaq - Risotolandia Eloisa;;09084226000192;(4) 13641-3189;;;;;Professor Fábio De Souza, 1240, Santa Quitéria, 80310230;Professor Fábio De Souza;1240;;Santa Quitéria;;;80310230;;;;11/01/2022 00:42:32;NULL
1548;27403783;Slr Restaurante - Antigo Kess;S.L Barbosa Neto Restaurante;37954629000180;(1) 12475-7513;;;;;Emílio Ribas, 87, Jardim Vila Galvão, 07051001;Emílio Ribas;87;;Jardim Vila Galvão;;;07051001;;;;11/01/2022 00:39:25;NULL
1549;27403712;Pgr - Coplac Curitiba;Pgr Sao Paulo Refeiçoes Eireli;17776957002251;(1) 12985-7802;;;;;João Lunardelli, 1651, Cidade Industrial, 81460100;João Lunardelli;1651;;Cidade Industrial;;;81460100;;;;11/01/2022 00:39:15;NULL
1550;27403786;Sucos - Oakberry Belo Horizonte;Sucos E Lanches Oakberry Mg - Ltda;29028729000158;;;;;;Dos Bandeirantes, 1653, Anchieta, 30310403;Dos Bandeirantes;1653;;Anchieta;;;30310403;;;;11/01/2022 00:39:25;NULL
1551;27403795;Thc  - Oakberry Teodoro Sampaio;Thc Alimentos Saudaveis Ltda;33333765000100;;;;;;Teodoro Sampaio, 1027, Pinheiros, 05405100;Teodoro Sampaio;1027;;Pinheiros;;;05405100;;;;11/01/2022 00:39:26;NULL
1552;27403583;Dia - Alphaville;Dia Brasil Sociedade Limitada;03476811022635;(1) 13886-8610;;;;;Marte, 466, Alphaville, 06541005;Marte;466;;Alphaville;;;06541005;;;;11/01/2022 00:39:03;NULL
1553;27403829;Palacio Das Sacolas;Palacio Das Sacolas;12126862000225;;;;;;João Do Prado, 300, Capuava, 09270160;João Do Prado;300;;Capuava;;;09270160;;;;11/01/2022 00:39:29;NULL
1554;27403688;Oak Acai Continental Ltda;Oak Acai Continental Ltda;30091347000158;;;;;;Leão Machado, 100, 100, Parque Continental, 05328999;Leão Machado, 100;100;;Parque Continental;;;05328999;;;;11/01/2022 00:39:13;NULL
1555;27403644;Instituição Caminho Ananias;Inst. Ass. Casa Do Caminho Ananias;74333808000127;(1) 14991-7543;;;;;Andorinha, 9, Santa Maria, 09071120;Andorinha;9;;Santa Maria;;;09071120;;;;11/01/2022 00:39:08;NULL
1556;27403867;Afonso;;03578180000181;(1) 14337-1110;;;;;Doutor Flaquer, 639, Centro, 09710180;Doutor Flaquer;639;;Centro;;;09710180;;;;11/01/2022 00:42:30;NULL
1557;27403743;Renova;Renova Com. De Prod.  De L. E Desc. Ltda;34880487000166;(1) 13784-2798;;;;;Arturo Toscanini, 37, Parque Ipê, 05571030;Arturo Toscanini;37;;Parque Ipê;;;05571030;;;;11/01/2022 00:39:19;NULL
1558;27403740;Recanto Dos Avos;Acaosocial De Fe Batista;43516087000167;(1) 12467-0221;;;;;Do Saboo, 753, Jardim São João, 07152000;Do Saboo;753;;Jardim São João;;;07152000;;;;11/01/2022 00:39:19;NULL
1559;27403916;Condominio Santana Parque Shopping;;30320151000198;(1) 12238-3002;;;;;Conselheiro Moreira De Barros, 2780, Lauzane Paulista, 02430001;Conselheiro Moreira De Barros;2780;;Lauzane Paulista;;;02430001;;;;11/01/2022 00:42:33;NULL
1560;27403713;Pgr - Forceline Extrema;Pgr Sao Paulo Refeiçoes Eireli;17776957002502;;;;;;Josepha Gomes De Souza, 85, Dos Pires, 37640000;Josepha Gomes De Souza;85;;Dos Pires;;;37640000;;;;11/01/2022 00:39:16;NULL
1561;27402573;Mv Freios;Mv Freios Pecas E Servicos Ltda;36098295000128;(1) 14515-3938;;;;;Papa João Xxiii, 887, Loteamento Industrial Coral, 09370800;Papa João Xxiii;887;;Loteamento Industrial Coral;;;09370800;;;;10/01/2022 22:32:38;NULL
1562;27403503;A2A  - Skyasia Tucuruvi;A2A Fast Food Ltda;17097298000283;;;;;;Dr. Antonio Maria Laet, 566, Parada Inglesa, 02307120;Dr. Antonio Maria Laet;566;;Parada Inglesa;;;02307120;;;;11/01/2022 00:38:57;NULL
1563;27403601;Ecn - Isapa;Ecn Refeiçoes Coletivas Eireli Epp;27193128000175;(1) 13195-4249;;;;;Roberto Venturole, 553, Cidade Aracilia, 07250015;Roberto Venturole;553;;Cidade Aracilia;;;07250015;;;;11/01/2022 00:39:05;NULL
1564;27403715;Pharmacia Silva Bueno;Pharmacia De Manip. Silva Bueno Ltda Epp;48935332000194;(1) 13614-6900;;;;;Silva Bueno, 1488, Ipiranga, 04208001;Silva Bueno;1488;;Ipiranga;;;04208001;;;;11/01/2022 00:39:16;NULL
1565;27403555;Cond. Verona;Condominio Verona;10466618000103;;;;;;Doutor Emílio Ribas, 70, Perdizes, 05006020;Doutor Emílio Ribas;70;;Perdizes;;;05006020;;;;11/01/2022 00:39:01;NULL
1566;27403710;Pescados Hermes - Santo Andre;Comercio De Pescados Hermes Ltda Me;13193658000109;(1) 12988-5031;;;;;Das Figueiras, 2231, Campestre, 09080300;Das Figueiras;2231;;Campestre;;;09080300;;;;11/01/2022 00:39:15;NULL
1567;27402541;Melhor Opcao Com De Brindes Ltda Npdz;Melhor Opcao Com De Brindes Ltda Npdz;14780150000170;(1) 14361-8890;;;;;João Do Prado, 300, Capuava, 09270160;João Do Prado;300;;Capuava;;;09270160;;;;10/01/2022 22:32:34;NULL
1568;27403791;Tanuki Sushi;Texugo Comercial Ltda Epp;05528645000115;;;;;;Jericó, 279, Vila Madalena, 05435040;Jericó;279;;Vila Madalena;;;05435040;;;;11/01/2022 00:39:25;NULL
1569;27403884;Associação Love;;35654876000136;;;;;;Pedro Morganti, 147, Vila Mariana, 04020070;Pedro Morganti;147;;Vila Mariana;;;04020070;;;;11/01/2022 00:42:31;NULL
1570;27403501;A A Afonso;A A Afonso & Cia Lt;57513434000102;(1) 13757-2264;;;;;Santo André, 232, Vila Assunção, 09020230;Santo André;232;;Vila Assunção;;;09020230;;;;11/01/2022 00:38:56;NULL
1571;27403526;Apm 28 De Julho;Apm Da Emef 28 De Julho;48570345000107;(1) 14227-1126;;;;;Oriente, 501, Barcelona, 09551010;Oriente;501;;Barcelona;;;09551010;;;;11/01/2022 00:38:58;NULL
1572;27403889;Bipo Steack House;;26364189000195;;;;;;Santos, 1518, Cerqueira Cesar, 01418102;Santos;1518;;Cerqueira Cesar;;;01418102;;;;11/01/2022 00:42:31;NULL
1573;27403512;Afonso;Afonso E Genari Ltda;03578180000181;(1) 14337-1110;;;;;Doutor Flaquer, 639, Centro, 09710180;Doutor Flaquer;639;;Centro;;;09710180;;;;11/01/2022 00:38:57;NULL
1574;27403659;Krt - Oakberry Vila Prudente;Krt Comercio De Acai Ltda;40963395000142;;;;;;Epaminondas Melo Do Amaral, 309, Sítio Do Mandaqui, 02542000;Epaminondas Melo Do Amaral;309;;Sítio Do Mandaqui;;;02542000;;;;11/01/2022 00:39:10;NULL
1575;27403474;Double Hotelaria;Double Hotelaria Ltda;08744855000139;(1) 12339-2771;;;;;Mediterrâneo, 370, Vila São João, 09750420;Mediterrâneo;370;;Vila São João;;;09750420;;;;11/01/2022 00:37:33;NULL
1576;27403808;Varanda Pomar;Dist. De Hortifrutti Pomar Do Q. Ltda;28366347000171;;;;;;Nilza Medeiros Martins, 77, Jardim Colombo, 05628010;Nilza Medeiros Martins;77;;Jardim Colombo;;;05628010;;;;11/01/2022 00:39:27;NULL
1577;27403629;Grupo Kess;Kess Buffet;05645597000145;(1) 14577-0399;;;;;Pedro De Toledo, 977, Jardim Santa Lídia, 07140000;Pedro De Toledo;977;;Jardim Santa Lídia;;;07140000;;;;11/01/2022 00:39:07;NULL
1578;27403592;Dibon Santo Amaro;Dibon Supermercados Ltda;14148916000360;;;;;;Santo Amaro, 5420, Santo Amaro, 04702000;Santo Amaro;5420;;Santo Amaro;;;04702000;;;;11/01/2022 00:39:04;NULL
1579;27403609;Emporium Sao Paulo Afonso Braz;Hm Hm Supermercados Ltda;02299215000180;(1) 13848-3700;;;;;Afonso Braz, 431, Vila Nova Conceição, 04511011;Afonso Braz;431;;Vila Nova Conceição;;;04511011;;;;11/01/2022 00:39:06;NULL
1580;27403885;Autostar Grupo;;68976091000139;(1) 12344-4444;;;;;Morumbi, 6989, Morumbi, 05650002;Morumbi;6989;;Morumbi;;;05650002;;;;11/01/2022 00:42:31;NULL
1581;27403567;Coop Regional - Majestade - Boa Vista;Coop Reg. Sanan. De Carnes E Der. Ltda;95323275001063;(5) 43343-8213;;;;;Estrm Linha Boa Vista, Zona Rural, 99840000;Estrm Linha Boa Vista;;;Zona Rural;;;99840000;;;;11/01/2022 00:39:02;NULL
1582;27403744;Rental Festa;J.Munhoz & Cia Ltda;03070939000110;(1) 12067-6717;;;;;Dom Pedro Ii, 1874, Campestre, 09080001;Dom Pedro Ii;1874;;Campestre;;;09080001;;;;11/01/2022 00:39:19;NULL
1583;27403488;Pale;Pale Dist. E Comercio De Prod De Limpeza;33746473000191;(1) 14576-7181;;;;;Edu Chaves, 234, Vila Bastos, 09041020;Edu Chaves;234;;Vila Bastos;;;09041020;;;;11/01/2022 00:37:36;NULL
1584;27403673;Mc Afonso;Mc Afonso Com. De Paes E Doces;07611230000136;(1) 14994-1027;;;;;José Caballero, 189, Vila Bastos, 09040210;José Caballero;189;;Vila Bastos;;;09040210;;;;11/01/2022 00:39:11;NULL
1585;27403707;Paula Cristina Romano;Paula Cristina Romano;08382741886;;;;;;Bartolomeu De Gusmão, 41, Encruzilhada, 11045000;Bartolomeu De Gusmão;41;;Encruzilhada;;;11045000;;;;11/01/2022 00:39:15;NULL
1586;27403612;F L Pedreira - Oakberry Raposo Shopping;F L Pedreira Comercio E Serviços;30224183000270;(1) 12096-8898;;;;;Raposo Tavares, 3779, Jardim Arpoador, 05577300;Raposo Tavares;3779;;Jardim Arpoador;;;05577300;;;;11/01/2022 00:39:06;NULL
1587;27403697;Ocean - Peixaria;Ocean 6 Pescados Gourmet Ltda;15072559000102;;;;;;Dos Chanes, 256, Indianópolis, 04087031;Dos Chanes;256;;Indianópolis;;;04087031;;;;11/01/2022 00:39:14;NULL
1588;27403735;Rascal Jk;Rajk Restaurantes Ltda;14215386000163;(1) 13152-6111;;;;;Presidente Juscelino Kubitschek, 2041, Vila Nova Conceição, 04543011;Presidente Juscelino Kubitschek;2041;;Vila Nova Conceição;;;04543011;;;;11/01/2022 00:39:18;NULL
1589;27403639;Hs Grand Plaza - Sky Asia;Hs Grand Plaza 2011 Alimentos Ltda Me;13693565000143;;;;;;Industrial, 600, Jardim, 09080500;Industrial;600;;Jardim;;;09080500;;;;11/01/2022 00:39:08;NULL
1590;27403471;Cortes Villa Lobos - Csvl Rascal;Delphinus Restaurantes Ltda;19693295000157;(1) 13024-4301;;;;;Murilo Furtado, 4777, Lapa, 02270000;Murilo Furtado;4777;;Lapa;;;02270000;;;;11/01/2022 00:37:32;NULL
1591;27403825;Helix Restaurantes Ltda;Helix Restaurantes Ltda;37679287000138;;;;;;Paulista, 1230, Bela Vista, 01310901;Paulista, 1230;;;Bela Vista;;;01310901;;;;11/01/2022 00:39:29;NULL
1592;27403781;Sistema Educacional;Sistema Educacional Morumbi Sul Ltda;07681607000123;;;;;;Nossa Senhora Do Bom Conselho, 351, Chácara Nossa Senhora Do Bom Conselho, 05763470;Nossa Senhora Do Bom Conselho;351;;Chácara Nossa Senhora Do Bom Conselho;;;05763470;;;;11/01/2022 00:39:24;NULL
1593;27403772;Rotisserie;Rotisserie Demarchi Ltda Me;48719264000126;(1) 14347-9047;;;;;Mateos Demarchi, 156, Demarchi, 09820270;Mateos Demarchi;156;;Demarchi;;;09820270;;;;11/01/2022 00:39:24;NULL
1594;27403581;Dddrin;Dddrin Serviço De Detet. Dom. Eireli;60500055000192;(1) 13488-9644;;;;;General Francisco Morazan, 135, Vila Sônia, 05626010;General Francisco Morazan;135;;Vila Sônia;;;05626010;;;;11/01/2022 00:39:03;NULL
1595;27403810;Vertico Bauru Empreendimentos Imob Ltda;Vertico Bauru Empreendimentos Imob Ltda;10193021000124;(2) 12176-7272;;;;;General Marcondes Salgado, Chácara Das Flores, 17013113;General Marcondes Salgado;;;Chácara Das Flores;;;17013113;;;;11/01/2022 00:39:27;NULL
1596;27403892;Cabana Burguer - Escritorio Central;;25058899000124;(1) 12307-1918;;;;;Rio Negro, 161, Alphaville Centro Industrial E Empresarial/Alphavi, 06454000;Rio Negro;161;;Alphaville Centro Industrial E Empresarial/Alphavi;;;06454000;;;;11/01/2022 00:42:32;NULL
1597;27403529;Associação Love;Associacão Love For Live;35654876000136;;;;;;Pedro Morganti, 147, Vila Mariana, 04020070;Pedro Morganti;147;;Vila Mariana;;;04020070;;;;11/01/2022 00:38:58;NULL
1598;27403928;Cumini - Oakberry;;32083410000130;;;;;;Afonso Braz, 369, Vila Nova Conceição, 04511011;Afonso Braz;369;;Vila Nova Conceição;;;04511011;;;;11/01/2022 00:42:34;NULL
1599;27403929;Da Natu Ind.De Sucos;;25109995000154;(2) 19919-6179;;;;;Jataituba, 220, Jardim Das Acácias, 04704090;Jataituba;220;;Jardim Das Acácias;;;04704090;;;;11/01/2022 00:42:34;NULL
1600;27403569;Cortes Guarulhos - Cgru;Eridanos Restaurantes Ltda;23784454000104;(1) 12445-2675;;;;;Hélio Smidt, Aeroporto, 07190100;Hélio Smidt;;;Aeroporto;;;07190100;;;;11/01/2022 00:39:02;NULL
1601;27403650;Janaina Goncalves Do Nascimento;Janaina Goncalves Do Nascimento;36185233000153;;;;;;Das Margaridas, 155, Parque Assunção, 06753360;Das Margaridas;155;;Parque Assunção;;;06753360;;;;11/01/2022 00:39:09;NULL
1602;27403729;Rascal Alphaville;Rexpar Restaurantes Ltda;10580100000198;(1) 14193-8920;;;;;Rio Negro, 111, Alphaville Industrial, 06454000;Rio Negro;111;;Alphaville Industrial;;;06454000;;;;11/01/2022 00:39:18;NULL
1603;27403821;Sabor Gourmet Br. Ref. Industriais Ltda;Sabor Gourmet Br. Ref. Industriais Ltda;10748761000260;(1) 93829-8000;;;;;Doutor Jose Pagano Brundo, 65, Vila Pagano, 13277210;Doutor Jose Pagano Brundo;65;;Vila Pagano;;;13277210;;;;11/01/2022 00:39:28;NULL
1604;27403619;Florali;Florali Com. De Cosmeticos Ltda;31629024000138;;;;;;Vupabussu, 219, Pinheiros, 05429040;Vupabussu;219;;Pinheiros;;;05429040;;;;11/01/2022 00:39:07;NULL
1605;27403578;Daiana Tecnico Fernando;Daiana Alves Correa;10926369000183;(4) 89624-9175;;;;;Luiz Fagundes, 2390, Picadas Do Sul, 88106000;Luiz Fagundes;2390;;Picadas Do Sul;;;88106000;;;;11/01/2022 00:39:03;NULL
1606;27403721;Pomar Cafeteria Ltda;Pomar Cafeteria Ltda;40039567000196;;;;;;Lorena, 1784, Jardim Paulista, 01424001;Lorena;1784;;Jardim Paulista;;;01424001;;;;11/01/2022 00:39:17;NULL
1607;27403903;Cond De Adminis De Montes Claros Shop Ce;;02786850000192;(3) 82143-3000;;;;;Donato Quintino, 90, Cidade Nova, 39400546;Donato Quintino;90;;Cidade Nova;;;39400546;;;;11/01/2022 00:42:32;NULL
1608;27403545;Celebra - Oakberry Praia Grande;Celebra Negocios Ltda;28867960000172;;;;;;Timbé, 41, Jardim Santa Maria, 03576070;Timbé;41;;Jardim Santa Maria;;;03576070;;;;11/01/2022 00:39:00;NULL
1609;27403492;Termomecanica F.02;Termomecanica Sao Paulo S.A - Fábrica 2;59106666001577;(1) 14366-9705;;;;;Lauro Gomes, 1300, Vila Vivaldi, 09635010;Lauro Gomes;1300;;Vila Vivaldi;;;09635010;;;;11/01/2022 00:37:40;NULL
1610;27403752;Risotolandia - Araucaria;Risotolandia Indust. E Com. De Ali.;76900463000171;;;;;;Luiz Franceschi, 657, Thomaz Coelho, 83707072;Luiz Franceschi;657;;Thomaz Coelho;;;83707072;;;;11/01/2022 00:39:20;NULL
1611;27403756;Risotolandia - Franklin;Risotolandia Serviços De Alim. Ltda;04908058004348;(4) 13641-3189;;;;;Hans Dieter Schmidt, 1501, Zona Industrial Norte, 89219504;Hans Dieter Schmidt;1501;;Zona Industrial Norte;;;89219504;;;;11/01/2022 00:39:20;NULL
1612;27403826;Amidos Nevada Ltda;Amidos Nevada Ltda;07165986000107;(6) 73479-2945;;;;;João Do Prado, 300, Capuava, 09270160;João Do Prado;300;;Capuava;;;09270160;;;;11/01/2022 00:39:29;NULL
1613;27403822;Espacial;Espacial;53700159000185;(1) 12602-6247;;;;;João Do Prado, 300, Capuava, 09270160;João Do Prado;300;;Capuava;;;09270160;;;;11/01/2022 00:39:28;NULL
1614;27403773;S&P - Oakberry Paraiso;S&P Desenv. De Negocios Ltda;42278835000158;;;;;;Desembargador Eliseu Guilherme, 235, Paraiso, 04004030;Desembargador Eliseu Guilherme;235;;Paraiso;;;04004030;;;;11/01/2022 00:39:24;NULL
1615;27403734;Rascal Itaim;Kiston Restaurantes Ltda;09005784000115;(1) 13078-3351;;;;;Leopoldo Couto Magalhães Júnior, 831, Itaim Bibi, 04542011;Leopoldo Couto Magalhães Júnior;831;;Itaim Bibi;;;04542011;;;;11/01/2022 00:39:18;NULL
1616;27403778;Sdt 3 Centro Comercial Ltda.;Sdt 3 Centro Comercial Ltda.;02463746000167;(1) 14788-3800;;;;;Régis Bittencourt, Cidade Intercap, 06768200;Régis Bittencourt;;;Cidade Intercap;;;06768200;;;;11/01/2022 00:39:24;NULL
1617;27403487;Padrao;Padrao Hidraulica E Mat. P/Manut. Ltda;69025591000158;(1) 14339-3500;;;;;Frei Gaspar, 505, Vila Santa Rita Cassia, 09720440;Frei Gaspar;505;;Vila Santa Rita Cassia;;;09720440;;;;11/01/2022 00:37:36;NULL
1618;27403832;Quimesp Quimica Ltda;Quimesp Quimica Ltda;53393690000152;(1) 12488-2222;;;;;João Do Prado, 300, Capuava, 09270160;João Do Prado;300;;Capuava;;;09270160;;;;11/01/2022 00:39:29;NULL
1619;27403830;Diviseg;Diviseg;01820068000180;(1) 14972-8030;;;;;João Do Prado, 300, Capuava, 09270160;João Do Prado;300;;Capuava;;;09270160;;;;11/01/2022 00:39:29;NULL
1620;27403574;Da Natu Ind.De Sucos;Da Natu Alim.Ind.E Com De Sucos Ltda;25109995000154;(2) 19919-6179;;;;;Jataituba, 220, Jardim Das Acácias, 04704090;Jataituba;220;;Jardim Das Acácias;;;04704090;;;;11/01/2022 00:39:03;NULL
1621;27403663;Lhp2 - Oakberry Santo Amaro;Lhp2 Comercio De Acai Ltda;30298586000345;;;;;;Santo Amaro, 5010, Santo Amaro, 04702000;Santo Amaro;5010;;Santo Amaro;;;04702000;;;;11/01/2022 00:39:11;NULL
1622;27403476;Famcar Estetica - Mg;Famcar Estetica Aut.Eireli;29245516000188;(3) 79192-1606;;;;;Rodolfo Jacob, 127, Barreiro, 30640480;Rodolfo Jacob;127;;Barreiro;;;30640480;;;;11/01/2022 00:37:34;NULL
1623;27402560;Tecnovapor Comércio E Serviços Ltda;Tecnovapor Comércio E Serviços Ltda;00246428000119;(4) 13245-0833;;;;;João Do Prado, 300, Capuava, 09270160;João Do Prado;300;;Capuava;;;09270160;;;;10/01/2022 22:32:37;NULL
1624;27403813;Viva Parme - Allparmegiana;Viva Parme Foods Ltda Epp;30222719000138;(1) 15044-4829;;;;;Interlagos, 2255, Jd. Umuarama, 04661200;Interlagos;2255;;Jd. Umuarama;;;04661200;;;;11/01/2022 00:39:27;NULL
1625;27403580;Daniele;Daniele S O Primo;81686862334;;;;;;Dalmácia, 421, Parque Novo Oratório, 09260050;Dalmácia;421;;Parque Novo Oratório;;;09260050;;;;11/01/2022 00:39:03;NULL
1626;27403848;Mv Freios Pecas E Servicos Ltda;Mv Freios Pecas E Servicos Ltda;36098295000128;(1) 14515-3938;;;;;Papa João Xxiii, 887, Loteamento Industrial Coral, 09370800;Papa João Xxiii;887;;Loteamento Industrial Coral;;;09370800;;;;11/01/2022 00:39:31;NULL
1627;27403667;Lumini Motel;Lino Martins Emp. Hoteleiro Ltda Epp;04800446000151;(1) 12197-0666;;;;;Rubens Meireles, 477, Várzea Da Barra Funda, 01141000;Rubens Meireles;477;;Várzea Da Barra Funda;;;01141000;;;;11/01/2022 00:39:11;NULL
1628;27403525;Ap. Av. Dos Estados;Centro Automotivo Bap Rodoanel Ltda;30309392000136;;;;;;Dos Estados, 1586, Santa Terezinha, 09210580;Dos Estados;1586;;Santa Terezinha;;;09210580;;;;11/01/2022 00:38:58;NULL
1629;27403904;Cond Do Boulevard Shoping Bh;;12770422000125;(3) 12511-7100;;;;;Dos Andradas, 3000, Santa Efigênia, 30260070;Dos Andradas;3000;;Santa Efigênia;;;30260070;;;;11/01/2022 00:42:32;NULL
1630;27403467;American Star;American Star Com De Veiculos Ltda;15243624000107;(1) 15180-8400;;;;;Professor Francisco Morato, 1706, Butanta, 05512200;Professor Francisco Morato;1706;;Butanta;;;05512200;;;;11/01/2022 00:37:31;NULL
1631;27403616;Fernando Kinukawa;Fernando Kinukawa;19476278803;;;;;;Santo Amaro, 201, Bela Vista, 01315000;Santo Amaro;201;;Bela Vista;;;01315000;;;;11/01/2022 00:39:07;NULL
1632;27403736;Rascal Leblon - Rsle - Outro Local De En;Luckyston Restaurantes Ltda;08257028000110;(2) 12259-6437;;;;;Ayrton Senna 2150, 2150, Barra Da Tijuca, 22775900;Ayrton Senna 2150;2150;;Barra Da Tijuca;;;22775900;;;;11/01/2022 00:39:18;NULL
1633;27403908;Cond Shopping Praca Nova Aracatuba;;22990102000134;(1) 83607-6000;;;;;Carlos Pereira Da Silva, 6000, Guanabara, 16026035;Carlos Pereira Da Silva;6000;;Guanabara;;;16026035;;;;11/01/2022 00:42:33;NULL
1634;27403626;Gp Transportes;Gesani P. Transp. De Cargas Ltda;07577114000148;(1) 12296-3815;;;;;Monteiro Lobato, 4550, Cidade Jardim Cumbica, 07180000;Monteiro Lobato;4550;;Cidade Jardim Cumbica;;;07180000;;;;11/01/2022 00:39:07;NULL
1635;27403670;Marita - Oakberry Ipiranga;Marita Figueiredo Comercio De Acai;35779956000118;;;;;;Bom Pastor, 1592, Ipiranga, 04203003;Bom Pastor;1592;;Ipiranga;;;04203003;;;;11/01/2022 00:39:11;NULL
1636;27403835;Crd Empilhadeiras;Crd Empilhadeiras;32673713000102;(1) 14476-2868;;;;;João Do Prado, 300, Capuava, 09270160;João Do Prado;300;;Capuava;;;09270160;;;;11/01/2022 00:39:30;NULL
1637;27403634;Hortifrut Vila;Hortifrut Da Vila Abc Com. De Alim. Ltda;19161757000195;(1) 14468-1439;;;;;Adolfo Bastos, 234, Vila Bastos, 09041000;Adolfo Bastos;234;;Vila Bastos;;;09041000;;;;11/01/2022 00:39:08;NULL
1638;27403637;Hospital Sao Francisco - Mogi Guacu;Hospital Sao Francisco Soc.Ltda;54672449000125;(1) 93851-8000;;;;;Inácio Franco Alves, 561, Parque Cidade Nova, 13845420;Inácio Franco Alves;561;;Parque Cidade Nova;;;13845420;;;;11/01/2022 00:39:08;NULL
1639;27403605;Emporium Sao Paulo - Irai;Hm Supermercados Lt;66533696000391;(1) 15534-4600;;;;;Iraí, 675, Indianópolis, 04082002;Iraí;675;;Indianópolis;;;04082002;;;;11/01/2022 00:39:06;NULL
1640;27403582;Ddrim Itu;Jjm Com. E Serv. De Det. E C. De P.U. Lt;12000028000108;(1) 14024-9495;;;;;Bahia, 202, Brasil, 13301430;Bahia;202;;Brasil;;;13301430;;;;11/01/2022 00:39:03;NULL
1641;27403792;Termomecanica F.02;Termomecanica Sao Paulo S.A - Fábrica 2;59106666001577;(1) 14366-9705;;;;;Lauro Gomes, 1300, Vila Vivaldi, 09635010;Lauro Gomes;1300;;Vila Vivaldi;;;09635010;;;;11/01/2022 00:39:25;NULL
1642;27403914;Condominio Horizontes;;14287810000185;(1) 12925-7116;;;;;Escola Politécnica, 942, Jaguare, 05350000;Escola Politécnica;942;;Jaguare;;;05350000;;;;11/01/2022 00:42:33;NULL
1643;27403912;Condominio Edificio Panorama;;54751334000126;(1) 13823-3500;;;;;Aibi, 89, Vila Ipojuca, 05054010;Aibi;89;;Vila Ipojuca;;;05054010;;;;11/01/2022 00:42:33;NULL
1644;27403530;Autostar Grupo;Autostar Grupo;68976091000139;(1) 12344-4444;;;;;Morumbi, 6989, Morumbi, 05650002;Morumbi;6989;;Morumbi;;;05650002;;;;11/01/2022 00:38:58;NULL
1645;27403775;Sacia Vl Prudente;Sacia Sa Com. E Ind. De Alimentos Ltda;59229583000170;(1) 13384-8390;;;;;Pires Pimentel, 305, Parque Da Vila Prudente, 03138040;Pires Pimentel;305;;Parque Da Vila Prudente;;;03138040;;;;11/01/2022 00:39:24;NULL
1646;27403770;Rm - Luis Fernando;Luis Fernando De Toledo Baptista Ribeiro;03811386000100;(1) 14577-0399;;;;;Doutor Samuel Porto, 351, Saúde, 04054010;Doutor Samuel Porto;351;;Saúde;;;04054010;;;;11/01/2022 00:39:24;NULL
1647;27402571;Comercial Prime Food Ltda;Comercial Prime Food Ltda;19137358000199;(1) 53342-5840;;;;;João Do Prado, 300, Capuava, 09270160;João Do Prado;300;;Capuava;;;09270160;;;;10/01/2022 22:32:38;NULL
1648;27403802;V10 Servicos Empresariais Eireli;V10 Servicos Empresarias Eireli;16677404000154;;;;;;Papagaio, 448, Jardim Império, 86709460;Papagaio;448;;Jardim Império;;;86709460;;;;11/01/2022 00:39:26;NULL
1649;27403647;Its Cool - Colegio Santa Maria;Its Cool Serviços De Alimentacao Ltda;26222345000183;(4) 13641-3140;;;;;Luiz Franceschi, 657, Thomaz Coelho, 83707072;Luiz Franceschi;657;;Thomaz Coelho;;;83707072;;;;11/01/2022 00:39:09;NULL
1650;27403894;Capaci;;10998627000137;(1) 12602-4300;;;;;Vereador Abel Ferreira, 320, Vila Regente Feijo, 03340000;Vereador Abel Ferreira;320;;Vila Regente Feijo;;;03340000;;;;11/01/2022 00:42:32;NULL
1651;27403571;Cozinha Do Campo Belo Loja De Comida Ltd;Cozinha Do Campo Belo Loja De Comida Ltd;10293053000100;;;;;;João De Sousa Dias, 204, Campo Belo, 04618000;João De Sousa Dias;204;;Campo Belo;;;04618000;;;;11/01/2022 00:39:02;NULL
1652;27403494;Termomecanica Fab 3;Termomecanica Sao Paulo S.A;59106666000252;(1) 14366-9777;;;;;Caminho Do Mar, 2652, Rudge Ramos, 09612000;Caminho Do Mar;2652;;Rudge Ramos;;;09612000;;;;11/01/2022 00:37:41;NULL
1653;27403630;Gse - Rib.Pires - Ex.Ceres;Gse Distribuidora De Alimentos Ltda;37611201000135;(1) 13199-2814;;;;;Salvador Rípoli, 2280, Santa Luzia, 09431360;Salvador Rípoli;2280;;Santa Luzia;;;09431360;;;;11/01/2022 00:39:08;NULL
1654;27403823;Fabrica Dos Sinos Piracicaba;Fabrica Dos Sinos Piracicaba;15183465000100;;;;;;Benedito Bozon Penteado, 415, Vila Pacaembu, 13424485;Benedito Bozon Penteado;415;;Vila Pacaembu;;;13424485;;;;11/01/2022 00:39:28;NULL
1655;27403514;Agrodanieli - Tapejara;Agrodanieli E Comercio Ltda;02990334000509;(5) 43344-4280;;;;;Localidade De Sao Silvestre, Interior, 99950000;Localidade De Sao Silvestre;;;Interior;;;99950000;;;;11/01/2022 00:38:57;NULL
1656;27403577;Dagostini;Transp. Dagostini E Repres Ltda;43096577000151;(1) 13619-3577;;;;;Moisés Kauffmann, 441, Parque Industrial Tomas Edson, 01140010;Moisés Kauffmann;441;;Parque Industrial Tomas Edson;;;01140010;;;;11/01/2022 00:39:03;NULL
1657;27403532;Bergamo & Massola;Bergamo & Massola Lav. E Serviços Ltda;22346521000138;;;;;;Tocantins 75, 75, Alphaville Industrial, 06455930;Tocantins 75;75;;Alphaville Industrial;;;06455930;;;;11/01/2022 00:38:59;NULL
1658;27403486;Pack In Bag;Pack In Bag I.C.Exp.Emb.Papel Ltda Epp;04773641000130;(1) 12523-9198;;;;;Professor Castelo Branco, 71, Jardim Nove De Julho, 03947020;Professor Castelo Branco;71;;Jardim Nove De Julho;;;03947020;;;;11/01/2022 00:37:36;NULL
1659;27403470;Cathita Comerc;Cathita Com.E Distr.De Alimentos Eireli;57312167000105;(1) 14233-6827;;;;;Maranguá, 291, Olímpico, 09540620;Maranguá;291;;Olímpico;;;09540620;;;;11/01/2022 00:37:32;NULL
1660;27403640;Hs Pompeia - Sky Asia;Hs Pompeia Alimentos Eireli - Me;09294774000147;;;;;;Turiassu, 2100, Perdizes, 05005000;Turiassu;2100;;Perdizes;;;05005000;;;;11/01/2022 00:39:08;NULL
1661;27403730;Rascal Casa Shopping - Rscs;Liroan Restaurantes Ltda;10452855000107;(2) 13325-5179;;;;;Ayrton Senna 2150, 2150, Barra Da Tijuca, 22775900;Ayrton Senna 2150;2150;;Barra Da Tijuca;;;22775900;;;;11/01/2022 00:39:18;NULL
1662;27403572;Cristalia - Belem;Cristalia Alim. E Serviços Ltda;73147654000116;(1) 13744-7209;;;;;Condessa Elisabeth De Robiano, 750, Vila Moreira, 03074000;Condessa Elisabeth De Robiano;750;;Vila Moreira;;;03074000;;;;11/01/2022 00:39:02;NULL
1663;27403818;West Plaza Shopping;Condominio West Plaza Shopping Center I;09043953000101;(1) 13677-4055;;;;;Francisco Matarazzo 455, Água Branca, 05001900;Francisco Matarazzo 455;;;Água Branca;;;05001900;;;;11/01/2022 00:39:27;NULL
1664;27403472;Daff Distribuidora - Entrega Firestone;Daff Distribuidora Eireli Epp;21559523000142;(1) 14421-7980;;;;;Firestone, 1603, Silveira, 09195470;Firestone;1603;;Silveira;;;09195470;;;;11/01/2022 00:37:32;NULL
1665;27402553;Unaprosil Usina Nova América Ind E Com;Unaprosil Usina Nova América Ind E Com;08764471000501;(1) 14898-8090;;;;;João Do Prado, 300, Capuava, 09270160;João Do Prado;300;;Capuava;;;09270160;;;;10/01/2022 22:32:36;NULL
1666;27403843;Tudofer Com De Ferramentas Ltda - Epp;Tudofer Com De Ferramentas Ltda - Epp;10189395000176;(1) 14025-2091;;;;;João Do Prado, 300, Capuava, 09270160;João Do Prado;300;;Capuava;;;09270160;;;;11/01/2022 00:39:30;NULL
1667;27403917;Condominio Santo Antonio;;65518458000182;;;;;;Benjamim Egas, 44, Pinheiros, 05418030;Benjamim Egas;44;;Pinheiros;;;05418030;;;;11/01/2022 00:42:33;NULL
1668;27403920;Cookless;;25532849000137;(1) 14385-6488;;;;;São Paulo, 444, Cidade Intercap, 06757170;São Paulo;444;;Cidade Intercap;;;06757170;;;;11/01/2022 00:42:33;NULL
1669;27403524;Andre;Andre F.F Miguel;33186989892;;;;;;Itapicuru, 801, Perdizes, 05006000;Itapicuru;801;;Perdizes;;;05006000;;;;11/01/2022 00:38:58;NULL
1670;27403672;Marvi Ourinhos;Industria E Comercio Marvi Ltda;53408654000115;(1) 43302-4410;;;;;Sao Paulo/Parana, Jardim Paris, 19904100;Sao Paulo/Parana;;;Jardim Paris;;;19904100;;;;11/01/2022 00:39:11;NULL
1671;27402537;Caucasus - Grupo Rascal;Caucasus Restaurantes Ltda;32219736000141;;;;;;Augusta, 1849, Cerqueira Cesar, 01413000;Augusta;1849;;Cerqueira Cesar;;;01413000;;;;10/01/2022 22:32:34;NULL
1672;27402557;Krt - Oakberry Vila Prudente;Krt Comercio De Acai Ltda;40963395000142;;;;;;Epaminondas Melo Do Amaral, 309, Sítio Do Mandaqui, 02542000;Epaminondas Melo Do Amaral;309;;Sítio Do Mandaqui;;;02542000;;;;10/01/2022 22:32:36;NULL
1673;27402558;Karolina - Kess;Karolina Kaestner W. Serviços;05645597000145;;;;;;Pedro De Toledo, 977, Jardim Santa Lídia, 07140000;Pedro De Toledo;977;;Jardim Santa Lídia;;;07140000;;;;10/01/2022 22:32:37;NULL
1674;27403664;Logfarma;Logfarma Distr. E Serviços Ltda;02376381000133;(1) 14428-1490;;;;;Araçatuba, 426, Santa Maria, 09071310;Araçatuba;426;;Santa Maria;;;09071310;;;;11/01/2022 00:39:11;NULL
1675;27403628;Grupo - Sky Asia;Grupo - Sky Asia;14295937000146;(1) 14577-0399;;;;;Capitao Pacheco Chaves, 313, Mooca, 03126000;Capitao Pacheco Chaves;313;;Mooca;;;03126000;;;;11/01/2022 00:39:07;NULL
1676;27403660;L.C.Martins Eireli;L.C.Martins Eireli;45271079000123;(1) 63301-4433;;;;;Padre José De Anchieta, 176, Vila Furlan, 14807000;Padre José De Anchieta;176;;Vila Furlan;;;14807000;;;;11/01/2022 00:39:10;NULL
1677;27403860;A2A Abc;;17097298000364;;;;;;Pereira Barreto, 42, Paraiso, 09190210;Pereira Barreto;42;;Paraiso;;;09190210;;;;11/01/2022 00:42:29;NULL
1678;27403782;Skw;Skw Serviços De Buffet Eireli Me;26280182000195;(1) 13370-0571;;;;;Natalia Zarif, 2655, Jardim São Geraldo, 07140040;Natalia Zarif;2655;;Jardim São Geraldo;;;07140040;;;;11/01/2022 00:39:24;NULL
1679;27403549;Cond Do Boulevard Shoping Bh;Boulervad Shoping Bh;12770422000125;(3) 12511-7100;;;;;Dos Andradas, 3000, Santa Efigênia, 30260070;Dos Andradas;3000;;Santa Efigênia;;;30260070;;;;11/01/2022 00:39:00;NULL
1680;27403586;Dia Brasil - Osasco;Dia Brasil Sociedade Limitada;03476811021159;(1) 13886-8610;;;;;Papa João Xxiii, 3059, Loteamento Industrial Coral, 09370800;Papa João Xxiii;3059;;Loteamento Industrial Coral;;;09370800;;;;11/01/2022 00:39:03;NULL
1681;27403881;Apm 28 De Julho;;48570345000107;(1) 14227-1126;;;;;Oriente, 501, Barcelona, 09551010;Oriente;501;;Barcelona;;;09551010;;;;11/01/2022 00:42:31;NULL
1682;27403550;Cond Franca Shopping Center;Franca Shopping Center;68323609000135;;;;;;Rio Negro, 110, Sao Miguel, 14406005;Rio Negro;110;;Sao Miguel;;;14406005;;;;11/01/2022 00:39:00;NULL
1683;27403547;Cond Boulevard Londrina Shopping;Cond Boulevard Londrina Shopping;28240693000109;(1) 13371-4110;;;;;Theodoro Victorelli, 150, Helena, 86027750;Theodoro Victorelli;150;;Helena;;;86027750;;;;11/01/2022 00:39:00;NULL
1684;27402554;Quimesp Quimica Ltda;Quimesp Quimica Ltda;53393690000152;(1) 12488-2222;;;;;João Do Prado, 300, Capuava, 09270160;João Do Prado;300;;Capuava;;;09270160;;;;10/01/2022 22:32:36;NULL
1685;27402531;Condominio Edificio Panorama;Condominio Edificio Panorama;54751334000126;(1) 13823-3500;;;;;Aibi, 89, Vila Ipojuca, 05054010;Aibi;89;;Vila Ipojuca;;;05054010;;;;10/01/2022 22:32:34;NULL
1686;27403698;Okker Alimentos;Okker Ind E Com De Prod.A.I.Exp.Ltda Epp;08225360000101;(1) 12723-8211;;;;;Gedivaldo Calixto De Souza, 251, Vila Nova York, 03479030;Gedivaldo Calixto De Souza;251;;Vila Nova York;;;03479030;;;;11/01/2022 00:39:14;NULL
1687;27403842;A S Caje Restaurante Ltda;A S Caje Restaurante Ltda;39505923000130;;;;;;Ibiapava, 49, Vila Apiaí, 09185360;Ibiapava;49;;Vila Apiaí;;;09185360;;;;11/01/2022 00:39:30;NULL
1688;27403682;Mvgb;M.V,G.B Refeiçoes Coletivas Ltda;05099651000102;(1) 93802-9800;;;;;Adelina Boz Marfim, Jundiapeba, 08752040;Adelina Boz Marfim;;;Jundiapeba;;;08752040;;;;11/01/2022 00:39:12;NULL
1689;27403705;Paoletti;Paoletti Gomes Filippini;24656513822;;;;;;Itapeti, 1000, Vila Gomes Cardim, 03324002;Itapeti;1000;;Vila Gomes Cardim;;;03324002;;;;11/01/2022 00:39:14;NULL
1690;27403771;Rodopan;Rodopan Transportes Ltda;00849291000278;(1) 12955-5457;;;;;Carmópolis De Minas, 1045, Vila Maria, 02116010;Carmópolis De Minas;1045;;Vila Maria;;;02116010;;;;11/01/2022 00:39:24;NULL
1691;27403807;Varanda Patio Paulista;Varanda Patio Paulista Ltda;62498365000498;;;;;;Treze De Maio 1947, 1947, Bela Vista, 01327900;Treze De Maio 1947;1947;;Bela Vista;;;01327900;;;;11/01/2022 00:39:27;NULL
1692;27403588;Dia Maua;Dia Brasil Sociedade Limitada;03476811063072;(1) 13886-8610;;;;;Papa João Xxiii, 3147, Loteamento Industrial Coral, 09370800;Papa João Xxiii;3147;;Loteamento Industrial Coral;;;09370800;;;;11/01/2022 00:39:04;NULL
1693;27403653;Jl Budoia;Jl Budoia Panificadora Ltda Me;10785828000156;(1) 12211-0070;;;;;Igaratinga, 188, Vila Santa Clara, 03273400;Igaratinga;188;;Vila Santa Clara;;;03273400;;;;11/01/2022 00:39:09;NULL
1694;27403568;Cortes - Csle - Outro Local De Entrega;Piscius Restaurantes Ltda;20291715000158;(2) 13576-9697;;;;;Ayrton Senna 2150, 2150, Barra Da Tijuca, 22775900;Ayrton Senna 2150;2150;;Barra Da Tijuca;;;22775900;;;;11/01/2022 00:39:02;NULL
1695;27403562;Condominio Santo Antonio;Condominio Edificio Santo Antonio;65518458000182;;;;;;Benjamim Egas, 44, Pinheiros, 05418030;Benjamim Egas;44;;Pinheiros;;;05418030;;;;11/01/2022 00:39:01;NULL
1696;27402530;Flavia Malia Fogazzaria;Flavia Malia Fogazzaria Me;14260300000114;;;;;;Basiléia, 385, Parque Novo Oratório, 09260210;Basiléia;385;;Parque Novo Oratório;;;09260210;;;;10/01/2022 22:32:33;NULL
1697;27403651;Jimmy Berry;Jimmy Berry Com. De Acai Ltda;31976215000176;;;;;;Ibirapuera 3103, 3103, Indianópolis, 04029902;Ibirapuera 3103;3103;;Indianópolis;;;04029902;;;;11/01/2022 00:39:09;NULL
1698;27403643;Innova Hospitais Diadema;Innova Hospitais Associados Ltda Me;08729864000231;(1) 12178-2266;;;;;São Jorge, 98, Centro, 09911070;São Jorge;98;;Centro;;;09911070;;;;11/01/2022 00:39:08;NULL
1699;27403838;Cardosos Som;Cardosos Som;17930428000136;(1) 14319-8060;;;;;João Do Prado, 300, Capuava, 09270160;João Do Prado;300;;Capuava;;;09270160;;;;11/01/2022 00:39:30;NULL
1700;27403579;Dal Pozzo;Dal Pozzo Advogados;01546213000186;;;;;;Benjamim Egas, 66, Pinheiros, 05418030;Benjamim Egas;66;;Pinheiros;;;05418030;;;;11/01/2022 00:39:03;NULL
1701;27403846;Comercial Prime Food Ltda;Comercial Prime Food Ltda;19137358000199;(1) 53342-5840;;;;;João Do Prado, 300, Capuava, 09270160;João Do Prado;300;;Capuava;;;09270160;;;;11/01/2022 00:39:31;NULL
1702;27403693;Oakberry - Vl. Madalena;Oak Vb Casa De Sucos Eireli;31889396000101;;;;;;Harmonia, 150, Sumarezinho, 05435000;Harmonia;150;;Sumarezinho;;;05435000;;;;11/01/2022 00:39:13;NULL
1703;27403475;Escala Tur;Escala Tur Transportes Ltda;04773029000167;(1) 15512-7365;;;;;Joaquim Nunes Teixeira, 151, Vila Plana, 05731370;Joaquim Nunes Teixeira;151;;Vila Plana;;;05731370;;;;11/01/2022 00:37:34;NULL
1704;27403632;Henz Correa;Henz Correa & Hentz Ltda;06333148000124;;;;;;Saldanha Marinho, 465, Centro, 18200001;Saldanha Marinho;465;;Centro;;;18200001;;;;11/01/2022 00:39:08;NULL
1705;27403789;Taffarel;Taffarel Aniceto Bonfim;18521699000109;(1) 13294-1759;;;;;Silva Jardim, 438, Belenzinho, 03163090;Silva Jardim;438;;Belenzinho;;;03163090;;;;11/01/2022 00:39:25;NULL
1706;27403930;Daff Distribuidora - Entrega Firestone;;21559523000142;(1) 14421-7980;;;;;Firestone, 1603, Silveira, 09195470;Firestone;1603;;Silveira;;;09195470;;;;11/01/2022 00:42:35;NULL
1707;27402555;Abatedouro De Aves Ideal - Pereiras;Abatedouro De Aves Ideal Ltda;74251919000194;(1) 43888-1370;;;;;Vereador Marcos Martins, 99, Zona Indl Pereiras, 18580000;Vereador Marcos Martins;99;;Zona Indl Pereiras;;;18580000;;;;10/01/2022 22:32:36;NULL
1708;27403692;Oakberry - São Caetano Do Sul;Oak Pssc Ltda;30076205000111;;;;;;Terracota, 545, Ceramica, 09531190;Terracota;545;;Ceramica;;;09531190;;;;11/01/2022 00:39:13;NULL
1709;27402547;Amidos Nevada;Amidos Nevada Ltda;07165986000107;(6) 73479-2945;;;;;João Do Prado, 300, Capuava, 09270160;João Do Prado;300;;Capuava;;;09270160;;;;10/01/2022 22:32:35;NULL
1710;27403646;Irh Servicos;Irh Servicos Terceirizados Eireli;12840447000158;;;;;;Artur De Queirós, 73, Casa Branca, 09015510;Artur De Queirós;73;;Casa Branca;;;09015510;;;;11/01/2022 00:39:09;NULL
1711;27403482;Mf Mix Concreto - Sbc;Mf Mix Sao Bernardo Concreto Ltda;39675342000147;(1) 14153-9191;;;;;Particular Fukutaro Yida, 40, Cooperativa, 09852060;Particular Fukutaro Yida;40;;Cooperativa;;;09852060;;;;11/01/2022 00:37:36;NULL
1712;27403873;Aliansce Sonae - Shopping Leblon;;08471923000133;(1) 13371-3672;;;;;Afrânio De Melo Franco, 290, Leblon, 22430060;Afrânio De Melo Franco;290;;Leblon;;;22430060;;;;11/01/2022 00:42:30;NULL
1713;27403671;Marrma - Zucco Morumbi;Marrma Restaurante Ltda;22731488000160;(1) 13083-7406;;;;;Roque Petroni Júnior 1089, 1089, Jardim Das Acácias, 04707900;Roque Petroni Júnior 1089;1089;;Jardim Das Acácias;;;04707900;;;;11/01/2022 00:39:11;NULL
1714;27403613;F.G.R - Prime Alimentação - Interlagos;F.G.R Silva Buffet E Eventos Ltda;09621493000151;;;;;;Pedro Santalúcia, 250, Interlagos, 04815250;Pedro Santalúcia;250;;Interlagos;;;04815250;;;;11/01/2022 00:39:06;NULL
1715;27403625;Gisela Souza Da Silva;Gisela Souza Da Silva;22260496814;;;;;;Adolfo Bastos, 847, Vila Bastos, 09041000;Adolfo Bastos;847;;Vila Bastos;;;09041000;;;;11/01/2022 00:39:07;NULL
1716;27403841;Santil Comercial Eletrico Ltda;Santil Comercial Eletrico Ltda;49474398000863;(1) 13998-3000;;;;;João Do Prado, 300, Capuava, 09270160;João Do Prado;300;;Capuava;;;09270160;;;;11/01/2022 00:39:30;NULL
1717;27403621;Formtap Ind.E Com S.A;Formtap Ind E Com S.A;53808697000198;;;;;;Capistrano De Abreu, 190, Taboão, 09940470;Capistrano De Abreu;190;;Taboão;;;09940470;;;;11/01/2022 00:39:07;NULL
1718;27403675;Mercadominio;Mercadominio Delivery Eireli - Me;28165341000136;;;;;;Giovanni Gronchi, 6829, Vila Andrade, 05724003;Giovanni Gronchi;6829;;Vila Andrade;;;05724003;;;;11/01/2022 00:39:11;NULL
1719;27403704;Panificadora  La Casa - Eloisa Risotolan;Panificadora E Conf. La Casa Di Pao Ltda;68812312000133;(4) 13641-3189;;;;;Reverendo José Ferreira Filho, 37, Novo Mundo, 81050422;Reverendo José Ferreira Filho;37;;Novo Mundo;;;81050422;;;;11/01/2022 00:39:14;NULL
1720;27403624;Giiro - Zucco Jardins;Giiro Restaurante Ltda;22020079000155;(1) 13083-7406;;;;;Haddock Lobo, 1416, Cerqueira Cesar, 01414002;Haddock Lobo;1416;;Cerqueira Cesar;;;01414002;;;;11/01/2022 00:39:07;NULL
1721;27403723;Portal Morumb;Condominio Portal Do Morumbi;53822003000177;;;;;;Marechal Hastinfilo De Moura 338, 338, Vila Suzana, 05641900;Marechal Hastinfilo De Moura 338;338;;Vila Suzana;;;05641900;;;;11/01/2022 00:39:17;NULL
1722;27403760;Risotolandia - Minorgan;Risotolandia Serv. De Ali. Ltda;04908058002051;(4) 13641-3189;;;;;Estrada Vitoria De Sao Pedro, 685, Mandaguari, 86975000;Estrada Vitoria De Sao Pedro;685;;Mandaguari;;;86975000;;;;11/01/2022 00:39:21;NULL
1723;27403880;Ap. Av. Dos Estados;;30309392000136;;;;;;Dos Estados, 1586, Santa Terezinha, 09210580;Dos Estados;1586;;Santa Terezinha;;;09210580;;;;11/01/2022 00:42:31;NULL
1724;27403531;Bb;Bb Distribuidora De Carnes Ltda;43381672000105;(1) 13647-4000;;;;;Mofarrej, 1504, Vila Leopoldina, 05311000;Mofarrej;1504;;Vila Leopoldina;;;05311000;;;;11/01/2022 00:38:59;NULL
1725;27403468;Apm 28 De Julho;Apm Da Emef 28 De Julho;48570345000107;(1) 14227-1126;;;;;Oriente, 501, Barcelona, 09551010;Oriente;501;;Barcelona;;;09551010;;;;11/01/2022 00:37:31;NULL
1726;27402570;Online Parts E Acess P Cozinha Prof Ltda;Online Parts E Acess P Cozinha Prof Ltda;37300660000106;;;;;;João Do Prado, 300, Capuava, 09270160;João Do Prado;300;;Capuava;;;09270160;;;;10/01/2022 22:32:37;NULL
1727;27403702;Paes;Paes E Doces Luso Brasileira Ltda;00027322000124;(1) 14437-3545;;;;;Das Figueiras, 664, Campestre, 09080300;Das Figueiras;664;;Campestre;;;09080300;;;;11/01/2022 00:39:14;NULL
1728;27403831;Unaprosil Usina Nova América Ind E Com;Unaprosil Usina Nova América Ind E Com;08764471000501;(1) 14898-8090;;;;;João Do Prado, 300, Capuava, 09270160;João Do Prado;300;;Capuava;;;09270160;;;;11/01/2022 00:39:29;NULL
1729;27402561;Grande Atacado De Produtos Em Geral Ltda;Grande Atacado De Produtos Em Geral Ltda;41036899000180;(1) 13569-5618;;;;;João Do Prado, 300, Capuava, 09270160;João Do Prado;300;;Capuava;;;09270160;;;;10/01/2022 22:32:37;NULL
1730;27403759;Risotolandia - Minas Ii;Risotolandia Servicos De Alimentacao Ltd;04908058007606;(4) 13641-3189;;;;;Oriente, 827, Serra, 30220270;Oriente;827;;Serra;;;30220270;;;;11/01/2022 00:39:21;NULL
1731;27403595;Don Marche;Don Marche Serv. De Alimentacao;00322135000173;(1) 13744-7209;;;;;Domingos Lopes Da Silva, 890, Vila Andrade, 05641030;Domingos Lopes Da Silva;890;;Vila Andrade;;;05641030;;;;11/01/2022 00:39:04;NULL
1732;27403785;Solar;Solar Ar Condicionado Com. Ltda;06330557000177;(1) 13951-5407;;;;;Antônio Munhoz Bonilha, 545, Vila Palmeiras, 02725000;Antônio Munhoz Bonilha;545;;Vila Palmeiras;;;02725000;;;;11/01/2022 00:39:25;NULL
1733;27403862;Abm  - Wap Metal;;21504688000117;(1) 12894-3933;;;;;Luis Vieira, 555, Jardim Ambuita, 06695570;Luis Vieira;555;;Jardim Ambuita;;;06695570;;;;11/01/2022 00:42:29;NULL
1734;27403584;Dia Americana;Dia Brasil Sociedade Limitada;03476811032860;(1) 13886-8610;;;;;Papa João Xxiii, 3059, Loteamento Industrial Coral, 09370800;Papa João Xxiii;3059;;Loteamento Industrial Coral;;;09370800;;;;11/01/2022 00:39:03;NULL
1735;27403909;Cond Uberlandia Shopping;;18614523000193;(1) 13138-1570;;;;;Paulo Gracindo, 15, Gávea, 38411145;Paulo Gracindo;15;;Gávea;;;38411145;;;;11/01/2022 00:42:33;NULL
1736;27403796;Theuss - Delivery Morumbi;Theuss Restaurante Ltda;43184152000102;;;;;;Oscar Rodrigues Cajado Filho, 154, Santo Amaro, 04710190;Oscar Rodrigues Cajado Filho;154;;Santo Amaro;;;04710190;;;;11/01/2022 00:39:26;NULL
1737;27402538;Marita - Oakberry Ipiranga;Marita Figueiredo Comercio De Acai;35779956000118;;;;;;Bom Pastor, 1592, Ipiranga, 04203003;Bom Pastor;1592;;Ipiranga;;;04203003;;;;10/01/2022 22:32:34;NULL
1738;27403887;Bergamo & Massola;;22346521000138;;;;;;Tocantins 75, 75, Alphaville Industrial, 06455930;Tocantins 75;75;;Alphaville Industrial;;;06455930;;;;11/01/2022 00:42:31;NULL
1739;27403840;Biochemicals;Biochemicals;21539359000101;(1) 15696-9797;;;;;João Do Prado, 300, Capuava, 09270160;João Do Prado;300;;Capuava;;;09270160;;;;11/01/2022 00:39:30;NULL
1740;27403875;All Parmegiana - Grupo;;03349333000119;(1) 14543-2273;;;;;Antônia Rosa Fioravanti, 3270, Jardim Rosina, 09390120;Antônia Rosa Fioravanti;3270;;Jardim Rosina;;;09390120;;;;11/01/2022 00:42:30;NULL
1741;27403895;Carvalho - Camilopolis;;02559428000102;(1) 14996-9010;;;;;Alemanha, 1204, Vila Camilópolis, 09240001;Alemanha;1204;;Vila Camilópolis;;;09240001;;;;11/01/2022 00:42:32;NULL
1742;27403720;Planta Baixa Engenharia;Planta Baixa Engenharia;31036677000103;;;;;;Das Palmeiras, 680, Jardim, 09080160;Das Palmeiras;680;;Jardim;;;09080160;;;;11/01/2022 00:39:17;NULL
1743;27403923;Cortes - Csle - Outro Local De Entrega;;20291715000158;(2) 13576-9697;;;;;Ayrton Senna 2150, 2150, Barra Da Tijuca, 22775900;Ayrton Senna 2150;2150;;Barra Da Tijuca;;;22775900;;;;11/01/2022 00:42:34;NULL
1744;27403700;Padaria Iracema;Iracema Da Angelica Paes E Doces Ltda;67086934000169;;;;;;Angélica, 101, Santa Cecilia, 01227000;Angélica;101;;Santa Cecilia;;;01227000;;;;11/01/2022 00:39:14;NULL
1745;27403932;Dagostini;;43096577000151;(1) 13619-3577;;;;;Moisés Kauffmann, 441, Parque Industrial Tomas Edson, 01140010;Moisés Kauffmann;441;;Parque Industrial Tomas Edson;;;01140010;;;;11/01/2022 00:42:35;NULL
1746;27403793;Termomecanica Fab 1;Termomecanica Sao Paulo S/A - Fábrica 1;59106666000171;(1) 14366-9777;;;;;Caminho Do Mar, 2652, Rudge Ramos, 09612000;Caminho Do Mar;2652;;Rudge Ramos;;;09612000;;;;11/01/2022 00:39:26;NULL
1747;27403552;Cond Shopping Parque Dom Pedro;Cond Shopping Parque Dom Pedro;04895134000179;(1) 93208-3600;;;;;Guilherme Campos 500, 500, Jardim Santa Genebra, 13087901;Guilherme Campos 500;500;;Jardim Santa Genebra;;;13087901;;;;11/01/2022 00:39:00;NULL
1748;27403905;Cond Franca Shopping Center;;68323609000135;;;;;;Rio Negro, 110, Sao Miguel, 14406005;Rio Negro;110;;Sao Miguel;;;14406005;;;;11/01/2022 00:42:32;NULL
1749;27403699;Pack In Bag;Pack In Bag I.C.Exp.Emb.Papel Ltda Epp;04773641000130;(1) 12523-9198;;;;;Professor Castelo Branco, 71, Jardim Nove De Julho, 03947020;Professor Castelo Branco;71;;Jardim Nove De Julho;;;03947020;;;;11/01/2022 00:39:14;NULL
1750;27403728;Rascal Alameda Santos;Rilston Restaurantes Ltda;66546565000187;(1) 13141-0692;;;;;Paulista, 807, Bela Vista, 01311100;Paulista;807;;Bela Vista;;;01311100;;;;11/01/2022 00:39:18;NULL
1751;27403827;Winterplast Com De Emb Plast Summerplast;Winterplast Com De Emb Plast Summerplast;42503561000153;(1) 13387-6800;;;;;João Do Prado, 300, Capuava, 09270160;João Do Prado;300;;Capuava;;;09270160;;;;11/01/2022 00:39:29;NULL
1752;27403544;Ceasaq - Risotolandia Eloisa;Ceasaq Central De A. Sta. Quiteria Ltda;09084226000192;(4) 13641-3189;;;;;Professor Fábio De Souza, 1240, Santa Quitéria, 80310230;Professor Fábio De Souza;1240;;Santa Quitéria;;;80310230;;;;11/01/2022 00:39:00;NULL
1753;27403594;Dms -;Dms Temp. Produtos De Limpeza Ltda;27342219000125;;;;;;Francisco Vergueiro Porto, 257, Parque Doroteia, 04474300;Francisco Vergueiro Porto;257;;Parque Doroteia;;;04474300;;;;11/01/2022 00:39:04;NULL
1754;27403505;A2A Abc;A2A Fast Food Ltda;17097298000364;;;;;;Pereira Barreto, 42, Paraiso, 09190210;Pereira Barreto;42;;Paraiso;;;09190210;;;;11/01/2022 00:38:57;NULL
1755;27403732;Rascal Higienopolis;Ralski Restaurantes Ltda;02967526000170;(1) 13822-0183;;;;;Higienópolis, 646, Higienopolis, 01238000;Higienópolis;646;;Higienopolis;;;01238000;;;;11/01/2022 00:39:18;NULL
1756;27403722;Ponto Ka;Ponto Ka Picanharia Ltda;32450388000119;;;;;;Paulo Faccini, 1337, Macedo, 07111000;Paulo Faccini;1337;;Macedo;;;07111000;;;;11/01/2022 00:39:17;NULL
1757;27403745;Restaurante Primeiro Maio;Restaurante Primeiro De Maio Ltda Epp;26456060000107;(1) 12896-0098;;;;;Primeiro De Maio, 167, Centro, 09015030;Primeiro De Maio;167;;Centro;;;09015030;;;;11/01/2022 00:39:19;NULL
1758;27403536;Boulevard Shopping Brasilia;Empreendimentos Comerciais S.A.;08711824000262;(2) 12176-7272;;;;;Stn, Asa Norte, 70770100;Stn;;;Asa Norte;;;70770100;;;;11/01/2022 00:38:59;NULL
1759;27403750;Risa Class - Sta Rosa Do Viterbo;Risa Class Adm.De Restaurantes Ltda;00212426000613;(4) 13641-3189;;;;;Pavimentacao Asfaltica, 322, Fazenda Amalia, 14270000;Pavimentacao Asfaltica;322;;Fazenda Amalia;;;14270000;;;;11/01/2022 00:39:19;NULL
1760;27403751;Risotolandia  - Juiz De Fora;Risotolandia Serv, De Aliment. Ltda;04908058005581;(4) 13641-3189;;;;;Presidente Juscelino Kubitscheck, 273, Industrial, 36081000;Presidente Juscelino Kubitscheck;273;;Industrial;;;36081000;;;;11/01/2022 00:39:19;NULL
1761;27403642;Infinit;David Almeida Alves Neto;13131279000194;;;;;;Rafael Balzani, 32, Vila Moreira, 07020091;Rafael Balzani;32;;Vila Moreira;;;07020091;;;;11/01/2022 00:39:08;NULL
1762;27403806;Varanda Frutas - Cidade Jardim - Shoping;Varanda Frutas E Mercearia Ltda;62498365000307;;;;;;Magalhães De Castro, 1200, Cidade Jardim, 05676120;Magalhães De Castro;1200;;Cidade Jardim;;;05676120;;;;11/01/2022 00:39:27;NULL
1763;27403631;Henrique Aparecido;Henrique Aparecido Paz Da Silva Eireli;23472856000165;;;;;;Carioca, 375, Vila Carioca, 04225001;Carioca;375;;Vila Carioca;;;04225001;;;;11/01/2022 00:39:08;NULL
1764;27403548;Cond De Adminis De Montes Claros Shop Ce;Cond De Adm De Montes Claros Shop Center;02786850000192;(3) 82143-3000;;;;;Donato Quintino, 90, Cidade Nova, 39400546;Donato Quintino;90;;Cidade Nova;;;39400546;;;;11/01/2022 00:39:00;NULL
1765;27403921;Coop Regional - Majestade;;95323275000172;(5) 43343-8200;;;;;Rio Branco, 358, Centro, 99840000;Rio Branco;358;;Centro;;;99840000;;;;11/01/2022 00:42:34;NULL
1766;27403922;Coop Regional - Majestade - Boa Vista;;95323275001063;(5) 43343-8213;;;;;Estrm Linha Boa Vista, Zona Rural, 99840000;Estrm Linha Boa Vista;;;Zona Rural;;;99840000;;;;11/01/2022 00:42:34;NULL
1767;27403591;Dibon Lins Cambuci;Dibon Supermercado Ltda;14148916000289;(1) 13204-2232;;;;;Lins De Vasconcelos, 733, Cambuci, 01537000;Lins De Vasconcelos;733;;Cambuci;;;01537000;;;;11/01/2022 00:39:04;NULL
1768;27403901;Conca & Bartie Acaiteria;;32785835000190;;;;;;Ômega, 174, Melville Empresarial I E Ii, 06472005;Ômega;174;;Melville Empresarial I E Ii;;;06472005;;;;11/01/2022 00:42:32;NULL
1769;27403876;Ambev - Juatuba - Mg;;07526557005098;;;;;;Rodovia Mg 0,50, Centro, 35675000;Rodovia Mg 0,50;;;Centro;;;35675000;;;;11/01/2022 00:42:30;NULL
1770;27403737;Rascal Market Place;Liral Restaurantes Ltda;03434295000100;;;;;;Murilo Furtado, 13947, Vila Gertrudes, 04794000;Murilo Furtado;13947;;Vila Gertrudes;;;04794000;;;;11/01/2022 00:39:18;NULL
1771;27403533;Betel Solucoes;Betel Solucoes Em Higien Ltda Me;20230075000176;(1) 14229-7407;;;;;Terracota, 185, Ceramica, 09531190;Terracota;185;;Ceramica;;;09531190;;;;11/01/2022 00:38:59;NULL
1772;27403539;Capaci;Capaci Salgados Ltda Epp;10998627000137;(1) 12602-4300;;;;;Vereador Abel Ferreira, 320, Vila Regente Feijo, 03340000;Vereador Abel Ferreira;320;;Vila Regente Feijo;;;03340000;;;;11/01/2022 00:38:59;NULL
1773;27403534;Bipo Steack House;To Go Paulista F.Com. De Alim. Ltda  Epp;26364189000195;;;;;;Santos, 1518, Cerqueira Cesar, 01418102;Santos;1518;;Cerqueira Cesar;;;01418102;;;;11/01/2022 00:38:59;NULL
1774;27402567;Tudofer Com De Ferramentas Ltda - Epp;Tudofer Com De Ferramentas Ltda - Epp;10189395000176;(1) 14025-2091;;;;;João Do Prado, 300, Capuava, 09270160;João Do Prado;300;;Capuava;;;09270160;;;;10/01/2022 22:32:37;NULL
1775;27403754;Risotolandia - Duque De Caxias;Risotolandia Servicos De Alimentacao Ltd;04908058005158;(4) 13641-3189;;;;;Kennedy, 100, Parque Boa Vista Ii, 25085370;Kennedy;100;;Parque Boa Vista Ii;;;25085370;;;;11/01/2022 00:39:20;NULL
1776;27403764;Risotolandia - Renner;Risotolandia Serviços De Alim. Ltda;04908058008688;(4) 16341-3160;;;;;Rs-118, 6511, Neópolis, 94100420;Rs-118;6511;;Neópolis;;;94100420;;;;11/01/2022 00:39:22;NULL
1777;27403787;Suppera;Suppera Consultoria E Distribuição;10401713000110;;;;;;Gisele Constantino, 1850, Parque Bela Vista, 18110650;Gisele Constantino;1850;;Parque Bela Vista;;;18110650;;;;11/01/2022 00:39:25;NULL
1778;27403801;Unishopping - Aliance Sonae;Unishopping Consultoria Im. Ltda;03958025000190;(1) 13371-3672;;;;;Doutor Cardoso De Melo, 1184, Vila Olimpia, 04548004;Doutor Cardoso De Melo;1184;;Vila Olimpia;;;04548004;;;;11/01/2022 00:39:26;NULL
1779;27403878;Ana Luiza Zuccolotto;;34308888832;;;;;;Alves Guimarães, 408, Pinheiros, 05410000;Alves Guimarães;408;;Pinheiros;;;05410000;;;;11/01/2022 00:42:30;NULL
1780;27403522;American Star;American Star Com De Veiculos Ltda;15243624000107;(1) 15180-8400;;;;;Professor Francisco Morato, 1706, Butanta, 05512200;Professor Francisco Morato;1706;;Butanta;;;05512200;;;;11/01/2022 00:38:58;NULL
1781;27403490;Pedro Paulo Rodarte Almeida;Pedro Paulo Rodarte Almeida;00527170119;;;;;;Pau Brasil, Sul (Águas Claras), 71926000;Pau Brasil;;;Sul (Águas Claras);;;71926000;;;;11/01/2022 00:37:37;NULL
1782;27403483;Monte Carlo;Condominio Edificio Monte Carlo;05051033000184;;;;;;Vitória, 116, Vila Assunção, 09030050;Vitória;116;;Vila Assunção;;;09030050;;;;11/01/2022 00:37:36;NULL
1783;27403681;Murilo;Murilo Restaurante Ltda Me;02398958000108;(1) 12564-7351;;;;;Antonio Caputo, 258, Rio Grande, 09830285;Antonio Caputo;258;;Rio Grande;;;09830285;;;;11/01/2022 00:39:12;NULL
1784;27403638;Hs 2007 - Sky Asia;Hs 2007 Alimentos Eireli Me;09072159000196;;;;;;Domingos De Morais, 2564, Vila Mariana, 04036100;Domingos De Morais;2564;;Vila Mariana;;;04036100;;;;11/01/2022 00:39:08;NULL
1785;27403856;A A Afonso;;57513434000102;(1) 13757-2264;;;;;Santo André, 232, Vila Assunção, 09020230;Santo André;232;;Vila Assunção;;;09020230;;;;11/01/2022 00:42:29;NULL
1786;27403839;Carretas Bolívia Ltda;Carretas Bolívia Ltda;32784361000162;(1) 93862-0764;;;;;João Do Prado, 300, Capuava, 09270160;João Do Prado;300;;Capuava;;;09270160;;;;11/01/2022 00:39:30;NULL
1787;27403866;Actans Rascal Entrega Vila Lobos;;21507007000174;(1) 14280-2492;;;;;Murilo Furtado, 4777, Lapa, 05477000;Murilo Furtado;4777;;Lapa;;;05477000;;;;11/01/2022 00:42:30;NULL
1788;27403882;Apm Da Ee Jose De San Martin;;05553403000181;;;;;;Delta, 79, Jardim Nair, 08071060;Delta;79;;Jardim Nair;;;08071060;;;;11/01/2022 00:42:31;NULL
1789;27403898;Caucasus - Grupo Rascal;;32219736000141;;;;;;Augusta, 1849, Cerqueira Cesar, 01413000;Augusta;1849;;Cerqueira Cesar;;;01413000;;;;11/01/2022 00:42:32;NULL
1790;27403687;Nutr'S  - Bom Peixe Cd;Nutr'S Refeiçoes Coletivas;06243721000109;(1) 93441-2568;;;;;Sp-308, Dois Córregos, 13423170;Sp-308;;;Dois Córregos;;;13423170;;;;11/01/2022 00:39:13;NULL
1791;27403758;Risotolandia - Minas I;Risotolandia Serv. De Alim. Ltda;04908058007797;0000-0000;;;;;Antônio De Albuquerque, 1200, Lourdes, 30112015;Antônio De Albuquerque;1200;;Lourdes;;;30112015;;;;11/01/2022 00:39:21;NULL
1792;27403724;Pragelato - Oakberry;Pragelato Comercio De Acai Ltda;35901457000151;;;;;;Vieira De Morais, 913, Campo Belo, 04617012;Vieira De Morais;913;;Campo Belo;;;04617012;;;;11/01/2022 00:39:17;NULL
1793;27403508;Abm Grupo;Abm Grupo;00000000000000;;;;;;Gérson Andréis, 1500, Cidade Nova, 95112130;Gérson Andréis;1500;;Cidade Nova;;;95112130;;;;11/01/2022 00:38:57;NULL
1794;27403485;Okker Alimentos;Okker Ind E Com De Prod.A.I.Exp.Ltda Epp;08225360000101;(1) 12723-8211;;;;;Gedivaldo Calixto De Souza, 251, Vila Nova York, 03479030;Gedivaldo Calixto De Souza;251;;Vila Nova York;;;03479030;;;;11/01/2022 00:37:36;NULL
1795;27403535;Bolognani - Hortifrut Figueiras;Bolognani E M. Hort. Com. De P. Al.  Ltd;73014383000201;(1) 14421-3229;;;;;Campestre, 623, Campestre, 09070200;Campestre;623;;Campestre;;;09070200;;;;11/01/2022 00:38:59;NULL
1796;27403844;Embalagens Bandeirantes Ltda;Embalagens Bandeirantes Ltda;55647515000170;(1) 14061-1100;;;;;João Do Prado, 300, Capuava, 09270160;João Do Prado;300;;Capuava;;;09270160;;;;11/01/2022 00:39:30;NULL
1797;27403636;Hospital Central;Hospital E Mat.Central Ltda;44402675000132;;;;;;Manoel Coelho, 845, Santo Antonio, 09510112;Manoel Coelho;845;;Santo Antonio;;;09510112;;;;11/01/2022 00:39:08;NULL
1798;27403521;Ambev - Juatuba - Mg;Ambev S.A;07526557005098;;;;;;Rodovia Mg 0,50, Centro, 35675000;Rodovia Mg 0,50;;;Centro;;;35675000;;;;11/01/2022 00:38:58;NULL
1799;27403527;Apm Da Ee Jose De San Martin;Associacao De Pais E Mestres Da E E J S;05553403000181;;;;;;Delta, 79, Jardim Nair, 08071060;Delta;79;;Jardim Nair;;;08071060;;;;11/01/2022 00:38:58;NULL
1800;27403565;Cookless;Cookless Alimentação E Serv. Ltda Epp;25532849000137;(1) 14385-6488;;;;;São Paulo, 444, Cidade Intercap, 06757170;São Paulo;444;;Cidade Intercap;;;06757170;;;;11/01/2022 00:39:02;NULL
1801;27403506;Abatedouro De Aves Ideal - Pereiras;Abatedouro De Aves Ideal Ltda;74251919000194;(1) 43888-1370;;;;;Vereador Marcos Martins, 99, Zona Indl Pereiras, 18580000;Vereador Marcos Martins;99;;Zona Indl Pereiras;;;18580000;;;;11/01/2022 00:38:57;NULL
1802;27403695;Oakberry Caninde;Oak Tiete Superfood Ltda;30084135000143;(1) 19991-3164;;;;;Cruzeiro Do Sul, Canindé, 02030100;Cruzeiro Do Sul;;;Canindé;;;02030100;;;;11/01/2022 00:39:14;NULL
1803;27403799;Triple Bowls - Oakberry Pinheiros;Triple Bowls Com.Prodts Alimenticios Ltd;32110325000113;;;;;;Dos Pinheiros, 466, Pinheiros, 05422000;Dos Pinheiros;466;;Pinheiros;;;05422000;;;;11/01/2022 00:39:26;NULL
1804;27403466;Abra Suprimentos;Abra Suprimentos Ltda;13602538000118;(1) 12083-5358;;;;;Coronel Juvenal De Campos Castro, 311, Vila Santa Teresa (Zona Sul), 04187320;Coronel Juvenal De Campos Castro;311;;Vila Santa Teresa (Zona Sul);;;04187320;;;;11/01/2022 00:37:31;NULL
1805;27403606;Emporium São Paulo - Jurema;Hm Supermercados Lt;66533696000120;(1) 15054-8000;;;;;Jurema, 271, Indianópolis, 04079001;Jurema;271;;Indianópolis;;;04079001;;;;11/01/2022 00:39:06;NULL
1806;27403815;Vr Restaurante - Boali;Vr Restaurante Ltda Me;25104576000120;;;;;;Conselheiro Moreira De Barros, 2780, Lauzane Paulista, 02430001;Conselheiro Moreira De Barros;2780;;Lauzane Paulista;;;02430001;;;;11/01/2022 00:39:27;NULL
1807;27403665;Longevita;Longevita Residence Care Ltda Epp;20497832000172;(1) 14902-2526;;;;;Dos Emboabas, 16, Vila Pires, 09195420;Dos Emboabas;16;;Vila Pires;;;09195420;;;;11/01/2022 00:39:11;NULL
1808;27402568;Embalagens Bandeirantes Ltda;Embalagens Bandeirantes Ltda;55647515000170;(1) 14061-1100;;;;;João Do Prado, 300, Capuava, 09270160;João Do Prado;300;;Capuava;;;09270160;;;;10/01/2022 22:32:37;NULL
1809;27402563;Carretas Bolívia Ltda;Carretas Bolívia Ltda;32784361000162;(1) 93862-0764;;;;;João Do Prado, 300, Capuava, 09270160;João Do Prado;300;;Capuava;;;09270160;;;;10/01/2022 22:32:37;NULL
1810;27403507;Abm  - Wap Metal;Abm Refeiçoes E Serviços Ltda Me;21504688000117;(1) 12894-3933;;;;;Luis Vieira, 555, Jardim Ambuita, 06695570;Luis Vieira;555;;Jardim Ambuita;;;06695570;;;;11/01/2022 00:38:57;NULL
1811;27403706;Patrick Behar;Patrick Behar;34468141832;;;;;;Benjamim Egas, 66, Pinheiros, 05418030;Benjamim Egas;66;;Pinheiros;;;05418030;;;;11/01/2022 00:39:14;NULL
1812;27403927;Cristalia - Belem;;73147654000116;(1) 13744-7209;;;;;Condessa Elisabeth De Robiano, 750, Vila Moreira, 03074000;Condessa Elisabeth De Robiano;750;;Vila Moreira;;;03074000;;;;11/01/2022 00:42:34;NULL
1813;27403480;Izabel Veras;Izabel Veras;87468514372;;;;;;Alaíde Marques, 1172, Ininga, 64049790;Alaíde Marques;1172;;Ininga;;;64049790;;;;11/01/2022 00:37:35;NULL
1814;27403479;Formtap Ind.E Com S.A;Formtap Ind E Com S.A;53808697000198;;;;;;Capistrano De Abreu, 190, Taboão, 09940470;Capistrano De Abreu;190;;Taboão;;;09940470;;;;11/01/2022 00:37:34;NULL
1815;27403769;Risotolandia -Tcp  Paranagua;Risotolandia Serv. De Alimentação Ltda;04908058007282;(4) 13641-3140;;;;;Portuaria, Dom Pedro Ii, 83203800;Portuaria;;;Dom Pedro Ii;;;83203800;;;;11/01/2022 00:39:24;NULL
1816;27402535;Conca & Bartie Acaiteria;Conca & Bartie Acaiteria Ltda;32785835000190;;;;;;Ômega, 174, Melville Empresarial I E Ii, 06472005;Ômega;174;;Melville Empresarial I E Ii;;;06472005;;;;10/01/2022 22:32:34;NULL
1817;27402534;Bpr Medicina Diagnostica;Bpr Medicina Diagnostica;35826683000115;;;;;;Prefeito Alexandre Carlos De Mello-, 118, Jardim Aeroporto, 13720000;Prefeito Alexandre Carlos De Mello-;118;;Jardim Aeroporto;;;13720000;;;;10/01/2022 22:32:34;NULL
1818;27403897;Cathita Comerc;;57312167000105;(1) 14233-6827;;;;;Maranguá, 291, Olímpico, 09540620;Maranguá;291;;Olímpico;;;09540620;;;;11/01/2022 00:42:32;NULL
1819;27403858;A2A  - Skyasia Tucuruvi;;17097298000283;;;;;;Dr. Antonio Maria Laet, 566, Parada Inglesa, 02307120;Dr. Antonio Maria Laet;566;;Parada Inglesa;;;02307120;;;;11/01/2022 00:42:29;NULL
1820;27403614;Famcar Estetica - Mg;Famcar Estetica Aut.Eireli;29245516000188;(3) 79192-1606;;;;;Rodolfo Jacob, 127, Barreiro, 30640480;Rodolfo Jacob;127;;Barreiro;;;30640480;;;;11/01/2022 00:39:06;NULL
1821;27403790;Tamataya - Allparmegiana;Tamataya Foods Restaurantes Ltda Epp;11030628000156;(1) 13744-7209;;;;;Dos Autonomistas, 1400, Vila Yara, 06020010;Dos Autonomistas;1400;;Vila Yara;;;06020010;;;;11/01/2022 00:39:25;NULL
1822;27403575;Daff Distribuidora - Entrega Firestone;Daff Distribuidora Eireli Epp;21559523000142;(1) 14421-7980;;;;;Firestone, 1603, Silveira, 09195470;Firestone;1603;;Silveira;;;09195470;;;;11/01/2022 00:39:03;NULL
1823;27403502;A.R.W - Oggi Restaurante;A.R.W Empreendimentos Gast. Eireli Me;21267648000107;(1) 15054-6230;;;;;Oswaldo Casimiro Muller, 76, Cidade Monções, 04571030;Oswaldo Casimiro Muller;76;;Cidade Monções;;;04571030;;;;11/01/2022 00:38:57;NULL
1824;27403489;Paula Cristina Romano;Paula Cristina Romano;08382741886;;;;;;Bartolomeu De Gusmão, 41, Encruzilhada, 11045000;Bartolomeu De Gusmão;41;;Encruzilhada;;;11045000;;;;11/01/2022 00:37:37;NULL
1825;27403696;Oakberry Shoping Barueri;Moussa & Gomes Healthy Food Ltda;35027604000106;;;;;;General De Divisão De Pedro Rodrigues Da Silva, 400, < Sem  Bairro >, 06044018;General De Divisão De Pedro Rodrigues Da Silva;400;;< Sem  Bairro >;;;06044018;;;;11/01/2022 00:39:14;NULL
1826;27403561;Condominio Santana Parque Shopping;Condominio Santana Parque Shopping;30320151000198;(1) 12238-3002;;;;;Conselheiro Moreira De Barros, 2780, Lauzane Paulista, 02430001;Conselheiro Moreira De Barros;2780;;Lauzane Paulista;;;02430001;;;;11/01/2022 00:39:01;NULL
1827;27403886;Bb;;43381672000105;(1) 13647-4000;;;;;Mofarrej, 1504, Vila Leopoldina, 05311000;Mofarrej;1504;;Vila Leopoldina;;;05311000;;;;11/01/2022 00:42:31;NULL
1828;27403542;Cathita Comerc;Cathita Com.E Distr.De Alimentos Eireli;57312167000105;(1) 14233-6827;;;;;Maranguá, 291, Olímpico, 09540620;Maranguá;291;;Olímpico;;;09540620;;;;11/01/2022 00:39:00;NULL
1829;27403925;Cortes Villa Lobos - Csvl Rascal;;19693295000157;(1) 13024-4301;;;;;Murilo Furtado, 4777, Lapa, 02270000;Murilo Furtado;4777;;Lapa;;;02270000;;;;11/01/2022 00:42:34;NULL
1830;27403733;Rascal Iguatemi;Rascal Restaurantes Ltda;02509372000173;(1) 13816-3546;;;;;Brigadeiro Faria Lima, 2232, Jardim Paulistano, 01451000;Brigadeiro Faria Lima;2232;;Jardim Paulistano;;;01451000;;;;11/01/2022 00:39:18;NULL
1831;27403678;Mja Food - All Parmegiana;Mja Foods Ltda Epp;28520805000185;(1) 14577-0399;;;;;Domingos Agostim, 91, Cidade Mãe Do Céu, 03306010;Domingos Agostim;91;;Cidade Mãe Do Céu;;;03306010;;;;11/01/2022 00:39:12;NULL
1832;27403596;Don Marche - Hotel Quality;Don Marche Serviços De Alim. Ltda;00322135000505;(1) 13744-7209;;;;;Bela Cintra, 521, Consolacao, 01415000;Bela Cintra;521;;Consolacao;;;01415000;;;;11/01/2022 00:39:05;NULL
1833;27403641;Igor Paulino;Igor Fabiano Castanho;27273158801;(1) 14433-0980;;;;;Gertrudes De Lima, 238, Centro, 09020000;Gertrudes De Lima;238;;Centro;;;09020000;;;;11/01/2022 00:39:08;NULL
1834;27403516;Agrodanieli - Vila Langaro;Agrodanieli Ind. E Comercio Ltda;02990334001661;(5) 43344-4200;;;;;Rodovia Rs 463 Km 14,5, Linha Schleder, 99950000;Rodovia Rs 463 Km 14,5;;;Linha Schleder;;;99950000;;;;11/01/2022 00:38:58;NULL
1835;27403603;Emporium;Emporium & Hortifruti Higienopolis Ltda;18686588000144;(1) 14437-3690;;;;;Higienópolis, 177, Vila Gilda, 09190360;Higienópolis;177;;Vila Gilda;;;09190360;;;;11/01/2022 00:39:05;NULL
1836;27403587;Dia Brasil Ribeirao Preto;Dia Brasil Sociedade Limitada;03476811042237;(1) 13886-8610;;;;;Papa João Xxiii, 3059, Loteamento Industrial Coral, 09370800;Papa João Xxiii;3059;;Loteamento Industrial Coral;;;09370800;;;;11/01/2022 00:39:04;NULL
1837;27403523;Ana Luiza Zuccolotto;Ana Luiza Zuccolotto;34308888832;;;;;;Alves Guimarães, 408, Pinheiros, 05410000;Alves Guimarães;408;;Pinheiros;;;05410000;;;;11/01/2022 00:38:58;NULL
1838;27403800;Unimed;Unimed Comercial Hospitalar Eireli;59629519000186;;;;;;Tiradentes, 245, Vila Assunção, 09030560;Tiradentes;245;;Vila Assunção;;;09030560;;;;11/01/2022 00:39:26;NULL
1839;27403869;Agrodanieli - Tapejara;;02990334000509;(5) 43344-4280;;;;;Localidade De Sao Silvestre, Interior, 99950000;Localidade De Sao Silvestre;;;Interior;;;99950000;;;;11/01/2022 00:42:30;NULL
1840;27402533;Delcaflex Industria E Comercio Ltda;Delcaflex Industria E Comercio Ltda;05752518000103;(1) 14610-3737;;;;;Do Bronze, 130, Parque São Pedro, 08586180;Do Bronze;130;;Parque São Pedro;;;08586180;;;;10/01/2022 22:32:34;NULL
1841;27403725;Pronutri Glp Bh;Ecn Refeiçoes Coletivas Eireli;27193128000256;(1) 12521-8894;;;;;Antonio Ingracio Pereira, 101, Vespasiano, 33200000;Antonio Ingracio Pereira;101;;Vespasiano;;;33200000;;;;11/01/2022 00:39:18;NULL
1842;27403615;Fernanda Hentz;Fernanda Hentiz;04551224000142;;;;;;Rui Barbosa, 606, Vila Rezende, 13405217;Rui Barbosa;606;;Vila Rezende;;;13405217;;;;11/01/2022 00:39:06;NULL
1843;27403911;Condominio Civil Center Shop Sao Bernard;;71538367000101;(1) 13371-4133;;;;;Samuel Sabatini 200, 200, Centro, 09750902;Samuel Sabatini 200;200;;Centro;;;09750902;;;;11/01/2022 00:42:33;NULL
1844;27403510;Acj - Allparmegiana;Acj Alimentacao Ltda Me;09383278000160;;;;;;Leao Machado, 100, Jaguare, 05328020;Leao Machado;100;;Jaguare;;;05328020;;;;11/01/2022 00:38:57;NULL
1845;27403726;Quatro Investimentos - Oakberry;Quatro Inv. Com. De Acai Ltda;39844429000109;;;;;;Holanda, 37, Parque Das Nacoes, 09210050;Holanda;37;;Parque Das Nacoes;;;09210050;;;;11/01/2022 00:39:18;NULL
1846;27403654;Jose Carlos;Jose Carlos Hentz;72995483000112;;;;;;Do Rosário, 2630, Paulista, 13401138;Do Rosário;2630;;Paulista;;;13401138;;;;11/01/2022 00:39:09;NULL
1847;27403477;Fernando Kinukawa;Fernando Kinukawa;19476278803;;;;;;Santo Amaro, 201, Bela Vista, 01315000;Santo Amaro;201;;Bela Vista;;;01315000;;;;11/01/2022 00:37:34;NULL
1848;27402569;Celebra - Oakberry Praia Grande;Celebra Negocios Ltda;28867960000172;;;;;;Timbé, 41, Jardim Santa Maria, 03576070;Timbé;41;;Jardim Santa Maria;;;03576070;;;;10/01/2022 22:32:37;NULL
1849;27403774;Sabor Gourmet - Xig Pet Natural;Sabor Gourmet Bras.Ref.Ind.Ltda;10748761000180;(1) 93829-8000;;;;;Senador Feijó, 30, Centro, 13270110;Senador Feijó;30;;Centro;;;13270110;;;;11/01/2022 00:39:24;NULL
1850;27403762;Risotolandia - Praia Club;Risotolandia Serv. De Alim. Ltda;04908058009307;(4) 13641-3189;;;;;Primo Crosara, 291, Patrimônio, 38411076;Primo Crosara;291;;Patrimônio;;;38411076;;;;11/01/2022 00:39:21;NULL
1851;27403814;Volvo Barra Funda;Autostar Coml E Imp Ltda;68976091001534;(1) 13217-6666;;;;;Norma Pieurccini Giannotti, 725, Barra Funda, 01137010;Norma Pieurccini Giannotti;725;;Barra Funda;;;01137010;;;;11/01/2022 00:39:27;NULL
1852;27403666;Lourdes Massae - Gol Confins;Lourdes Massae Mada Me;17823971000134;;;;;;Aeroporto Internacional Tancredo Neves, Aeroporto, 33400000;Aeroporto Internacional Tancredo Neves;;;Aeroporto;;;33400000;;;;11/01/2022 00:39:11;NULL
1853;27403703;Pale;Pale Dist. E Comercio De Prod De Limpeza;33746473000191;(1) 14576-7181;;;;;Edu Chaves, 234, Vila Bastos, 09041020;Edu Chaves;234;;Vila Bastos;;;09041020;;;;11/01/2022 00:39:14;NULL
1854;27403803;Valente;Valente Corretora De Seguros Ltda;67978312000145;;;;;;Caminho Do Pilar, 1232, Vila Gilda, 09190000;Caminho Do Pilar;1232;;Vila Gilda;;;09190000;;;;11/01/2022 00:39:26;NULL
1855;27403540;Carvalho - Camilopolis;Comercial Antonio Carvalho Ltda;02559428000102;(1) 14996-9010;;;;;Alemanha, 1204, Vila Camilópolis, 09240001;Alemanha;1204;;Vila Camilópolis;;;09240001;;;;11/01/2022 00:39:00;NULL
1856;27403890;Bolognani - Hortifrut Figueiras;;73014383000201;(1) 14421-3229;;;;;Campestre, 623, Campestre, 09070200;Campestre;623;;Campestre;;;09070200;;;;11/01/2022 00:42:31;NULL
1857;27403763;Risotolandia - Rc Hosp. Unimed -;Risotolandia Serv. De Alim. Ltda;04908058005905;(4) 13641-3189;;;;;Carlos Osternack, 144, Estrela, 84040120;Carlos Osternack;144;;Estrela;;;84040120;;;;11/01/2022 00:39:21;NULL
1858;27403686;Nutri Massa;Nutri Massa Comercio De Alim. Ltda Epp;05195662000188;(1) 14109-1848;;;;;Dos Casa, 2551, Dos Casa, 09840000;Dos Casa;2551;;Dos Casa;;;09840000;;;;11/01/2022 00:39:13;NULL
1859;27403709;Pedro Paulo Rodarte Almeida;Pedro Paulo Rodarte Almeida;00527170119;;;;;;Pau Brasil, Sul (Águas Claras), 71926000;Pau Brasil;;;Sul (Águas Claras);;;71926000;;;;11/01/2022 00:39:15;NULL
1860;27403610;Escala Tur;Escala Tur Transportes Ltda;04773029000167;(1) 15512-7365;;;;;Joaquim Nunes Teixeira, 151, Vila Plana, 05731370;Joaquim Nunes Teixeira;151;;Vila Plana;;;05731370;;;;11/01/2022 00:39:06;NULL
1861;27403761;Risotolandia - Posigraf;Risotolandia Serv. De Alimentacao Ltda;04908058007959;(4) 13641-3140;;;;;Senador Accioly Filho, 511, Cidade Industrial, 81310000;Senador Accioly Filho;511;;Cidade Industrial;;;81310000;;;;11/01/2022 00:39:21;NULL
1862;27403538;Camila - Pronutri;Camila Morgado De Castro;34393905865;;;;;;Padre Manoel Da Nóbrega, 354, Bandeiras, 06160010;Padre Manoel Da Nóbrega;354;;Bandeiras;;;06160010;;;;11/01/2022 00:38:59;NULL
1863;27403768;Risotolandia Marp;Risotolandia Servicos De Alimentacao Ltd;04908058008254;;;;;;Bahia, 7680, Salto Weissbach, 89032002;Bahia;7680;;Salto Weissbach;;;89032002;;;;11/01/2022 00:39:23;NULL
1864;27403766;Risotolandia - Saae Barra Mansa;Risotolandia Ind.  E Com De Alim. Ltda;76900463002549;(4) 13641-3189;;;;;Homero Leite, 572, Saudade, 27345350;Homero Leite;572;;Saudade;;;27345350;;;;11/01/2022 00:39:23;NULL
1865;27403794;Termomecanica Fab 3;Termomecanica Sao Paulo S.A;59106666000252;(1) 14366-9777;;;;;Caminho Do Mar, 2652, Rudge Ramos, 09612000;Caminho Do Mar;2652;;Rudge Ramos;;;09612000;;;;11/01/2022 00:39:26;NULL
1866;27403819;Delcaflex Industria E Comercio Ltda;Delcaflex Industria E Comercio Ltda;05752518000103;(1) 14610-3737;;;;;Do Bronze, 130, Parque São Pedro, 08586180;Do Bronze;130;;Parque São Pedro;;;08586180;;;;11/01/2022 00:39:28;NULL
1867;27403879;Andre;;33186989892;;;;;;Itapicuru, 801, Perdizes, 05006000;Itapicuru;801;;Perdizes;;;05006000;;;;11/01/2022 00:42:31;NULL
1868;27403748;Ricardo Batista;Ricardo Batista Pereira;07059693000137;(1) 14577-0399;;;;;Embaixador Pedro De Toledo, 87, Centro, 09010050;Embaixador Pedro De Toledo;87;;Centro;;;09010050;;;;11/01/2022 00:39:19;NULL
1869;27403714;Pgr - Tectextil 2;Pgr Sao Paulo Refeiçoes Ltda;17176079000109;(1) 13195-4249;;;;;João Batista Campos Pinto, 125, Jardim Abaeté, 13420264;João Batista Campos Pinto;125;;Jardim Abaeté;;;13420264;;;;11/01/2022 00:39:16;NULL
1870;27403677;Michelle Silva Carvalho De Jesus;Michelle Silva Carvalho De Jesus;42267020858;(1) 14366-9777;;;;;Serra Do Japi, 47, Cooperativa, 09855260;Serra Do Japi;47;;Cooperativa;;;09855260;;;;11/01/2022 00:39:12;NULL
1871;27403753;Risotolandia - Brusque;Risotolandia Ind. E Com. De Al. Ltda;76900463001658;(4) 13641-3189;;;;;Ivo Silveira, 2480, Volta Grande, 88355202;Ivo Silveira;2480;;Volta Grande;;;88355202;;;;11/01/2022 00:39:20;NULL
1872;27403496;Volvo Barra Funda;Autostar Coml E Imp Ltda;68976091001534;(1) 13217-6666;;;;;Norma Pieurccini Giannotti, 725, Barra Funda, 01137010;Norma Pieurccini Giannotti;725;;Barra Funda;;;01137010;;;;11/01/2022 00:37:41;NULL
1873;27403798;Toque Final;Toque Final Decoraçoes E Com. Ltda;31899151000157;;;;;;Ângelo Franchini, 165, Parque Jaçatuba, 09290416;Ângelo Franchini;165;;Parque Jaçatuba;;;09290416;;;;11/01/2022 00:39:26;NULL
1874;27402574;F.G.R - Prime Alimentação - Interlagos;F.G.R Silva Buffet E Eventos Ltda;09621493000151;;;;;;Pedro Santalúcia, 250, Interlagos, 04815250;Pedro Santalúcia;250;;Interlagos;;;04815250;;;;10/01/2022 22:32:38;NULL
1875;27402536;Sabor Gourmet - Cd Novo Cnpj;Sabor Gourmet Br. Ref. Industriais Ltda;10748761000260;(1) 93829-8000;;;;;Doutor Jose Pagano Brundo, 65, Vila Pagano, 13277210;Doutor Jose Pagano Brundo;65;;Vila Pagano;;;13277210;;;;10/01/2022 22:32:34;NULL
1876;27403719;Piu Rest.Higienopolis-Renato;Piu Restaurante E Participacoes Ltda;21578185000439;;;;;;Higienópolis, 646, Higienopolis, 01238000;Higienópolis;646;;Higienopolis;;;01238000;;;;11/01/2022 00:39:17;NULL
1877;27403649;Izzi Motel;Lml Empreend. Hoteleiro Ltda;10676838000153;(1) 13616-0066;;;;;Ermano Marchetti, 1439, Água Branca, 05038001;Ermano Marchetti;1439;;Água Branca;;;05038001;;;;11/01/2022 00:39:09;NULL
1878;27403918;Condominio Shopping Campo Limpo;;08140551000162;(1) 13326-5174;;;;;Do Campo Limpo, 459, Vila Prel, 05777000;Do Campo Limpo;459;;Vila Prel;;;05777000;;;;11/01/2022 00:42:33;NULL
1879;27403537;Cabana Burguer - Escritorio Central;Cabana Burger S.A;25058899000124;(1) 12307-1918;;;;;Rio Negro, 161, Alphaville Centro Industrial E Empresarial/Alphavi, 06454000;Rio Negro;161;;Alphaville Centro Industrial E Empresarial/Alphavi;;;06454000;;;;11/01/2022 00:38:59;NULL
1880;27403900;Celebra - Oakberry Praia Grande;;28867960000172;;;;;;Timbé, 41, Jardim Santa Maria, 03576070;Timbé;41;;Jardim Santa Maria;;;03576070;;;;11/01/2022 00:42:32;NULL
1881;27403657;Kilos Ikaro Restaurante Ltda;Kilos Ikaro Restaurante Ltda;09128585000102;(1) 13167-4991;;;;;Leopoldo Couto De Magalhães Júnior, 785, Itaim Bibi, 04542011;Leopoldo Couto De Magalhães Júnior;785;;Itaim Bibi;;;04542011;;;;11/01/2022 00:39:10;NULL
1882;27403739;Rascal Vila Lobos;Ravla Restaurantes Ltda;02509375000107;(1) 13024-3710;;;;;Nacoes Unidas, 4777, Alto De Pinheiros, 05477000;Nacoes Unidas;4777;;Alto De Pinheiros;;;05477000;;;;11/01/2022 00:39:19;NULL
1883;27403504;A2A - Sky Asia Sbc;A2A Fast Food Ltda;17097298000100;;;;;;Rotary, 624, Centro, 09721000;Rotary;624;;Centro;;;09721000;;;;11/01/2022 00:38:57;NULL
1884;27403645;Integral - Osasco;Integral Alim. Com Serv. Ltda;05218394000172;(1) 13215-7018;;;;;Zuma De Sá Fernandes, 171, Presidente Altino, 06213040;Zuma De Sá Fernandes;171;;Presidente Altino;;;06213040;;;;11/01/2022 00:39:09;NULL
1885;27403718;Piu Rest. Iguatemi /Shop.Iguatemi-Daniel;Piu Restaurante E Participacoes Ltda;21578185000358;;;;;;Brigadeiro Faria Lima, 2232, 2232, Jardim Paulistano, 01489900;Brigadeiro Faria Lima, 2232;2232;;Jardim Paulistano;;;01489900;;;;11/01/2022 00:39:17;NULL
1886;27402566;A S Caje Restuarante Ltda;A S Caje Restaurante Ltda;39505923000130;;;;;;Ibiapava, 49, Vila Apiaí, 09185360;Ibiapava;49;;Vila Apiaí;;;09185360;;;;10/01/2022 22:32:37;NULL
1887;27403598;Driggo - Delivery Zucco;Driggo Restaurante Ltda;38099989000296;(1) 13083-7406;;;;;Oscar Rodrigues Cajado Filho, 154, Santo Amaro, 04710190;Oscar Rodrigues Cajado Filho;154;;Santo Amaro;;;04710190;;;;11/01/2022 00:39:05;NULL
1888;27403585;Dia Brasil - Nova Santa Rita - Rs;Dia Brasil Sociedade Limitada;03476811079408;;;;;;Papa João Xxiii, 3059, Loteamento Industrial Coral, 09370800;Papa João Xxiii;3059;;Loteamento Industrial Coral;;;09370800;;;;11/01/2022 00:39:03;NULL
1889;27403620;Flv - Quitanda - Pinheiros;Flv Comercio De Hortifruto Ltda;08772290000101;(1) 13060-3230;;;;;Artur De Azevedo, 1433, Pinheiros, 05404013;Artur De Azevedo;1433;;Pinheiros;;;05404013;;;;11/01/2022 00:39:07;NULL
1890;27403883;Asservo;;10643999000140;(1) 14210-0119;;;;;Antônio Cardoso Franco, 155, Casa Branca, 09015530;Antônio Cardoso Franco;155;;Casa Branca;;;09015530;;;;11/01/2022 00:42:31;NULL
1891;27403511;Actans Rascal Entrega Vila Lobos;Actans Participacoes Ltda;21507007000174;(1) 14280-2492;;;;;Murilo Furtado, 4777, Lapa, 05477000;Murilo Furtado;4777;;Lapa;;;05477000;;;;11/01/2022 00:38:57;NULL
1892;27403765;Risotolandia - Ribeirao Das Neves;Risotolandia Serv. Alm. Ltda;76900463002620;(4) 13641-3189;;;;;José Carlos Costa, 688, Liberdade, 33822722;José Carlos Costa;688;;Liberdade;;;33822722;;;;11/01/2022 00:39:22;NULL
1893;27403694;Oakberry Açaí Bowls;Tres Investimentos Com. De Acai Ltda;32947899000140;;;;;;Augusta, 1524, Consolacao, 01304000;Augusta;1524;;Consolacao;;;01304000;;;;11/01/2022 00:39:14;NULL
1894;27403515;Agrodanieli - Tapejara Sao Domingos;Agrodanieli Ind. E Comercio Ltda;02990334001076;(5) 43344-4200;;;;;Vi Sao Domingos, Interior, 99950000;Vi Sao Domingos;;;Interior;;;99950000;;;;11/01/2022 00:38:58;NULL
1895;27403871;Agrodanieli - Vila Langaro;;02990334001661;(5) 43344-4200;;;;;Rodovia Rs 463 Km 14,5, Linha Schleder, 99950000;Rodovia Rs 463 Km 14,5;;;Linha Schleder;;;99950000;;;;11/01/2022 00:42:30;NULL
1896;27403553;Cond Shopping Praca Nova Aracatuba;Cond Shopping Praca Nova Aracatuba;22990102000134;(1) 83607-6000;;;;;Carlos Pereira Da Silva, 6000, Guanabara, 16026035;Carlos Pereira Da Silva;6000;;Guanabara;;;16026035;;;;11/01/2022 00:39:00;NULL
1897;27403731;Rascal Guarulhos;Cepheus Restaurantes Ltda;19224467000143;(1) 12445-7422;;;;;Hélio Smidt, Aeroporto Guarulhos, 07190100;Hélio Smidt;;;Aeroporto Guarulhos;;;07190100;;;;11/01/2022 00:39:18;NULL
1898;27403469;Autostar Grupo;Autostar Grupo;68976091000139;(1) 12344-4444;;;;;Morumbi, 6989, Morumbi, 05650002;Morumbi;6989;;Morumbi;;;05650002;;;;11/01/2022 00:37:31;NULL
1899;27403708;Paula Silva Banus Miaguti;Paula Silva Banus Miaguti;06688916886;;;;;;General Osório, 106, Vila Gilda, 09190440;General Osório;106;;Vila Gilda;;;09190440;;;;11/01/2022 00:39:15;NULL
1900;27403833;Unaprosil;Unaprosil;08764471000188;(1) 14898-8090;;;;;João Do Prado, 300, Capuava, 09270160;João Do Prado;300;;Capuava;;;09270160;;;;11/01/2022 00:39:29;NULL
1901;27403559;Condominio Horizontes;Condominio Horizontes Cidade Universitar;14287810000185;(1) 12925-7116;;;;;Escola Politécnica, 942, Jaguare, 05350000;Escola Politécnica;942;;Jaguare;;;05350000;;;;11/01/2022 00:39:01;NULL
1902;27403877;American Star;;15243624000107;(1) 15180-8400;;;;;Professor Francisco Morato, 1706, Butanta, 05512200;Professor Francisco Morato;1706;;Butanta;;;05512200;;;;11/01/2022 00:42:30;NULL
1903;27403566;Coop Regional - Majestade;Coop Regi. Sananduva De Carnes E Der. Lt;95323275000172;(5) 43343-8200;;;;;Rio Branco, 358, Centro, 99840000;Rio Branco;358;;Centro;;;99840000;;;;11/01/2022 00:39:02;NULL
1904;27403493;Termomecanica Fab 1;Termomecanica Sao Paulo S/A - Fábrica 1;59106666000171;(1) 14366-9777;;;;;Caminho Do Mar, 2652, Rudge Ramos, 09612000;Caminho Do Mar;2652;;Rudge Ramos;;;09612000;;;;11/01/2022 00:37:40;NULL
1905;27402564;Cia Biochemicals Do Brasil;Biochemicals;21539359000101;(1) 15696-9797;;;;;João Do Prado, 300, Capuava, 09270160;João Do Prado;300;;Capuava;;;09270160;;;;10/01/2022 22:32:37;NULL
1906;27403809;Varanda Vila Olimpia;Varanda Vila Olimpia Mercearia Ltda;12240244000120;;;;;;Olimpíadas, 360, Vila Olimpia, 04551000;Olimpíadas;360;;Vila Olimpia;;;04551000;;;;11/01/2022 00:39:27;NULL
1907;27403491;Recanto Dos Avos;Acaosocial De Fe Batista;43516087000167;(1) 12467-0221;;;;;Do Saboo, 753, Jardim São João, 07152000;Do Saboo;753;;Jardim São João;;;07152000;;;;11/01/2022 00:37:39;NULL
1908;27403518;Aliansce Sonae - Shopping Leblon;Condominio Do Shopping Leblon;08471923000133;(1) 13371-3672;;;;;Afrânio De Melo Franco, 290, Leblon, 22430060;Afrânio De Melo Franco;290;;Leblon;;;22430060;;;;11/01/2022 00:38:58;NULL
1909;27403784;Sociedade Portuguesa De Benef.De S.Andre;Sociedade Portuguesa De Benef.De S.Andre;57507402000102;(1) 12198-5000;;;;;Portugal, 530, Jardim Bela Vista, 09040000;Portugal;530;;Jardim Bela Vista;;;09040000;;;;11/01/2022 00:39:25;NULL
1910;27403820;Bpr Medicina Diagnostica;Bpr Medicina Diagnostica;35826683000115;;;;;;Prefeito Alexandre Carlos De Mello-, 118, Jardim Aeroporto, 13720000;Prefeito Alexandre Carlos De Mello-;118;;Jardim Aeroporto;;;13720000;;;;11/01/2022 00:39:28;NULL
1911;27403931;Daff Grupo;;21868692000164;(1) 14577-0399;;;;;Firestone, 1603, Silveira, 09195470;Firestone;1603;;Silveira;;;09195470;;;;11/01/2022 00:42:35;NULL
1912;27403910;Cond. Verona;;10466618000103;;;;;;Doutor Emílio Ribas, 70, Perdizes, 05006020;Doutor Emílio Ribas;70;;Perdizes;;;05006020;;;;11/01/2022 00:42:33;NULL
1913;27403738;Rascal Rio Sul - Rsrs - Outro Local De E;Lalston Restaurantes Ltda;08971736000119;(2) 13873-0339;;;;;Ayrton Senna 2150, 2150, Barra Da Tijuca, 22775900;Ayrton Senna 2150;2150;;Barra Da Tijuca;;;22775900;;;;11/01/2022 00:39:19;NULL
1914;27403863;Abm Grupo;;00000000000000;;;;;;Gérson Andréis, 1500, Cidade Nova, 95112130;Gérson Andréis;1500;;Cidade Nova;;;95112130;;;;11/01/2022 00:42:29;NULL
1915;27402539;Espacial Suprimentos De Escritório E Inf;Espacial;53700159000185;(1) 12602-6247;;;;;João Do Prado, 300, Capuava, 09270160;João Do Prado;300;;Capuava;;;09270160;;;;10/01/2022 22:32:34;NULL
1916;27402548;Winterplast Com De Emb Plast Summerplast;Winterplast Com De Emb Plast Summerplast;42503561000153;(1) 13387-6800;;;;;João Do Prado, 300, Capuava, 09270160;João Do Prado;300;;Capuava;;;09270160;;;;10/01/2022 22:32:35;NULL
1917;27403797;Thiago Pasetti De Sousa Britto;Thiago Pasetti De Sousa Britto;23165524807;;;;;;Atlântica, 549, Jardim America, 01440000;Atlântica;549;;Jardim America;;;01440000;;;;11/01/2022 00:39:26;NULL
1918;27403680;Mundo Rural;Gerson Segatin Gonsales Eireli Epp;21110511000136;(1) 14316-1592;;;;;Dom Pedro I, 1715, Silveira, 09110001;Dom Pedro I;1715;;Silveira;;;09110001;;;;11/01/2022 00:39:12;NULL
1919;27403633;Hide Dos Anjos Sateles;Hide Dos Anjos Sateles;21590674820;;;;;;Indianópolis, 2737, Indianópolis, 04063005;Indianópolis;2737;;Indianópolis;;;04063005;;;;11/01/2022 00:39:08;NULL
1920;27403834;Inácio Ferragens;Inácio Ferragens;04970255000138;(1) 15512-8604;;;;;João Do Prado, 300, Capuava, 09270160;João Do Prado;300;;Capuava;;;09270160;;;;11/01/2022 00:39:29;NULL
1921;27403573;Cumini - Oakberry;Cunini E Suzuki Com. De Alimentos Ltda;32083410000130;;;;;;Afonso Braz, 369, Vila Nova Conceição, 04511011;Afonso Braz;369;;Vila Nova Conceição;;;04511011;;;;11/01/2022 00:39:02;NULL
1922;27403817;Wall Comercial Atacadista Eireli;Wall Comercial Atacadista Eireli;13403780000162;;;;;;São Gabriel, 625, Itaim Bibi, 01435001;São Gabriel;625;;Itaim Bibi;;;01435001;;;;11/01/2022 00:39:27;NULL
1923;27403564;Condominio Shopping Center Plaza Sul;Condominio Shopping Center Plaza Sul;00787330000179;;;;;;Leonor Kaupa, 100, Bosque Da Saúde, 04151100;Leonor Kaupa;100;;Bosque Da Saúde;;;04151100;;;;11/01/2022 00:39:01;NULL
1924;27403757;Risotolandia - Hospital Sjp;Municipio De Sao Jose Dos Pinhais;76105543000135;(4) 13641-3189;;;;;Passos De Oliveira, 1101, Centro, 83030720;Passos De Oliveira;1101;;Centro;;;83030720;;;;11/01/2022 00:39:21;NULL
1925;27402552;Diviseg Indústria De Equipamentos De Seg;Diviseg;01820068000180;(1) 14972-8030;;;;;João Do Prado, 300, Capuava, 09270160;João Do Prado;300;;Capuava;;;09270160;;;;10/01/2022 22:32:36;NULL
1926;27403593;Dip Frangos;Dip Frangos S/A;21819182000288;(4) 53321-3058;;;;;Rod. Br 163 - Km 86, Jardim Industrial, 85760000;Rod. Br 163 - Km 86;;;Jardim Industrial;;;85760000;;;;11/01/2022 00:39:04;NULL
1927;27403779;Shopping Praca Nova Santa Maria;Shopping Praca Nova Santa Maria;29014281000113;(5) 53304-2636;;;;;Irmã Dulce, 550, Renascença, 97030630;Irmã Dulce;550;;Renascença;;;97030630;;;;11/01/2022 00:39:24;NULL
1928;27403622;Frutiquello;Sorvetes Frutiquello Ltda;01327274000152;(1) 14819-6858;;;;;Orazio Stanco, 292, Parque Dos Eucaliptos, 07832040;Orazio Stanco;292;;Parque Dos Eucaliptos;;;07832040;;;;11/01/2022 00:39:07;NULL
1929;27403604;Emporium Sao Paulo - Cotovia;Hm Supermercados Lt;66533696000200;(1) 15538-4600;;;;;Cotovia, 159, V Uberabin, 04517001;Cotovia;159;;V Uberabin;;;04517001;;;;11/01/2022 00:39:06;NULL
1930;27403828;Escola Piping;Escola Piping;58143793000188;(1) 14577-0399;;;;;João Do Prado, 300, Capuava, 09270160;João Do Prado;300;;Capuava;;;09270160;;;;11/01/2022 00:39:29;NULL
1931;27403847;Allumiaco Distribuicao De Aluminio E Aco;Allumiaco Distribuicao De Aluminio E Aco;37131732000120;(1) 14515-3930;;;;;João Do Prado, Capuava, 09270160;João Do Prado;;;Capuava;;;09270160;;;;11/01/2022 00:39:31;NULL
1932;27403513;Agrodanieli - Ibiaca  - Rs;Agrodanieli Ind. E  Comercio Ltda;02990334001319;(5) 49684-5068;;;;;Vl Rossi Rs 467, Interior, 99940000;Vl Rossi Rs 467;;;Interior;;;99940000;;;;11/01/2022 00:38:57;NULL
1933;27403685;Nutri Hospitalar - Ipiranga;Nutri Hospitalar Alim E Serv;10218086000187;(1) 42106-9600;;;;;Nazaré, 28, Ipiranga, 04262100;Nazaré;28;;Ipiranga;;;04262100;;;;11/01/2022 00:39:12;NULL
1934;27402542;Helix Rascal - Jcsp Jota Hamburguer;Helix Restaurantes Ltda;37679287000138;;;;;;Paulista, 1230, Bela Vista, 01310901;Paulista, 1230;;;Bela Vista;;;01310901;;;;10/01/2022 22:32:34;NULL
1935;27403746;Restaurante Tuju - Vila Madalena;Bital Restaurante Ltda;18136195000167;(1) 12691-5342;;;;;Fradique Coutinho, 1248, Pinheiros, 05416001;Fradique Coutinho;1248;;Pinheiros;;;05416001;;;;11/01/2022 00:39:19;NULL
1936;27403600;Drogaria Campea;Drogaria Campea Popular C. Costa Ltda;21812204001098;(1) 11111-1111;;;;;Santa Mônica, 1306, Parque Industrial San José, 06715865;Santa Mônica;1306;;Parque Industrial San José;;;06715865;;;;11/01/2022 00:39:05;NULL
1937;27403788;Sushi Nabanna;Sushi Nabanna Eireli;30022342000173;;;;;;Deputado Dario De Barros, 401, Cidade Jardim, 05670090;Deputado Dario De Barros;401;;Cidade Jardim;;;05670090;;;;11/01/2022 00:39:25;NULL
1938;27403888;Betel Solucoes;;20230075000176;(1) 14229-7407;;;;;Terracota, 185, Ceramica, 09531190;Terracota;185;;Ceramica;;;09531190;;;;11/01/2022 00:42:31;NULL
1939;27403902;Cond Boulevard Londrina Shopping;;28240693000109;(1) 13371-4110;;;;;Theodoro Victorelli, 150, Helena, 86027750;Theodoro Victorelli;150;;Helena;;;86027750;;;;11/01/2022 00:42:32;NULL
1940;27403868;Agrodanieli - Ibiaca  - Rs;;02990334001319;(5) 49684-5068;;;;;Vl Rossi Rs 467, Interior, 99940000;Vl Rossi Rs 467;;;Interior;;;99940000;;;;11/01/2022 00:42:30;NULL
1941;27403776;Salpicante Com.De Alimentos;Salpicante Com.De Alimentos Ltda;03935578000128;;;;;;Bandeira Paulista, 807, Itaim Bibi, 04532012;Bandeira Paulista;807;;Itaim Bibi;;;04532012;;;;11/01/2022 00:39:24;NULL
1942;27403865;Acj - Allparmegiana;;09383278000160;;;;;;Leao Machado, 100, Jaguare, 05328020;Leao Machado;100;;Jaguare;;;05328020;;;;11/01/2022 00:42:30;NULL
1943;27403870;Agrodanieli - Tapejara Sao Domingos;;02990334001076;(5) 43344-4200;;;;;Vi Sao Domingos, Interior, 99950000;Vi Sao Domingos;;;Interior;;;99950000;;;;11/01/2022 00:42:30;NULL
1944;27402559;Cassiano Rodrigo Dalgesso Empilhadeiras;Crd Empilhadeiras;32673713000102;(1) 14476-2868;;;;;João Do Prado, 300, Capuava, 09270160;João Do Prado;300;;Capuava;;;09270160;;;;10/01/2022 22:32:37;NULL
1945;27403837;Grande Atacado De Produtos Em Geral Ltda;Grande Atacado De Produtos Em Geral Ltda;41036899000180;(1) 13569-5618;;;;;João Do Prado, 300, Capuava, 09270160;João Do Prado;300;;Capuava;;;09270160;;;;11/01/2022 00:39:30;NULL
1946;27403618;Flavio Soares - Termomecanica;Flavio Soares Moreno Dos Santos;22609984880;(1) 14366-9777;;;;;João Paulo, 2, Dos Casa, 09845310;João Paulo;2;;Dos Casa;;;09845310;;;;11/01/2022 00:39:07;NULL
1947;27403655;Jose Do Nascimento;Jose Do Nascimento;93477503872;;;;;;Das Margaridas, 155, Parque Assunção, 06753360;Das Margaridas;155;;Parque Assunção;;;06753360;;;;11/01/2022 00:39:10;NULL
1948;27403656;Kess Buffet;Kess Buffet Ltda Me;61745592000165;(1) 12422-7855;;;;;Salgado De Castro, 78, Vila Sorocabana, 07025245;Salgado De Castro;78;;Vila Sorocabana;;;07025245;;;;11/01/2022 00:39:10;NULL
1949;27403727;Raft Embalagens - Renan;Raft Embalagens Ltda;02496442000287;;;;;;João Batista Nogueira, 686, Vila Nova Cumbica, 07230451;João Batista Nogueira;686;;Vila Nova Cumbica;;;07230451;;;;11/01/2022 00:39:18;NULL
1950;27402562;Cardosos Com E Inst De Acess Automotivo;Cardosos Som;17930428000136;(1) 14319-8060;;;;;João Do Prado, 300, Capuava, 09270160;João Do Prado;300;;Capuava;;;09270160;;;;10/01/2022 22:32:37;NULL
1951;27403557;Condominio Edificio Panorama;Condominio Edificio Panorama;54751334000126;(1) 13823-3500;;;;;Aibi, 89, Vila Ipojuca, 05054010;Aibi;89;;Vila Ipojuca;;;05054010;;;;11/01/2022 00:39:01;NULL
1952;27402565;Santil Comercial Eletrico Ltda;Santil Comercial Eletrico Ltda;49474398000863;(1) 13998-3000;;;;;João Do Prado, 300, Capuava, 09270160;João Do Prado;300;;Capuava;;;09270160;;;;10/01/2022 22:32:37;NULL
1953;27403741;Redrau Filtros Ltda - Santo Andre;Redrau Filtros Ltda Epp;00634041000130;(1) 14433-4788;;;;;Artur De Queirós, 986, Casa Branca, 09015510;Artur De Queirós;986;;Casa Branca;;;09015510;;;;11/01/2022 00:39:19;NULL
1954;27403747;Riana Henrique Teixeira;Riana Henrique Teixeira;33688864875;;;;;;Higienópolis, 646, Higienopolis, 01238000;Higienópolis;646;;Higienopolis;;;01238000;;;;11/01/2022 00:39:19;NULL
1955;27403906;Cond Passeio Das Aguas Shopping;;23282496000139;(1) 13371-4133;;;;;Perimetral Norte, Fazenda Caveiras, 74445360;Perimetral Norte;;;Fazenda Caveiras;;;74445360;;;;11/01/2022 00:42:32;NULL
1956;27403919;Condominio Shopping Center Plaza Sul;;00787330000179;;;;;;Leonor Kaupa, 100, Bosque Da Saúde, 04151100;Leonor Kaupa;100;;Bosque Da Saúde;;;04151100;;;;11/01/2022 00:42:33;NULL
1957;27402528;Cabana Burguer - Escritorio Central;Cabana Burger S.A;25058899000124;(1) 12307-1918;;;;;Rio Negro, 161, Alphaville Centro Industrial E Empresarial/Alphavi, 06454000;Rio Negro;161;;Alphaville Centro Industrial E Empresarial/Alphavi;;;06454000;;;;10/01/2022 22:32:33;NULL
1958;27402543;Oak Acai Continental Ltda;Oak Acai Continental Ltda;30091347000158;;;;;;Leão Machado, 100, 100, Parque Continental, 05328999;Leão Machado, 100;100;;Parque Continental;;;05328999;;;;10/01/2022 22:32:35;NULL
1959;27402550;Escola Piping De Qualificação Profission;Escola Piping;58143793000188;(1) 14577-0399;;;;;João Do Prado, 300, Capuava, 09270160;João Do Prado;300;;Capuava;;;09270160;;;;10/01/2022 22:32:36;NULL
1960;27403684;Novilho - Npi Leo;Churrascaria Npi Ltda;96389929000123;(1) 15061-5260;;;;;Arcipreste Ezequias, 826, Vila São José (Ipiranga), 04271060;Arcipreste Ezequias;826;;Vila São José (Ipiranga);;;04271060;;;;11/01/2022 00:39:12;NULL
1961;27403804;Varanda - Cd - Vila Morse;Varanda Frutas E Mercearia Ltda;62498365000579;;;;;;Manuel Jacinto, 1284, Vila Morse, 05624001;Manuel Jacinto;1284;;Vila Morse;;;05624001;;;;11/01/2022 00:39:26;NULL
1962;27403543;Caucasus - Grupo Rascal;Caucasus Restaurantes Ltda;32219736000141;;;;;;Augusta, 1849, Cerqueira Cesar, 01413000;Augusta;1849;;Cerqueira Cesar;;;01413000;;;;11/01/2022 00:39:00;NULL
1963;27403635;Hortifruti Nacoes Ltda;Hortifruti Nacoes Ltda;33952844000191;(1) 14701-6514;;;;;Das Nações, 2171, Parque Capuava, 09270260;Das Nações;2171;;Parque Capuava;;;09270260;;;;11/01/2022 00:39:08;NULL
1964;27403658;Klm Canindé;Klm Canindé;31347625000158;;;;;;Sargento Jeter Augusto Pereira, 40, Parque Novo Mundo, 02188070;Sargento Jeter Augusto Pereira;40;;Parque Novo Mundo;;;02188070;;;;11/01/2022 00:39:10;NULL
1965;27403556;Condominio Civil Center Shop Sao Bernard;Condominio Civil Center Shop Sao Bernard;71538367000101;(1) 13371-4133;;;;;Samuel Sabatini 200, 200, Centro, 09750902;Samuel Sabatini 200;200;;Centro;;;09750902;;;;11/01/2022 00:39:01;NULL
1966;27403473;Daniele;Daniele S O Primo;81686862334;;;;;;Dalmácia, 421, Parque Novo Oratório, 09260050;Dalmácia;421;;Parque Novo Oratório;;;09260050;;;;11/01/2022 00:37:33;NULL
1967;27403824;Melhor Opcao Com De Brindes Ltda Npdz;Melhor Opcao Com De Brindes Ltda Npdz;14780150000170;(1) 14361-8890;;;;;João Do Prado, 300, Capuava, 09270160;João Do Prado;300;;Capuava;;;09270160;;;;11/01/2022 00:39:28;NULL
1968;27403519;Aliansce Sonae - Shopping Sao Gonçalo;Cond. Do Sao Goncalo Shopping Rio;06068650000155;;;;;;Br-101, 100, Boa Vista, 24466310;Br-101;100;;Boa Vista;;;24466310;;;;11/01/2022 00:38:58;NULL
1969;27403558;Condominio Esplanada;Condominio Edificio Esplanada;07346408000169;(1) 14990-1394;;;;;Padre Manoel De Paiva, 355, Jardim, 09070230;Padre Manoel De Paiva;355;;Jardim;;;09070230;;;;11/01/2022 00:39:01;NULL
1970;27403597;Double Hotelaria;Double Hotelaria Ltda;08744855000139;(1) 12339-2771;;;;;Mediterrâneo, 370, Vila São João, 09750420;Mediterrâneo;370;;Vila São João;;;09750420;;;;11/01/2022 00:39:05;NULL
1971;27403874;Aliansce Sonae - Shopping Sao Gonçalo;;06068650000155;;;;;;Br-101, 100, Boa Vista, 24466310;Br-101;100;;Boa Vista;;;24466310;;;;11/01/2022 00:42:30;NULL
1972;27403891;Boulevard Shopping Brasilia;;08711824000262;(2) 12176-7272;;;;;Stn, Asa Norte, 70770100;Stn;;;Asa Norte;;;70770100;;;;11/01/2022 00:42:31;NULL
1973;27403607;Emporium Sao Paulo - Maracatins;Hm Supermercados Lt;66533696000553;(1) 13053-3310;;;;;Dos Maracatins, 217, Indianópolis, 04089010;Dos Maracatins;217;;Indianópolis;;;04089010;;;;11/01/2022 00:39:06;NULL
1974;27403836;Tecnovapor Comércio E Serviços Ltda;Tecnovapor Comércio E Serviços Ltda;00246428000119;(4) 13245-0833;;;;;João Do Prado, 300, Capuava, 09270160;João Do Prado;300;;Capuava;;;09270160;;;;11/01/2022 00:39:30;NULL
1975;27403495;V10 Servicos Empresariais Eireli;V10 Servicos Empresarias Eireli;16677404000154;;;;;;Papagaio, 448, Jardim Império, 86709460;Papagaio;448;;Jardim Império;;;86709460;;;;11/01/2022 00:37:41;NULL
1976;27403541;Castor Alimentos;Castor Alimentos Ltda;69314870000131;(1) 13646-0030;;;;;Eugênia Da Conceição Dias, 154, Remédios, 06298050;Eugênia Da Conceição Dias;154;;Remédios;;;06298050;;;;11/01/2022 00:39:00;NULL
1977;27403924;Cortes Guarulhos - Cgru;;23784454000104;(1) 12445-2675;;;;;Hélio Smidt, Aeroporto, 07190100;Hélio Smidt;;;Aeroporto;;;07190100;;;;11/01/2022 00:42:34;NULL
1978;27403669;Manduu;Manduu Alimentação Eireli;32103233000106;;;;;;Das Bandeiras, 266, Jardim, 09090780;Das Bandeiras;266;;Jardim;;;09090780;;;;11/01/2022 00:39:11;NULL
1979;27403690;Oakberry - Jd. Iris;Edson Gomes Lopes Com. De Acai;32813406000180;;;;;;Raimundo Pereira De Magalhães, 1465, 1465, Jardim Íris, 05145907;Raimundo Pereira De Magalhães, 1465;1465;;Jardim Íris;;;05145907;;;;11/01/2022 00:39:13;NULL
1980;27403478;Flavio Soares - Termomecanica;Flavio Soares Moreno Dos Santos;22609984880;(1) 14366-9777;;;;;João Paulo, 2, Dos Casa, 09845310;João Paulo;2;;Dos Casa;;;09845310;;;;11/01/2022 00:37:34;NULL
1981;27403915;Condominio Santa Monica;;66517244000154;;;;;;Benjamim Egas, 44, Pinheiros, 05418030;Benjamim Egas;44;;Pinheiros;;;05418030;;;;11/01/2022 00:42:33;NULL
1982;27403749;Risa Adm. De Res. - Rc Magius;Risotolandia Serv. De Alim. Ltda;04908058000199;(4) 13641-3189;;;;;Tijucas Do Sul, 388, Afonso Pena, 83045050;Tijucas Do Sul;388;;Afonso Pena;;;83045050;;;;11/01/2022 00:39:19;NULL
1983;27403711;Pgr  - Coplac Itu - Nao Usar;Pgr Sao Paulo Refeiçoes Ltda;17776957000127;(1) 14577-0399;;;;;Doutor Carlos, 111, Rancho Grande, 13306140;Doutor Carlos;111;;Rancho Grande;;;13306140;;;;11/01/2022 00:39:15;NULL
1984;27403676;Mf Mix Concreto - Sbc;Mf Mix Sao Bernardo Concreto Ltda;39675342000147;(1) 14153-9191;;;;;Particular Fukutaro Yida, 40, Cooperativa, 09852060;Particular Fukutaro Yida;40;;Cooperativa;;;09852060;;;;11/01/2022 00:39:12;NULL
1985;27402556;Célio Inácio Ferragens – Me;Inácio Ferragens;04970255000138;(1) 15512-8604;;;;;João Do Prado, 300, Capuava, 09270160;João Do Prado;300;;Capuava;;;09270160;;;;10/01/2022 22:32:36;NULL
1986;27403560;Condominio Santa Monica;Condominio Edificio Santa Monica;66517244000154;;;;;;Benjamim Egas, 44, Pinheiros, 05418030;Benjamim Egas;44;;Pinheiros;;;05418030;;;;11/01/2022 00:39:01;NULL
1987;27403816;Wagner;Wagner Kasuo Nagai;03232149839;;;;;;Bartolomeu De Gusmão, 97, Jardim Santa Francisca, 07024010;Bartolomeu De Gusmão;97;;Jardim Santa Francisca;;;07024010;;;;11/01/2022 00:39:27;NULL
1988;27403689;Oakberry - Ernestina;Lanchonete Jotha Ltda;32755206000118;;;;;;Antônio De Oliveira Gago, 108, Jardim Ernestina, 04677090;Antônio De Oliveira Gago;108;;Jardim Ernestina;;;04677090;;;;11/01/2022 00:39:13;NULL
1989;27403668;Maicon Alex Sander Ezidio;Maicon Alex Sander Ezidio;35538194000168;;;;;;Cristiano Lobe, 119, Cidade Tiradentes, 08475340;Cristiano Lobe;119;;Cidade Tiradentes;;;08475340;;;;11/01/2022 00:39:11;NULL
1990;27403717;Piu Rest- Pinheiros/Ferreira-Celio;Piu Restaurante E Participacoes Ltda;21578185000196;(1) 13576-7244;;;;;Ferreira De Araújo, 314, Pinheiros, 05428000;Ferreira De Araújo;314;;Pinheiros;;;05428000;;;;11/01/2022 00:39:17;NULL
1991;27403661;Lbgs - Caieiras;Lbgs Grupos De Serviços Ltda;66786047000130;(1) 14428-1490;;;;;Flávio Augusto De Moraes, 100, Região Central, 07700600;Flávio Augusto De Moraes;100;;Região Central;;;07700600;;;;11/01/2022 00:39:10;NULL
1992;27402540;Mmca Ind E Com De Metais Sinos;Fabrica Dos Sinos Piracicaba;15183465000100;;;;;;Benedito Bozon Penteado, 415, Vila Pacaembu, 13424485;Benedito Bozon Penteado;415;;Vila Pacaembu;;;13424485;;;;10/01/2022 22:32:34;NULL
1993;27403602;Efitrans;Efitrans Transportes Ltda;00650831000290;(1) 12954-4487;;;;;Lídice, 22, Parque Novo Mundo, 02174010;Lídice;22;;Parque Novo Mundo;;;02174010;;;;11/01/2022 00:39:05;NULL
1994;27403590;Dibon - Sacoma;Dibon Supermercados Ltda;14148916000106;;;;;;Padre Arlindo Vieira, 3255, Jardim Vergueiro (Sacomã), 04166003;Padre Arlindo Vieira;3255;;Jardim Vergueiro (Sacomã);;;04166003;;;;11/01/2022 00:39:04;NULL
1995;27403811;Vhp2 - Oakberry;Vhp2 Comercio De Acai Ltda;35152184000190;;;;;;Japão, 980, Jardim Santo Antonio, 09240171;Japão;980;;Jardim Santo Antonio;;;09240171;;;;11/01/2022 00:39:27;NULL
1996;27402544;Theuss - Delivery Morumbi;Theuss Restaurante Ltda;43184152000102;;;;;;Oscar Rodrigues Cajado Filho, 154, Santo Amaro, 04710190;Oscar Rodrigues Cajado Filho;154;;Santo Amaro;;;04710190;;;;10/01/2022 22:32:35;NULL
1997;27403611;Exkalla;Exkalla Con. Inc. E Participaçoes Ltda;12925515000181;(1) 19827-4442;;;;;Adolfo Bastos, 116, Vila Bastos, 09041000;Adolfo Bastos;116;;Vila Bastos;;;09041000;;;;11/01/2022 00:39:06;NULL
1998;27403857;A.R.W - Oggi Restaurante;;21267648000107;(1) 15054-6230;;;;;Oswaldo Casimiro Muller, 76, Cidade Monções, 04571030;Oswaldo Casimiro Muller;76;;Cidade Monções;;;04571030;;;;11/01/2022 00:42:29;NULL
1999;27403509;Abra Suprimentos;Abra Suprimentos Ltda;13602538000118;(1) 12083-5358;;;;;Coronel Juvenal De Campos Castro, 311, Vila Santa Teresa (Zona Sul), 04187320;Coronel Juvenal De Campos Castro;311;;Vila Santa Teresa (Zona Sul);;;04187320;;;;11/01/2022 00:38:57;NULL
2000;27403617;Flavia Malia Fogazzaria;Flavia Malia Fogazzaria Me;14260300000114;;;;;;Basiléia, 385, Parque Novo Oratório, 09260210;Basiléia;385;;Parque Novo Oratório;;;09260210;;;;11/01/2022 00:39:07;NULL
2001;27404360;Infinit;;;;;;;;Rafael Balzani, 32, Vila Moreira, 07020091;Rafael Balzani;32;;Vila Moreira;;;07020091;;;;11/01/2022 00:48:01;NULL
2002;27404085;Rascal Guarulhos;;19224467000143;(1) 12445-7422;;;;;Hélio Smidt, Aeroporto Guarulhos, 07190100;Hélio Smidt;;;Aeroporto Guarulhos;;;07190100;;;;11/01/2022 00:42:48;NULL
2003;27404352;Hortifruti Nacoes Ltda;;;(1) 14701-6514;;;;;Das Nações, 2171, Parque Capuava, 09270260;Das Nações;2171;;Parque Capuava;;;09270260;;;;11/01/2022 00:48:01;NULL
2004;27404395;Lbgs - Hosp. Dr Francisco Ribeiro Arante;;;(1) 14428-1490;;;;;Waldomiro Corrêa De Camargo Km 62, Vila Martins, 13308905;Waldomiro Corrêa De Camargo Km 62;;;Vila Martins;;;13308905;;;;11/01/2022 00:48:04;NULL
2005;27404204;Agrodanieli - Tapejara;;;(5) 43344-4280;;;;;Localidade De Sao Silvestre, Interior, 99950000;Localidade De Sao Silvestre;;;Interior;;;99950000;;;;11/01/2022 00:47:51;NULL
2006;27404393;Lbgs - Hosp Iabas;;;(1) 14428-1490;;;;;Antônio Carlos, 122, Bela Vista, 01309010;Antônio Carlos;122;;Bela Vista;;;01309010;;;;11/01/2022 00:48:04;NULL
2007;27404295;Dip Frangos;;;(4) 53321-3058;;;;;Rod. Br 163 - Km 86, Jardim Industrial, 85760000;Rod. Br 163 - Km 86;;;Jardim Industrial;;;85760000;;;;11/01/2022 00:47:57;NULL
2008;27404420;Lourdes Massae - Gol Confins;;;;;;;;Aeroporto Internacional Tancredo Neves, Aeroporto, 33400000;Aeroporto Internacional Tancredo Neves;;;Aeroporto;;;33400000;;;;11/01/2022 00:48:06;NULL
2009;27404166;Viva Parme - Allparmegiana;;30222719000138;(1) 15044-4829;;;;;Interlagos, 2255, Jd. Umuarama, 04661200;Interlagos;2255;;Jd. Umuarama;;;04661200;;;;11/01/2022 00:42:55;NULL
2010;27404412;Lbgs - Tatuape Hosp. Leonor Mendes;;;(1) 14428-1490;;;;;Celso Garcia, 2477, Tatuape, 03015000;Celso Garcia;2477;;Tatuape;;;03015000;;;;11/01/2022 00:48:06;NULL
2011;27404343;Grupo Emporium Sao Paulo;;;;;;;;;;;;;;;;;;;11/01/2022 00:48:00;NULL
2012;27404318;Emporium São Paulo - Jurema;;;(1) 15054-8000;;;;;Jurema, 271, Indianópolis, 04079001;Jurema;271;;Indianópolis;;;04079001;;;;11/01/2022 00:47:59;NULL
2013;27404201;Actans Rascal Escritorio;;;(1) 13576-7200;;;;;Doutora Ruth Cardoso, 4777, Jardim Universidade Pinheiros, 05477000;Doutora Ruth Cardoso;4777;;Jardim Universidade Pinheiros;;;05477000;;;;11/01/2022 00:47:51;NULL
2014;27404075;Pomar Cafeteria Ltda;;40039567000196;;;;;;Lorena, 1784, Jardim Paulista, 01424001;Lorena;1784;;Jardim Paulista;;;01424001;;;;11/01/2022 00:42:47;NULL
2015;27404152;Triple Bowls - Oakberry Pinheiros;;32110325000113;;;;;;Dos Pinheiros, 466, Pinheiros, 05422000;Dos Pinheiros;466;;Pinheiros;;;05422000;;;;11/01/2022 00:42:54;NULL
2016;27404038;Não Usar Risotolandia - Bemis;;04908058005077;;;;;;João Ramalho, 964, Vila Noemia, 07250130;João Ramalho;964;;Vila Noemia;;;07250130;;;;11/01/2022 00:42:43;NULL
2017;27404117;Risotolandia - Rc Hosp. Unimed -;;04908058005905;(4) 13641-3189;;;;;Carlos Osternack, 144, Estrela, 84040120;Carlos Osternack;144;;Estrela;;;84040120;;;;11/01/2022 00:42:51;NULL
2018;27404424;Manduu;;;;;;;;Das Bandeiras, 266, Jardim, 09090780;Das Bandeiras;266;;Jardim;;;09090780;;;;11/01/2022 00:48:06;NULL
2019;27403958;Emporium;;18686588000144;(1) 14437-3690;;;;;Higienópolis, 177, Vila Gilda, 09190360;Higienópolis;177;;Vila Gilda;;;09190360;;;;11/01/2022 00:42:37;NULL
2020;27404065;Pescados Hermes - Santo Andre;;13193658000109;(1) 12988-5031;;;;;Das Figueiras, 2231, Campestre, 09080300;Das Figueiras;2231;;Campestre;;;09080300;;;;11/01/2022 00:42:45;NULL
2021;27404264;Coop Regional - Majestade;;;(5) 43343-8200;;;;;Rio Branco, 358, Centro, 99840000;Rio Branco;358;;Centro;;;99840000;;;;11/01/2022 00:47:55;NULL
2022;27404010;Jose Do Nascimento;;93477503872;;;;;;Das Margaridas, 155, Parque Assunção, 06753360;Das Margaridas;155;;Parque Assunção;;;06753360;;;;11/01/2022 00:42:40;NULL
2023;27404311;Ecn - Passaro Marron;;;(1) 13195-4249;;;;;Fernão Dias, 753, Vila Itapegica, 07053171;Fernão Dias;753;;Vila Itapegica;;;07053171;;;;11/01/2022 00:47:58;NULL
2024;27404055;Padaria Iracema;;67086934000169;;;;;;Angélica, 101, Santa Cecilia, 01227000;Angélica;101;;Santa Cecilia;;;01227000;;;;11/01/2022 00:42:44;NULL
2025;27404339;Gp Transportes;;;(1) 12296-3815;;;;;Monteiro Lobato, 4550, Cidade Jardim Cumbica, 07180000;Monteiro Lobato;4550;;Cidade Jardim Cumbica;;;07180000;;;;11/01/2022 00:48:00;NULL
2026;27404224;Bap - Rodoanel;;;;;;;;Dos Estados, 10300, Capuava, 09380167;Dos Estados;10300;;Capuava;;;09380167;;;;11/01/2022 00:47:52;NULL
2027;27404289;Dia Maua;;;(1) 13886-8610;;;;;Papa João Xxiii, 3147, Loteamento Industrial Coral, 09370800;Papa João Xxiii;3147;;Loteamento Industrial Coral;;;09370800;;;;11/01/2022 00:47:57;NULL
2028;27404273;Da Natu Ind.De Sucos;;;(2) 19919-6179;;;;;Jataituba, 220, Jardim Das Acácias, 04704090;Jataituba;220;;Jardim Das Acácias;;;04704090;;;;11/01/2022 00:47:55;NULL
2029;27404280;Dal Pozzo;;;;;;;;Benjamim Egas, 66, Pinheiros, 05418030;Benjamim Egas;66;;Pinheiros;;;05418030;;;;11/01/2022 00:47:56;NULL
2030;27404370;Its Cool - Rc Bom Jesus N.Sra Lourdes;;;(4) 13641-3189;;;;;Luiz Franceschi, 657, Thomaz Coelho, 83707072;Luiz Franceschi;657;;Thomaz Coelho;;;83707072;;;;11/01/2022 00:48:02;NULL
2031;27404151;Toque Final;;31899151000157;;;;;;Ângelo Franchini, 165, Parque Jaçatuba, 09290416;Ângelo Franchini;165;;Parque Jaçatuba;;;09290416;;;;11/01/2022 00:42:54;NULL
2032;27403939;Dia Americana;;03476811032860;(1) 13886-8610;;;;;Papa João Xxiii, 3059, Loteamento Industrial Coral, 09370800;Papa João Xxiii;3059;;Loteamento Industrial Coral;;;09370800;;;;11/01/2022 00:42:35;NULL
2033;27404007;Jimmy Berry - Av. Aricanduva;;31976215000419;;;;;;Aricanduva, 5555, Vila Aricanduva, 03527000;Aricanduva;5555;;Vila Aricanduva;;;03527000;;;;11/01/2022 00:42:40;NULL
2034;27404337;Giiro - Zucco Jardins;;;(1) 13083-7406;;;;;Haddock Lobo, 1416, Cerqueira Cesar, 01414002;Haddock Lobo;1416;;Cerqueira Cesar;;;01414002;;;;11/01/2022 00:48:00;NULL
2035;27404101;Riana Henrique Teixeira;;33688864875;;;;;;Higienópolis, 646, Higienopolis, 01238000;Higienópolis;646;;Higienopolis;;;01238000;;;;11/01/2022 00:42:49;NULL
2036;27404034;Monte Carlo;;05051033000184;;;;;;Vitória, 116, Vila Assunção, 09030050;Vitória;116;;Vila Assunção;;;09030050;;;;11/01/2022 00:42:43;NULL
2037;27404365;Integral Nutri - Hosp. Vila Penteado;;;(1) 14307-9743;;;;;Ministro Petrônio Portela, 1800, Jardim Iracema, 02802120;Ministro Petrônio Portela;1800;;Jardim Iracema;;;02802120;;;;11/01/2022 00:48:02;NULL
2038;27404384;L.C.Martins Eireli;;;(1) 63301-4433;;;;;Padre José De Anchieta, 176, Vila Furlan, 14807000;Padre José De Anchieta;176;;Vila Furlan;;;14807000;;;;11/01/2022 00:48:03;NULL
2039;27404309;Drogaria Campea;;;(1) 11111-1111;;;;;Santa Mônica, 1306, Parque Industrial San José, 06715865;Santa Mônica;1306;;Parque Industrial San José;;;06715865;;;;11/01/2022 00:47:58;NULL
2040;27403995;Hs Pompeia - Sky Asia;;09294774000147;;;;;;Turiassu, 2100, Perdizes, 05005000;Turiassu;2100;;Perdizes;;;05005000;;;;11/01/2022 00:42:39;NULL
2041;27404043;Oak Acai Continental Ltda;;30091347000158;;;;;;Leão Machado, 100, 100, Parque Continental, 05328999;Leão Machado, 100;100;;Parque Continental;;;05328999;;;;11/01/2022 00:42:43;NULL
2042;27404066;Pgr  - Coplac Itu - Nao Usar;;17776957000127;(1) 14577-0399;;;;;Doutor Carlos, 111, Rancho Grande, 13306140;Doutor Carlos;111;;Rancho Grande;;;13306140;;;;11/01/2022 00:42:45;NULL
2043;27404378;Jose Do Nascimento;;;;;;;;Das Margaridas, 155, Parque Assunção, 06753360;Das Margaridas;155;;Parque Assunção;;;06753360;;;;11/01/2022 00:48:03;NULL
2044;27404223;Bap - Barao;;;;;;;;Barão De Mauá, 2990, Jardim Maringá, 09340440;Barão De Mauá;2990;;Jardim Maringá;;;09340440;;;;11/01/2022 00:47:52;NULL
2045;27404100;Restaurante Tuju - Vila Madalena;;18136195000167;(1) 12691-5342;;;;;Fradique Coutinho, 1248, Pinheiros, 05416001;Fradique Coutinho;1248;;Pinheiros;;;05416001;;;;11/01/2022 00:42:49;NULL
2046;27404141;Sushi Nabanna;;30022342000173;;;;;;Deputado Dario De Barros, 401, Cidade Jardim, 05670090;Deputado Dario De Barros;401;;Cidade Jardim;;;05670090;;;;11/01/2022 00:42:53;NULL
2047;27404159;Varanda Frutas - Cidade Jardim - Shoping;;62498365000307;;;;;;Magalhães De Castro, 1200, Cidade Jardim, 05676120;Magalhães De Castro;1200;;Cidade Jardim;;;05676120;;;;11/01/2022 00:42:55;NULL
2048;27404255;Condominio Edificio Panorama;;;(1) 13823-3500;;;;;Aibi, 89, Vila Ipojuca, 05054010;Aibi;89;;Vila Ipojuca;;;05054010;;;;11/01/2022 00:47:54;NULL
2049;27404322;Escala Tur;;;(1) 15512-7365;;;;;Joaquim Nunes Teixeira, 151, Vila Plana, 05731370;Joaquim Nunes Teixeira;151;;Vila Plana;;;05731370;;;;11/01/2022 00:47:59;NULL
2050;27404315;Emporium;;;(1) 14437-3690;;;;;Higienópolis, 177, Vila Gilda, 09190360;Higienópolis;177;;Vila Gilda;;;09190360;;;;11/01/2022 00:47:58;NULL
2051;27404106;Risotolandia - Araucaria;;76900463000171;;;;;;Luiz Franceschi, 657, Thomaz Coelho, 83707072;Luiz Franceschi;657;;Thomaz Coelho;;;83707072;;;;11/01/2022 00:42:49;NULL
2052;27404140;Suppera;;10401713000110;;;;;;Gisele Constantino, 1850, Parque Bela Vista, 18110650;Gisele Constantino;1850;;Parque Bela Vista;;;18110650;;;;11/01/2022 00:42:53;NULL
2053;27404191;Abm  - Wap Metal;;;(1) 12894-3933;;;;;Luis Vieira, 555, Jardim Ambuita, 06695570;Luis Vieira;555;;Jardim Ambuita;;;06695570;;;;11/01/2022 00:47:50;NULL
2054;27404120;Risotolandia - Saae Barra Mansa;;76900463002549;(4) 13641-3189;;;;;Homero Leite, 572, Saudade, 27345350;Homero Leite;572;;Saudade;;;27345350;;;;11/01/2022 00:42:51;NULL
2055;27404374;Jimmy Berry;;;;;;;;Ibirapuera 3103, 3103, Indianópolis, 04029902;Ibirapuera 3103;3103;;Indianópolis;;;04029902;;;;11/01/2022 00:48:02;NULL
2056;27404046;Oakberry - Penha;;35383307000101;;;;;;Doutor Ricardo Jafet, 1501, Vila Santa Eulalia, 04260020;Doutor Ricardo Jafet;1501;;Vila Santa Eulalia;;;04260020;;;;11/01/2022 00:42:44;NULL
2057;27404261;Condominio Shopping Campo Limpo;;;(1) 13326-5174;;;;;Do Campo Limpo, 459, Vila Prel, 05777000;Do Campo Limpo;459;;Vila Prel;;;05777000;;;;11/01/2022 00:47:55;NULL
2058;27404208;Aliansce Sonae - Shopping Leblon;;;(1) 13371-3672;;;;;Afrânio De Melo Franco, 290, Leblon, 22430060;Afrânio De Melo Franco;290;;Leblon;;;22430060;;;;11/01/2022 00:47:51;NULL
2059;27404129;Salpicante Com.De Alimentos;;03935578000128;;;;;;Bandeira Paulista, 807, Itaim Bibi, 04532012;Bandeira Paulista;807;;Itaim Bibi;;;04532012;;;;11/01/2022 00:42:52;NULL
2060;27404336;Fundacao Do Abc;;;;;;;;América Do Sul, 285, Parque Novo Oratório, 09270410;América Do Sul;285;;Parque Novo Oratório;;;09270410;;;;11/01/2022 00:48:00;NULL
2061;27404134;Sistema Educacional;;07681607000123;;;;;;Nossa Senhora Do Bom Conselho, 351, Chácara Nossa Senhora Do Bom Conselho, 05763470;Nossa Senhora Do Bom Conselho;351;;Chácara Nossa Senhora Do Bom Conselho;;;05763470;;;;11/01/2022 00:42:52;NULL
2062;27404363;Integral - Osasco;;;(1) 13215-7018;;;;;Zuma De Sá Fernandes, 171, Presidente Altino, 06213040;Zuma De Sá Fernandes;171;;Presidente Altino;;;06213040;;;;11/01/2022 00:48:02;NULL
2063;27404102;Ricardo Batista;;07059693000137;(1) 14577-0399;;;;;Embaixador Pedro De Toledo, 87, Centro, 09010050;Embaixador Pedro De Toledo;87;;Centro;;;09010050;;;;11/01/2022 00:42:49;NULL
2064;27404260;Condominio Santo Antonio;;;;;;;;Benjamim Egas, 44, Pinheiros, 05418030;Benjamim Egas;44;;Pinheiros;;;05418030;;;;11/01/2022 00:47:55;NULL
2065;27403955;Drogaria Campea;;21812204001098;(1) 11111-1111;;;;;Santa Mônica, 1306, Parque Industrial San José, 06715865;Santa Mônica;1306;;Parque Industrial San José;;;06715865;;;;11/01/2022 00:42:36;NULL
2066;27404079;Pronutri Glp Bh;;27193128000256;(1) 12521-8894;;;;;Antonio Ingracio Pereira, 101, Vespasiano, 33200000;Antonio Ingracio Pereira;101;;Vespasiano;;;33200000;;;;11/01/2022 00:42:47;NULL
2067;27404203;Agrodanieli - Ibiaca  - Rs;;;(5) 49684-5068;;;;;Vl Rossi Rs 467, Interior, 99940000;Vl Rossi Rs 467;;;Interior;;;99940000;;;;11/01/2022 00:47:51;NULL
2068;27404385;Lbgs - Caieiras;;;(1) 14428-1490;;;;;Flávio Augusto De Moraes, 100, Região Central, 07700600;Flávio Augusto De Moraes;100;;Região Central;;;07700600;;;;11/01/2022 00:48:03;NULL
2069;27403988;Hide Dos Anjos Sateles;;21590674820;;;;;;Indianópolis, 2737, Indianópolis, 04063005;Indianópolis;2737;;Indianópolis;;;04063005;;;;11/01/2022 00:42:39;NULL
2070;27404330;Flavia Malia Fogazzaria;;;;;;;;Basiléia, 385, Parque Novo Oratório, 09260210;Basiléia;385;;Parque Novo Oratório;;;09260210;;;;11/01/2022 00:47:59;NULL
2071;27404015;L.C.Martins Eireli;;45271079000123;(1) 63301-4433;;;;;Padre José De Anchieta, 176, Vila Furlan, 14807000;Padre José De Anchieta;176;;Vila Furlan;;;14807000;;;;11/01/2022 00:42:41;NULL
2072;27404435;Mundo Rural;;;(1) 14316-1592;;;;;Dom Pedro I, 1715, Silveira, 09110001;Dom Pedro I;1715;;Silveira;;;09110001;;;;11/01/2022 00:48:07;NULL
2073;27404438;Mvgb;;;(1) 93802-9800;;;;;Adelina Boz Marfim, Jundiapeba, 08752040;Adelina Boz Marfim;;;Jundiapeba;;;08752040;;;;11/01/2022 00:48:07;NULL
2074;27404145;Termomecanica F.02;;59106666001577;(1) 14366-9705;;;;;Lauro Gomes, 1300, Vila Vivaldi, 09635010;Lauro Gomes;1300;;Vila Vivaldi;;;09635010;;;;11/01/2022 00:42:53;NULL
2075;27403936;Dddrin;;60500055000192;(1) 13488-9644;;;;;General Francisco Morazan, 135, Vila Sônia, 05626010;General Francisco Morazan;135;;Vila Sônia;;;05626010;;;;11/01/2022 00:42:35;NULL
2076;27404357;Hs Mooca - Sky Asia;;;;;;;;Capitao Pacheco Chaves, 313, Mooca, 03126000;Capitao Pacheco Chaves;313;;Mooca;;;03126000;;;;11/01/2022 00:48:01;NULL
2077;27404088;Rascal Itaim;;09005784000115;(1) 13078-3351;;;;;Leopoldo Couto Magalhães Júnior, 831, Itaim Bibi, 04542011;Leopoldo Couto Magalhães Júnior;831;;Itaim Bibi;;;04542011;;;;11/01/2022 00:42:48;NULL
2078;27404006;Jimmy Berry;;31976215000176;;;;;;Ibirapuera 3103, 3103, Indianópolis, 04029902;Ibirapuera 3103;3103;;Indianópolis;;;04029902;;;;11/01/2022 00:42:40;NULL
2079;27404040;Nutri Hospitalar - Ipiranga;;10218086000187;(1) 42106-9600;;;;;Nazaré, 28, Ipiranga, 04262100;Nazaré;28;;Ipiranga;;;04262100;;;;11/01/2022 00:42:43;NULL
2080;27404084;Rascal Casa Shopping - Rscs;;10452855000107;(2) 13325-5179;;;;;Ayrton Senna 2150, 2150, Barra Da Tijuca, 22775900;Ayrton Senna 2150;2150;;Barra Da Tijuca;;;22775900;;;;11/01/2022 00:42:48;NULL
2081;27404200;Actans Rascal Entrega Vila Lobos;;;(1) 14280-2492;;;;;Murilo Furtado, 4777, Lapa, 05477000;Murilo Furtado;4777;;Lapa;;;05477000;;;;11/01/2022 00:47:51;NULL
2082;27403985;Gse - Rib.Pires - Ex.Ceres;;37611201000135;(1) 13199-2814;;;;;Salvador Rípoli, 2280, Santa Luzia, 09431360;Salvador Rípoli;2280;;Santa Luzia;;;09431360;;;;11/01/2022 00:42:39;NULL
2083;27404287;Dia Brasil - Osasco;;;(1) 13886-8610;;;;;Papa João Xxiii, 3059, Loteamento Industrial Coral, 09370800;Papa João Xxiii;3059;;Loteamento Industrial Coral;;;09370800;;;;11/01/2022 00:47:56;NULL
2084;27404011;Kess Buffet;;61745592000165;(1) 12422-7855;;;;;Salgado De Castro, 78, Vila Sorocabana, 07025245;Salgado De Castro;78;;Vila Sorocabana;;;07025245;;;;11/01/2022 00:42:40;NULL
2085;27404299;Don Marche - Ferraz De Vasconc;;;;;;;;Prudente De Moraes, 257, Vila Correa, 08502900;Prudente De Moraes;257;;Vila Correa;;;08502900;;;;11/01/2022 00:47:57;NULL
2086;27404397;Lbgs - Hosp. Montenegro;;;(1) 14428-1490;;;;;Antônio Lázaro, 226, Jardim Iva, 03921080;Antônio Lázaro;226;;Jardim Iva;;;03921080;;;;11/01/2022 00:48:04;NULL
2087;27404444;Nutr'S  - Bom Peixe Cd;;;(1) 93441-2568;;;;;Sp-308, Dois Córregos, 13423170;Sp-308;;;Dois Córregos;;;13423170;;;;11/01/2022 00:48:08;NULL
2088;27404298;Don Marche - Apmbb Cta;;;(1) 13744-7209;;;;;Água Fria, 1923, Tucuruvi, 02333001;Água Fria;1923;;Tucuruvi;;;02333001;;;;11/01/2022 00:47:57;NULL
2089;27404247;Cond Do Boulevard Shoping Bh;;;(3) 12511-7100;;;;;Dos Andradas, 3000, Santa Efigênia, 30260070;Dos Andradas;3000;;Santa Efigênia;;;30260070;;;;11/01/2022 00:47:54;NULL
2090;27404321;Emporium Sao Paulo Afonso Braz;;;(1) 13848-3700;;;;;Afonso Braz, 431, Vila Nova Conceição, 04511011;Afonso Braz;431;;Vila Nova Conceição;;;04511011;;;;11/01/2022 00:47:59;NULL
2091;27404114;Risotolandia - Minorgan;;04908058002051;(4) 13641-3189;;;;;Estrada Vitoria De Sao Pedro, 685, Mandaguari, 86975000;Estrada Vitoria De Sao Pedro;685;;Mandaguari;;;86975000;;;;11/01/2022 00:42:50;NULL
2092;27404018;Lhp2 - Oakberry Santo Amaro;;30298586000345;;;;;;Santo Amaro, 5010, Santo Amaro, 04702000;Santo Amaro;5010;;Santo Amaro;;;04702000;;;;11/01/2022 00:42:41;NULL
2093;27404049;Oakberry Açaí Bowls;;32947899000140;;;;;;Augusta, 1524, Consolacao, 01304000;Augusta;1524;;Consolacao;;;01304000;;;;11/01/2022 00:42:44;NULL
2094;27404089;Rascal Jk;;14215386000163;(1) 13152-6111;;;;;Presidente Juscelino Kubitschek, 2041, Vila Nova Conceição, 04543011;Presidente Juscelino Kubitschek;2041;;Vila Nova Conceição;;;04543011;;;;11/01/2022 00:42:48;NULL
2095;27404414;Lbgs -Hosp -  Maternidade De Caieiras;;;(1) 14428-1490;;;;;Flávio Augusto De Moraes, 100, Região Central, 07700600;Flávio Augusto De Moraes;100;;Região Central;;;07700600;;;;11/01/2022 00:48:06;NULL
2096;27404416;Levtronics;;;;;;;;Dos Bandeirantes, 686, Vila Bocaina, 09310360;Dos Bandeirantes;686;;Vila Bocaina;;;09310360;;;;11/01/2022 00:48:06;NULL
2097;27404252;Cond Uberlandia Shopping;;;(1) 13138-1570;;;;;Paulo Gracindo, 15, Gávea, 38411145;Paulo Gracindo;15;;Gávea;;;38411145;;;;11/01/2022 00:47:54;NULL
2098;27404310;Ecn - Isapa;;;(1) 13195-4249;;;;;Roberto Venturole, 553, Cidade Aracilia, 07250015;Roberto Venturole;553;;Cidade Aracilia;;;07250015;;;;11/01/2022 00:47:58;NULL
2099;27404196;Abm - Neovia;;;(1) 12894-3933;;;;;Prefeito João Vilallobo Quero, 2253, Jardim Belval, 06422122;Prefeito João Vilallobo Quero;2253;;Jardim Belval;;;06422122;;;;11/01/2022 00:47:51;NULL
2100;27404197;Abm Grupo;;;;;;;;Gérson Andréis, 1500, Cidade Nova, 95112130;Gérson Andréis;1500;;Cidade Nova;;;95112130;;;;11/01/2022 00:47:51;NULL
2101;27404348;Henrique Aparecido;;;;;;;;Carioca, 375, Vila Carioca, 04225001;Carioca;375;;Vila Carioca;;;04225001;;;;11/01/2022 00:48:00;NULL
2102;27404033;Mja Food - All Parmegiana;;28520805000185;(1) 14577-0399;;;;;Domingos Agostim, 91, Cidade Mãe Do Céu, 03306010;Domingos Agostim;91;;Cidade Mãe Do Céu;;;03306010;;;;11/01/2022 00:42:43;NULL
2103;27404086;Rascal Higienopolis;;02967526000170;(1) 13822-0183;;;;;Higienópolis, 646, Higienopolis, 01238000;Higienópolis;646;;Higienopolis;;;01238000;;;;11/01/2022 00:42:48;NULL
2104;27404387;Lbgs - Chmsa Hosp. Munic. Santo Andre;;;(1) 14428-1490;;;;;João Ramalho, 326, Vila Assunção, 09030320;João Ramalho;326;;Vila Assunção;;;09030320;;;;11/01/2022 00:48:03;NULL
2105;27404195;Abm - Lc Barueri 7097;;;(1) 12894-3933;;;;;Prefeito João Vilallobo Quero, 1505, Jardim Itaquiti, 06422060;Prefeito João Vilallobo Quero;1505;;Jardim Itaquiti;;;06422060;;;;11/01/2022 00:47:50;NULL
2106;27404146;Termomecanica Fab 1;;59106666000171;(1) 14366-9777;;;;;Caminho Do Mar, 2652, Rudge Ramos, 09612000;Caminho Do Mar;2652;;Rudge Ramos;;;09612000;;;;11/01/2022 00:42:53;NULL
2107;27403993;Hs 2007 - Sky Asia;;09072159000196;;;;;;Domingos De Morais, 2564, Vila Mariana, 04036100;Domingos De Morais;2564;;Vila Mariana;;;04036100;;;;11/01/2022 00:42:39;NULL
2108;27404258;Condominio Santa Monica;;;;;;;;Benjamim Egas, 44, Pinheiros, 05418030;Benjamim Egas;44;;Pinheiros;;;05418030;;;;11/01/2022 00:47:54;NULL
2109;27403976;Formtap Ind.E Com S.A;;53808697000198;;;;;;Capistrano De Abreu, 190, Taboão, 09940470;Capistrano De Abreu;190;;Taboão;;;09940470;;;;11/01/2022 00:42:38;NULL
2110;27404192;Abm - Ceva;;;(1) 12894-3933;;;;;Pref João Vilallobo Quero, 1560, Jardim Belval, 06422122;Pref João Vilallobo Quero;1560;;Jardim Belval;;;06422122;;;;11/01/2022 00:47:50;NULL
2111;27404031;Mf Mix Concreto - Sbc;;39675342000147;(1) 14153-9191;;;;;Particular Fukutaro Yida, 40, Cooperativa, 09852060;Particular Fukutaro Yida;40;;Cooperativa;;;09852060;;;;11/01/2022 00:42:42;NULL
2112;27404314;Efitrans;;;(1) 12954-4487;;;;;Lídice, 22, Parque Novo Mundo, 02174010;Lídice;22;;Parque Novo Mundo;;;02174010;;;;11/01/2022 00:47:58;NULL
2113;27404012;Kilos Ikaro Restaurante Ltda;;09128585000102;(1) 13167-4991;;;;;Leopoldo Couto De Magalhães Júnior, 785, Itaim Bibi, 04542011;Leopoldo Couto De Magalhães Júnior;785;;Itaim Bibi;;;04542011;;;;11/01/2022 00:42:40;NULL
2114;27404071;Piu Rest- Pinheiros/Ferreira-Celio;;21578185000196;(1) 13576-7244;;;;;Ferreira De Araújo, 314, Pinheiros, 05428000;Ferreira De Araújo;314;;Pinheiros;;;05428000;;;;11/01/2022 00:42:46;NULL
2115;27404216;Apm 28 De Julho;;;(1) 14227-1126;;;;;Oriente, 501, Barcelona, 09551010;Oriente;501;;Barcelona;;;09551010;;;;11/01/2022 00:47:52;NULL
2116;27404254;Condominio Civil Center Shop Sao Bernard;;;(1) 13371-4133;;;;;Samuel Sabatini 200, 200, Centro, 09750902;Samuel Sabatini 200;200;;Centro;;;09750902;;;;11/01/2022 00:47:54;NULL
2117;27404269;Cortes Villa Lobos - Csvl Rascal;;;(1) 13024-4301;;;;;Murilo Furtado, 4777, Lapa, 02270000;Murilo Furtado;4777;;Lapa;;;02270000;;;;11/01/2022 00:47:55;NULL
2118;27404353;Hospital Central;;;;;;;;Manoel Coelho, 845, Santo Antonio, 09510112;Manoel Coelho;845;;Santo Antonio;;;09510112;;;;11/01/2022 00:48:01;NULL
2119;27404083;Rascal Alphaville;;10580100000198;(1) 14193-8920;;;;;Rio Negro, 111, Alphaville Industrial, 06454000;Rio Negro;111;;Alphaville Industrial;;;06454000;;;;11/01/2022 00:42:48;NULL
2120;27404103;Risa Adm. De Res. - Rc Magius;;04908058000199;(4) 13641-3189;;;;;Tijucas Do Sul, 388, Afonso Pena, 83045050;Tijucas Do Sul;388;;Afonso Pena;;;83045050;;;;11/01/2022 00:42:49;NULL
2121;27404021;Lourdes Massae - Gol Confins;;17823971000134;;;;;;Aeroporto Internacional Tancredo Neves, Aeroporto, 33400000;Aeroporto Internacional Tancredo Neves;;;Aeroporto;;;33400000;;;;11/01/2022 00:42:41;NULL
2122;27403999;Instituição Caminho Ananias;;74333808000127;(1) 14991-7543;;;;;Andorinha, 9, Santa Maria, 09071120;Andorinha;9;;Santa Maria;;;09071120;;;;11/01/2022 00:42:39;NULL
2123;27404162;Varanda Vila Olimpia;;12240244000120;;;;;;Olimpíadas, 360, Vila Olimpia, 04551000;Olimpíadas;360;;Vila Olimpia;;;04551000;;;;11/01/2022 00:42:55;NULL
2124;27404205;Agrodanieli - Tapejara Sao Domingos;;;(5) 43344-4200;;;;;Vi Sao Domingos, Interior, 99950000;Vi Sao Domingos;;;Interior;;;99950000;;;;11/01/2022 00:47:51;NULL
2125;27404267;Cortes - Csle - Outro Local De Entrega;;;(2) 13576-9697;;;;;Ayrton Senna 2150, 2150, Barra Da Tijuca, 22775900;Ayrton Senna 2150;2150;;Barra Da Tijuca;;;22775900;;;;11/01/2022 00:47:55;NULL
2126;27404193;Abm - Faturamento;;;(1) 12894-3933;;;;;Califórnia, 1336, Cidade Monções, 04566062;Califórnia;1336;;Cidade Monções;;;04566062;;;;11/01/2022 00:47:50;NULL
2127;27404230;Bipo Steack House;;;;;;;;Santos, 1518, Cerqueira Cesar, 01418102;Santos;1518;;Cerqueira Cesar;;;01418102;;;;11/01/2022 00:47:53;NULL
2128;27403946;Dibon Lins Cambuci;;14148916000289;(1) 13204-2232;;;;;Lins De Vasconcelos, 733, Cambuci, 01537000;Lins De Vasconcelos;733;;Cambuci;;;01537000;;;;11/01/2022 00:42:36;NULL
2129;27404109;Risotolandia - Escola Cedup Abilio Paulo;;76900463001739;(4) 13641-3189;;;;;Universitária, 345, Universitário, 88806000;Universitária;345;;Universitário;;;88806000;;;;11/01/2022 00:42:50;NULL
2130;27404004;Izzi Motel;;10676838000153;(1) 13616-0066;;;;;Ermano Marchetti, 1439, Água Branca, 05038001;Ermano Marchetti;1439;;Água Branca;;;05038001;;;;11/01/2022 00:42:40;NULL
2131;27404017;Levtronics;;10886744000109;;;;;;Dos Bandeirantes, 686, Vila Bocaina, 09310360;Dos Bandeirantes;686;;Vila Bocaina;;;09310360;;;;11/01/2022 00:42:41;NULL
2132;27404160;Varanda Patio Paulista;;62498365000498;;;;;;Treze De Maio 1947, 1947, Bela Vista, 01327900;Treze De Maio 1947;1947;;Bela Vista;;;01327900;;;;11/01/2022 00:42:55;NULL
2133;27404440;Não Usar Risotolandia - Bemis;;;;;;;;João Ramalho, 964, Vila Noemia, 07250130;João Ramalho;964;;Vila Noemia;;;07250130;;;;11/01/2022 00:48:08;NULL
2134;27403963;Emporium Sao Paulo - Pedroso;;05248899000180;(1) 13704-3899;;;;;Pedroso Alvarenga, 803, Jardim Paulista, 04531011;Pedroso Alvarenga;803;;Jardim Paulista;;;04531011;;;;11/01/2022 00:42:37;NULL
2135;27404281;Daniele;;;;;;;;Dalmácia, 421, Parque Novo Oratório, 09260050;Dalmácia;421;;Parque Novo Oratório;;;09260050;;;;11/01/2022 00:47:56;NULL
2136;27404044;Oakberry - Ernestina;;32755206000118;;;;;;Antônio De Oliveira Gago, 108, Jardim Ernestina, 04677090;Antônio De Oliveira Gago;108;;Jardim Ernestina;;;04677090;;;;11/01/2022 00:42:43;NULL
2137;27404407;Lbgs - Instituto Psiquiatra - Hc;;;(1) 14428-1490;;;;;Doutor Ovídio Pires De Campos, 785, Cerqueira Cesar, 05403010;Doutor Ovídio Pires De Campos;785;;Cerqueira Cesar;;;05403010;;;;11/01/2022 00:48:05;NULL
2138;27404045;Oakberry - Jd. Iris;;32813406000180;;;;;;Raimundo Pereira De Magalhães, 1465, 1465, Jardim Íris, 05145907;Raimundo Pereira De Magalhães, 1465;1465;;Jardim Íris;;;05145907;;;;11/01/2022 00:42:43;NULL
2139;27404354;Hospital Sao Francisco - Mogi Guacu;;;(1) 93851-8000;;;;;Inácio Franco Alves, 561, Parque Cidade Nova, 13845420;Inácio Franco Alves;561;;Parque Cidade Nova;;;13845420;;;;11/01/2022 00:48:01;NULL
2140;27404333;Flv - Quitanda - Pinheiros;;;(1) 13060-3230;;;;;Artur De Azevedo, 1433, Pinheiros, 05404013;Artur De Azevedo;1433;;Pinheiros;;;05404013;;;;11/01/2022 00:47:59;NULL
2141;27404138;Solar;;06330557000177;(1) 13951-5407;;;;;Antônio Munhoz Bonilha, 545, Vila Palmeiras, 02725000;Antônio Munhoz Bonilha;545;;Vila Palmeiras;;;02725000;;;;11/01/2022 00:42:53;NULL
2142;27403945;Dibon - Sacoma;;14148916000106;;;;;;Padre Arlindo Vieira, 3255, Jardim Vergueiro (Sacomã), 04166003;Padre Arlindo Vieira;3255;;Jardim Vergueiro (Sacomã);;;04166003;;;;11/01/2022 00:42:36;NULL
2143;27404394;Lbgs - Hosp Leonor Mendes De Barros;;;(1) 14428-1490;;;;;Celso Garcia, 2477, Brás, 03015000;Celso Garcia;2477;;Brás;;;03015000;;;;11/01/2022 00:48:04;NULL
2144;27404274;Daff Distribuidora - Entrega Firestone;;;(1) 14421-7980;;;;;Firestone, 1603, Silveira, 09195470;Firestone;1603;;Silveira;;;09195470;;;;11/01/2022 00:47:56;NULL
2145;27404323;Exkalla;;;(1) 19827-4442;;;;;Adolfo Bastos, 116, Vila Bastos, 09041000;Adolfo Bastos;116;;Vila Bastos;;;09041000;;;;11/01/2022 00:47:59;NULL
2146;27404317;Emporium Sao Paulo - Irai;;;(1) 15534-4600;;;;;Iraí, 675, Indianópolis, 04082002;Iraí;675;;Indianópolis;;;04082002;;;;11/01/2022 00:47:59;NULL
2147;27404080;Quatro Investimentos - Oakberry;;39844429000109;;;;;;Holanda, 37, Parque Das Nacoes, 09210050;Holanda;37;;Parque Das Nacoes;;;09210050;;;;11/01/2022 00:42:47;NULL
2148;27404199;Acj - Allparmegiana;;;;;;;;Leao Machado, 100, Jaguare, 05328020;Leao Machado;100;;Jaguare;;;05328020;;;;11/01/2022 00:47:51;NULL
2149;27403983;Grupo - Sky Asia;;14295937000146;(1) 14577-0399;;;;;Capitao Pacheco Chaves, 313, Mooca, 03126000;Capitao Pacheco Chaves;313;;Mooca;;;03126000;;;;11/01/2022 00:42:38;NULL
2150;27404147;Termomecanica Fab 3;;59106666000252;(1) 14366-9777;;;;;Caminho Do Mar, 2652, Rudge Ramos, 09612000;Caminho Do Mar;2652;;Rudge Ramos;;;09612000;;;;11/01/2022 00:42:54;NULL
2151;27404202;Afonso;;;(1) 14337-1110;;;;;Doutor Flaquer, 639, Centro, 09710180;Doutor Flaquer;639;;Centro;;;09710180;;;;11/01/2022 00:47:51;NULL
2152;27403982;Grupo - Integral Nutri;;28070436000176;(1) 14577-0399;;;;;Leonor Alvim, 11, Interlagos, 04802190;Leonor Alvim;11;;Interlagos;;;04802190;;;;11/01/2022 00:42:38;NULL
2153;27404408;Lbgs - Marcia Braido;;;(1) 14428-1490;;;;;Luís Louza, 48, Olímpico, 09540430;Luís Louza;48;;Olímpico;;;09540430;;;;11/01/2022 00:48:05;NULL
2154;27404278;Dagostini;;;(1) 13619-3577;;;;;Moisés Kauffmann, 441, Parque Industrial Tomas Edson, 01140010;Moisés Kauffmann;441;;Parque Industrial Tomas Edson;;;01140010;;;;11/01/2022 00:47:56;NULL
2155;27403975;Flv - Quitanda - Pinheiros;;08772290000101;(1) 13060-3230;;;;;Artur De Azevedo, 1433, Pinheiros, 05404013;Artur De Azevedo;1433;;Pinheiros;;;05404013;;;;11/01/2022 00:42:38;NULL
2156;27404284;Dia - Alphaville;;;(1) 13886-8610;;;;;Marte, 466, Alphaville, 06541005;Marte;466;;Alphaville;;;06541005;;;;11/01/2022 00:47:56;NULL
2157;27404013;Klm Canindé;;31347625000158;;;;;;Sargento Jeter Augusto Pereira, 40, Parque Novo Mundo, 02188070;Sargento Jeter Augusto Pereira;40;;Parque Novo Mundo;;;02188070;;;;11/01/2022 00:42:40;NULL
2158;27404111;Risotolandia - Hospital Sjp;;76105543000135;(4) 13641-3189;;;;;Passos De Oliveira, 1101, Centro, 83030720;Passos De Oliveira;1101;;Centro;;;83030720;;;;11/01/2022 00:42:50;NULL
2159;27404437;Murilo;;;(1) 12564-7351;;;;;Antonio Caputo, 258, Rio Grande, 09830285;Antonio Caputo;258;;Rio Grande;;;09830285;;;;11/01/2022 00:48:07;NULL
2160;27404270;Cozinha Do Campo Belo Loja De Comida Ltd;;;;;;;;João De Sousa Dias, 204, Campo Belo, 04618000;João De Sousa Dias;204;;Campo Belo;;;04618000;;;;11/01/2022 00:47:55;NULL
2161;27404136;Slr Restaurante - Antigo Kess;;37954629000180;(1) 12475-7513;;;;;Emílio Ribas, 87, Jardim Vila Galvão, 07051001;Emílio Ribas;87;;Jardim Vila Galvão;;;07051001;;;;11/01/2022 00:42:53;NULL
2162;27403970;Fernanda Hentz;;04551224000142;;;;;;Rui Barbosa, 606, Vila Rezende, 13405217;Rui Barbosa;606;;Vila Rezende;;;13405217;;;;11/01/2022 00:42:38;NULL
2163;27404027;Marvi Ourinhos;;53408654000115;(1) 43302-4410;;;;;Sao Paulo/Parana, Jardim Paris, 19904100;Sao Paulo/Parana;;;Jardim Paris;;;19904100;;;;11/01/2022 00:42:42;NULL
2164;27404022;Lumini Motel;;04800446000151;(1) 12197-0666;;;;;Rubens Meireles, 477, Várzea Da Barra Funda, 01141000;Rubens Meireles;477;;Várzea Da Barra Funda;;;01141000;;;;11/01/2022 00:42:41;NULL
2165;27404068;Pgr - Forceline Extrema;;17776957002502;;;;;;Josepha Gomes De Souza, 85, Dos Pires, 37640000;Josepha Gomes De Souza;85;;Dos Pires;;;37640000;;;;11/01/2022 00:42:46;NULL
2166;27403965;Escala Tur;;04773029000167;(1) 15512-7365;;;;;Joaquim Nunes Teixeira, 151, Vila Plana, 05731370;Joaquim Nunes Teixeira;151;;Vila Plana;;;05731370;;;;11/01/2022 00:42:37;NULL
2167;27404172;Informe um Nome;;05752518000103;(1) 14610-3737;;;;;Do Bronze, 130, Parque São Pedro, 08586180;Do Bronze;130;;Parque São Pedro;;;08586180;;;;11/01/2022 00:42:56;NULL
2168;27403949;Dms -;;27342219000125;;;;;;Francisco Vergueiro Porto, 257, Parque Doroteia, 04474300;Francisco Vergueiro Porto;257;;Parque Doroteia;;;04474300;;;;11/01/2022 00:42:36;NULL
2169;27404399;Lbgs - Hosp. Serv. Publico Municipa - Us;;;(1) 14428-1490;;;;;Apeninos, 44, Aclimação, 01533000;Apeninos;44;;Aclimação;;;01533000;;;;11/01/2022 00:48:05;NULL
2170;27404406;Lbgs - Hospital Tatuape;;;(1) 14428-1490;;;;;Celso Garcia, 4815, Tatuape, 03063000;Celso Garcia;4815;;Tatuape;;;03063000;;;;11/01/2022 00:48:05;NULL
2171;27404401;Lbgs - Hosp. Vila Nova Cachoeirinha;;;(1) 14428-1490;;;;;Deputado Emílio Carlos, 3000, Vila Nova Cachoeirinha, 02721000;Deputado Emílio Carlos;3000;;Vila Nova Cachoeirinha;;;02721000;;;;11/01/2022 00:48:05;NULL
2172;27404009;Jose Carlos;;72995483000112;;;;;;Do Rosário, 2630, Paulista, 13401138;Do Rosário;2630;;Paulista;;;13401138;;;;11/01/2022 00:42:40;NULL
2173;27404296;Dms -;;;;;;;;Francisco Vergueiro Porto, 257, Parque Doroteia, 04474300;Francisco Vergueiro Porto;257;;Parque Doroteia;;;04474300;;;;11/01/2022 00:47:57;NULL
2174;27404126;S&P - Oakberry Paraiso;;42278835000158;;;;;;Desembargador Eliseu Guilherme, 235, Paraiso, 04004030;Desembargador Eliseu Guilherme;235;;Paraiso;;;04004030;;;;11/01/2022 00:42:52;NULL
2175;27404112;Risotolandia - Minas I;;04908058007797;0000-0000;;;;;Antônio De Albuquerque, 1200, Lourdes, 30112015;Antônio De Albuquerque;1200;;Lourdes;;;30112015;;;;11/01/2022 00:42:50;NULL
2176;27404113;Risotolandia - Minas Ii;;04908058007606;(4) 13641-3189;;;;;Oriente, 827, Serra, 30220270;Oriente;827;;Serra;;;30220270;;;;11/01/2022 00:42:50;NULL
2177;27404025;Marita - Oakberry Ipiranga;;35779956000118;;;;;;Bom Pastor, 1592, Ipiranga, 04203003;Bom Pastor;1592;;Ipiranga;;;04203003;;;;11/01/2022 00:42:42;NULL
2178;27403937;Ddrim Itu;;12000028000108;(1) 14024-9495;;;;;Bahia, 202, Brasil, 13301430;Bahia;202;;Brasil;;;13301430;;;;11/01/2022 00:42:35;NULL
2179;27403954;Driggo - Zucco Delivery;;38099989000105;(1) 14898-8364;;;;;Cardeal Arcoverde, 451, Pinheiros, 05409003;Cardeal Arcoverde;451;;Pinheiros;;;05409003;;;;11/01/2022 00:42:36;NULL
2180;27404110;Risotolandia - Franklin;;04908058004348;(4) 13641-3189;;;;;Hans Dieter Schmidt, 1501, Zona Industrial Norte, 89219504;Hans Dieter Schmidt;1501;;Zona Industrial Norte;;;89219504;;;;11/01/2022 00:42:50;NULL
2181;27404158;Varanda Frutas - Cidade Jardim;;62498365000145;;;;;;Deputado Dario De Barros, 15, Cidade Jardim, 05670090;Deputado Dario De Barros;15;;Cidade Jardim;;;05670090;;;;11/01/2022 00:42:55;NULL
2182;27404377;Jose Carlos;;;;;;;;Do Rosário, 2630, Paulista, 13401138;Do Rosário;2630;;Paulista;;;13401138;;;;11/01/2022 00:48:03;NULL
2183;27404372;Izzi Motel;;;(1) 13616-0066;;;;;Ermano Marchetti, 1439, Água Branca, 05038001;Ermano Marchetti;1439;;Água Branca;;;05038001;;;;11/01/2022 00:48:02;NULL
2184;27404324;F L Pedreira - Oakberry Raposo Shopping;;;(1) 12096-8898;;;;;Raposo Tavares, 3779, Jardim Arpoador, 05577300;Raposo Tavares;3779;;Jardim Arpoador;;;05577300;;;;11/01/2022 00:47:59;NULL
2185;27404058;Pale;;33746473000191;(1) 14576-7181;;;;;Edu Chaves, 234, Vila Bastos, 09041020;Edu Chaves;234;;Vila Bastos;;;09041020;;;;11/01/2022 00:42:44;NULL
2186;27404059;Panificadora  La Casa - Eloisa Risotolan;;68812312000133;(4) 13641-3189;;;;;Reverendo José Ferreira Filho, 37, Novo Mundo, 81050422;Reverendo José Ferreira Filho;37;;Novo Mundo;;;81050422;;;;11/01/2022 00:42:44;NULL
2187;27404328;Fernanda Hentz;;;;;;;;Rui Barbosa, 606, Vila Rezende, 13405217;Rui Barbosa;606;;Vila Rezende;;;13405217;;;;11/01/2022 00:47:59;NULL
2188;27404403;Lbgs - Hospital Darcy Vargas - Usar;;;(1) 14428-1490;;;;;Doutor Seráfico De Assis Carvalho, 34, Jardim Leonor, 05614040;Doutor Seráfico De Assis Carvalho;34;;Jardim Leonor;;;05614040;;;;11/01/2022 00:48:05;NULL
2189;27404400;Lbgs - Hosp. Servidor Publico Municipal;;;(1) 14428-1490;;;;;Apeninos, 44, Aclimação, 01533000;Apeninos;44;;Aclimação;;;01533000;;;;11/01/2022 00:48:05;NULL
2190;27404297;Don Marche;;;(1) 13744-7209;;;;;Domingos Lopes Da Silva, 890, Vila Andrade, 05641030;Domingos Lopes Da Silva;890;;Vila Andrade;;;05641030;;;;11/01/2022 00:47:57;NULL
2191;27404155;V10 Servicos Empresariais Eireli;;16677404000154;;;;;;Papagaio, 448, Jardim Império, 86709460;Papagaio;448;;Jardim Império;;;86709460;;;;11/01/2022 00:42:54;NULL
2192;27404253;Cond. Verona;;;;;;;;Doutor Emílio Ribas, 70, Perdizes, 05006020;Doutor Emílio Ribas;70;;Perdizes;;;05006020;;;;11/01/2022 00:47:54;NULL
2193;27404130;Sara;;28505568826;(1) 14433-0980;;;;;Andorra, 343, Vila Francisco Matarazzo, 09241050;Andorra;343;;Vila Francisco Matarazzo;;;09241050;;;;11/01/2022 00:42:52;NULL
2194;27404026;Marrma - Zucco Morumbi;;22731488000160;(1) 13083-7406;;;;;Roque Petroni Júnior 1089, 1089, Jardim Das Acácias, 04707900;Roque Petroni Júnior 1089;1089;;Jardim Das Acácias;;;04707900;;;;11/01/2022 00:42:42;NULL
2195;27404077;Portal Morumb;;53822003000177;;;;;;Marechal Hastinfilo De Moura 338, 338, Vila Suzana, 05641900;Marechal Hastinfilo De Moura 338;338;;Vila Suzana;;;05641900;;;;11/01/2022 00:42:47;NULL
2196;27404226;Bap Humaita;;;;;;;;Quatorze Bis, 15, Silveira, 09110290;Quatorze Bis;15;;Silveira;;;09110290;;;;11/01/2022 00:47:53;NULL
2197;27404338;Gisela Souza Da Silva;;;;;;;;Adolfo Bastos, 847, Vila Bastos, 09041000;Adolfo Bastos;847;;Vila Bastos;;;09041000;;;;11/01/2022 00:48:00;NULL
2198;27404189;A2A Abc;;;;;;;;Pereira Barreto, 42, Paraiso, 09190210;Pereira Barreto;42;;Paraiso;;;09190210;;;;11/01/2022 00:47:50;NULL
2199;27404168;Vr Restaurante - Boali;;25104576000120;;;;;;Conselheiro Moreira De Barros, 2780, Lauzane Paulista, 02430001;Conselheiro Moreira De Barros;2780;;Lauzane Paulista;;;02430001;;;;11/01/2022 00:42:55;NULL
2200;27404402;Lbgs - Hospital Da Mulher;;;(1) 14428-1490;;;;;América Do Sul, 285, Parque Novo Oratório, 09270410;América Do Sul;285;;Parque Novo Oratório;;;09270410;;;;11/01/2022 00:48:05;NULL
2201;27404170;Wall Comercial Atacadista Eireli;;13403780000162;;;;;;São Gabriel, 625, Itaim Bibi, 01435001;São Gabriel;625;;Itaim Bibi;;;01435001;;;;11/01/2022 00:42:55;NULL
2202;27404245;Cond Boulevard Londrina Shopping;;;(1) 13371-4110;;;;;Theodoro Victorelli, 150, Helena, 86027750;Theodoro Victorelli;150;;Helena;;;86027750;;;;11/01/2022 00:47:54;NULL
2203;27404433;Mja Food - All Parmegiana;;;(1) 14577-0399;;;;;Domingos Agostim, 91, Cidade Mãe Do Céu, 03306010;Domingos Agostim;91;;Cidade Mãe Do Céu;;;03306010;;;;11/01/2022 00:48:07;NULL
2204;27404054;Pack In Bag;;04773641000130;(1) 12523-9198;;;;;Professor Castelo Branco, 71, Jardim Nove De Julho, 03947020;Professor Castelo Branco;71;;Jardim Nove De Julho;;;03947020;;;;11/01/2022 00:42:44;NULL
2205;27403944;Dia Minas Gerais;;03476811042903;(1) 13886-8610;;;;;Papa João Xxiii 2732, 3059, Vila Noemia, 09370900;Papa João Xxiii 2732;3059;;Vila Noemia;;;09370900;;;;11/01/2022 00:42:35;NULL
2206;27404292;Dibon Grupo;;;(1) 14577-0399;;;;;Padre Arlindo Vieira, 3255, Jardim Vergueiro (Sacomã), 04166003;Padre Arlindo Vieira;3255;;Jardim Vergueiro (Sacomã);;;04166003;;;;11/01/2022 00:47:57;NULL
2207;27404367;Integral Nutri - Secretaria Saude Guarul;;;;;;;;Íris, 300, Vila Iris, 07051080;Íris;300;;Vila Iris;;;07051080;;;;11/01/2022 00:48:02;NULL
2208;27404294;Dibon Santo Amaro;;;;;;;;Santo Amaro, 5420, Santo Amaro, 04702000;Santo Amaro;5420;;Santo Amaro;;;04702000;;;;11/01/2022 00:47:57;NULL
2209;27404229;Betel Solucoes;;;(1) 14229-7407;;;;;Terracota, 185, Ceramica, 09531190;Terracota;185;;Ceramica;;;09531190;;;;11/01/2022 00:47:53;NULL
2210;27404376;Jl Budoia;;;(1) 12211-0070;;;;;Igaratinga, 188, Vila Santa Clara, 03273400;Igaratinga;188;;Vila Santa Clara;;;03273400;;;;11/01/2022 00:48:03;NULL
2211;27404042;Nutr'S  - Bom Peixe Cd;;06243721000109;(1) 93441-2568;;;;;Sp-308, Dois Córregos, 13423170;Sp-308;;;Dois Córregos;;;13423170;;;;11/01/2022 00:42:43;NULL
2212;27404019;Logfarma;;02376381000133;(1) 14428-1490;;;;;Araçatuba, 426, Santa Maria, 09071310;Araçatuba;426;;Santa Maria;;;09071310;;;;11/01/2022 00:42:41;NULL
2213;27403951;Don Marche - Hotel Quality;;00322135000505;(1) 13744-7209;;;;;Bela Cintra, 521, Consolacao, 01415000;Bela Cintra;521;;Consolacao;;;01415000;;;;11/01/2022 00:42:36;NULL
2214;27404069;Pgr - Tectextil 2;;17176079000109;(1) 13195-4249;;;;;João Batista Campos Pinto, 125, Jardim Abaeté, 13420264;João Batista Campos Pinto;125;;Jardim Abaeté;;;13420264;;;;11/01/2022 00:42:46;NULL
2215;27404362;Instituição Caminho Ananias;;;(1) 14991-7543;;;;;Andorinha, 9, Santa Maria, 09071120;Andorinha;9;;Santa Maria;;;09071120;;;;11/01/2022 00:48:02;NULL
2216;27404231;Bolognani - Hortifrut Figueiras;;;(1) 14421-3229;;;;;Campestre, 623, Campestre, 09070200;Campestre;623;;Campestre;;;09070200;;;;11/01/2022 00:47:53;NULL
2217;27404392;Lbgs - Hosp Albert Sabin;;;(1) 14428-1490;;;;;Aurélia, 101, Santa Paula, 09551340;Aurélia;101;;Santa Paula;;;09551340;;;;11/01/2022 00:48:04;NULL
2218;27404430;Mercadominio;;;;;;;;Giovanni Gronchi, 6829, Vila Andrade, 05724003;Giovanni Gronchi;6829;;Vila Andrade;;;05724003;;;;11/01/2022 00:48:07;NULL
2219;27404272;Cumini - Oakberry;;;;;;;;Afonso Braz, 369, Vila Nova Conceição, 04511011;Afonso Braz;369;;Vila Nova Conceição;;;04511011;;;;11/01/2022 00:47:55;NULL
2220;27403973;Flavio Soares - Termomecanica;;22609984880;(1) 14366-9777;;;;;João Paulo, 2, Dos Casa, 09845310;João Paulo;2;;Dos Casa;;;09845310;;;;11/01/2022 00:42:38;NULL
2221;27404316;Emporium Sao Paulo - Cotovia;;;(1) 15538-4600;;;;;Cotovia, 159, V Uberabin, 04517001;Cotovia;159;;V Uberabin;;;04517001;;;;11/01/2022 00:47:58;NULL
2222;27404014;Krt - Oakberry Vila Prudente;;40963395000142;;;;;;Epaminondas Melo Do Amaral, 309, Sítio Do Mandaqui, 02542000;Epaminondas Melo Do Amaral;309;;Sítio Do Mandaqui;;;02542000;;;;11/01/2022 00:42:40;NULL
2223;27404375;Jimmy Berry - Av. Aricanduva;;;;;;;;Aricanduva, 5555, Vila Aricanduva, 03527000;Aricanduva;5555;;Vila Aricanduva;;;03527000;;;;11/01/2022 00:48:03;NULL
2224;27404222;Autostar Land Morumbi;;;(1) 12344-4444;;;;;Morumbi, 6989, Morumbi, 05650002;Morumbi;6989;;Morumbi;;;05650002;;;;11/01/2022 00:47:52;NULL
2225;27403948;Dip Frangos;;21819182000288;(4) 53321-3058;;;;;Rod. Br 163 - Km 86, Jardim Industrial, 85760000;Rod. Br 163 - Km 86;;;Jardim Industrial;;;85760000;;;;11/01/2022 00:42:36;NULL
2226;27404161;Varanda Pomar;;28366347000171;;;;;;Nilza Medeiros Martins, 77, Jardim Colombo, 05628010;Nilza Medeiros Martins;77;;Jardim Colombo;;;05628010;;;;11/01/2022 00:42:55;NULL
2227;27403942;Dia Brasil Ribeirao Preto;;03476811042237;(1) 13886-8610;;;;;Papa João Xxiii, 3059, Loteamento Industrial Coral, 09370800;Papa João Xxiii;3059;;Loteamento Industrial Coral;;;09370800;;;;11/01/2022 00:42:35;NULL
2228;27404107;Risotolandia - Brusque;;76900463001658;(4) 13641-3189;;;;;Ivo Silveira, 2480, Volta Grande, 88355202;Ivo Silveira;2480;;Volta Grande;;;88355202;;;;11/01/2022 00:42:49;NULL
2229;27404142;Taffarel;;18521699000109;(1) 13294-1759;;;;;Silva Jardim, 438, Belenzinho, 03163090;Silva Jardim;438;;Belenzinho;;;03163090;;;;11/01/2022 00:42:53;NULL
2230;27404005;Janaina Goncalves Do Nascimento;;36185233000153;;;;;;Das Margaridas, 155, Parque Assunção, 06753360;Das Margaridas;155;;Parque Assunção;;;06753360;;;;11/01/2022 00:42:40;NULL
2231;27403940;Dia Brasil - Nova Santa Rita - Rs;;03476811079408;;;;;;Papa João Xxiii, 3059, Loteamento Industrial Coral, 09370800;Papa João Xxiii;3059;;Loteamento Industrial Coral;;;09370800;;;;11/01/2022 00:42:35;NULL
2232;27404368;Irh Servicos;;;;;;;;Artur De Queirós, 73, Casa Branca, 09015510;Artur De Queirós;73;;Casa Branca;;;09015510;;;;11/01/2022 00:48:02;NULL
2233;27404319;Emporium Sao Paulo - Maracatins;;;(1) 13053-3310;;;;;Dos Maracatins, 217, Indianópolis, 04089010;Dos Maracatins;217;;Indianópolis;;;04089010;;;;11/01/2022 00:47:59;NULL
2234;27404194;Abm - Krissol;;;(1) 12894-3933;;;;;Papa João Xxiii, 3341, Loteamento Industrial Coral, 09370800;Papa João Xxiii;3341;;Loteamento Industrial Coral;;;09370800;;;;11/01/2022 00:47:50;NULL
2235;27404446;Nutr'S Grupo;;;(1) 14577-0399;;;;;Sp-308, Dois Córregos, 13423170;Sp-308;;;Dois Córregos;;;13423170;;;;11/01/2022 00:48:08;NULL
2236;27404242;Celebra - Oakberry Praia Grande;;;;;;;;Timbé, 41, Jardim Santa Maria, 03576070;Timbé;41;;Jardim Santa Maria;;;03576070;;;;11/01/2022 00:47:53;NULL
2237;27403956;Ecn - Isapa;;27193128000175;(1) 13195-4249;;;;;Roberto Venturole, 553, Cidade Aracilia, 07250015;Roberto Venturole;553;;Cidade Aracilia;;;07250015;;;;11/01/2022 00:42:36;NULL
2238;27404020;Longevita;;20497832000172;(1) 14902-2526;;;;;Dos Emboabas, 16, Vila Pires, 09195420;Dos Emboabas;16;;Vila Pires;;;09195420;;;;11/01/2022 00:42:41;NULL
2239;27404016;Lbgs - Caieiras;;66786047000130;(1) 14428-1490;;;;;Flávio Augusto De Moraes, 100, Região Central, 07700600;Flávio Augusto De Moraes;100;;Região Central;;;07700600;;;;11/01/2022 00:42:41;NULL
2240;27404398;Lbgs - Hosp. Munic. Brasilandia - Campan;;;(1) 14428-1490;;;;;Michihisa Murata, 100, Jardim Maristela, 02806160;Michihisa Murata;100;;Jardim Maristela;;;02806160;;;;11/01/2022 00:48:05;NULL
2241;27404419;Longevita;;;(1) 14902-2526;;;;;Dos Emboabas, 16, Vila Pires, 09195420;Dos Emboabas;16;;Vila Pires;;;09195420;;;;11/01/2022 00:48:06;NULL
2242;27404268;Cortes Guarulhos - Cgru;;;(1) 12445-2675;;;;;Hélio Smidt, Aeroporto, 07190100;Hélio Smidt;;;Aeroporto;;;07190100;;;;11/01/2022 00:47:55;NULL
2243;27404358;Hs Pompeia - Sky Asia;;;;;;;;Turiassu, 2100, Perdizes, 05005000;Turiassu;2100;;Perdizes;;;05005000;;;;11/01/2022 00:48:01;NULL
2244;27404306;Driggo - Delivery Zucco;;;(1) 13083-7406;;;;;Oscar Rodrigues Cajado Filho, 154, Santo Amaro, 04710190;Oscar Rodrigues Cajado Filho;154;;Santo Amaro;;;04710190;;;;11/01/2022 00:47:58;NULL
2245;27404225;Bap - Sao Paulo;;;;;;;;Giovanni Battista Pirelli, 1980, Vila Homero Thon, 09111340;Giovanni Battista Pirelli;1980;;Vila Homero Thon;;;09111340;;;;11/01/2022 00:47:52;NULL
2246;27404303;Don Marche - Hotel Quality;;;(1) 13744-7209;;;;;Bela Cintra, 521, Consolacao, 01415000;Bela Cintra;521;;Consolacao;;;01415000;;;;11/01/2022 00:47:58;NULL
2247;27404429;Mercadinho Do Bebe;;;;;;;;Vieira De Carvalho, 439, Santa Terezinha, 09210630;Vieira De Carvalho;439;;Santa Terezinha;;;09210630;;;;11/01/2022 00:48:07;NULL
2248;27404121;Risotolandia Marp;;04908058008254;;;;;;Bahia, 7680, Salto Weissbach, 89032002;Bahia;7680;;Salto Weissbach;;;89032002;;;;11/01/2022 00:42:51;NULL
2249;27404331;Flavio Soares - Termomecanica;;;(1) 14366-9777;;;;;João Paulo, 2, Dos Casa, 09845310;João Paulo;2;;Dos Casa;;;09845310;;;;11/01/2022 00:47:59;NULL
2250;27403947;Dibon Santo Amaro;;14148916000360;;;;;;Santo Amaro, 5420, Santo Amaro, 04702000;Santo Amaro;5420;;Santo Amaro;;;04702000;;;;11/01/2022 00:42:36;NULL
2251;27404366;Integral Nutri - Hospital Interlagos;;;(1) 14307-9743;;;;;Leonor Alvim, 11, Interlagos, 04802190;Leonor Alvim;11;;Interlagos;;;04802190;;;;11/01/2022 00:48:02;NULL
2252;27404246;Cond De Adminis De Montes Claros Shop Ce;;;(3) 82143-3000;;;;;Donato Quintino, 90, Cidade Nova, 39400546;Donato Quintino;90;;Cidade Nova;;;39400546;;;;11/01/2022 00:47:54;NULL
2253;27404286;Dia Brasil - Nova Santa Rita - Rs;;;;;;;;Papa João Xxiii, 3059, Loteamento Industrial Coral, 09370800;Papa João Xxiii;3059;;Loteamento Industrial Coral;;;09370800;;;;11/01/2022 00:47:56;NULL
2254;27404036;Murilo;;02398958000108;(1) 12564-7351;;;;;Antonio Caputo, 258, Rio Grande, 09830285;Antonio Caputo;258;;Rio Grande;;;09830285;;;;11/01/2022 00:42:43;NULL
2255;27404099;Restaurante Primeiro Maio;;26456060000107;(1) 12896-0098;;;;;Primeiro De Maio, 167, Centro, 09015030;Primeiro De Maio;167;;Centro;;;09015030;;;;11/01/2022 00:42:49;NULL
2256;27403987;Henz Correa;;06333148000124;;;;;;Saldanha Marinho, 465, Centro, 18200001;Saldanha Marinho;465;;Centro;;;18200001;;;;11/01/2022 00:42:39;NULL
2257;27404115;Risotolandia - Posigraf;;04908058007959;(4) 13641-3140;;;;;Senador Accioly Filho, 511, Cidade Industrial, 81310000;Senador Accioly Filho;511;;Cidade Industrial;;;81310000;;;;11/01/2022 00:42:50;NULL
2258;27403992;Hospital Sao Francisco - Mogi Guacu;;54672449000125;(1) 93851-8000;;;;;Inácio Franco Alves, 561, Parque Cidade Nova, 13845420;Inácio Franco Alves;561;;Parque Cidade Nova;;;13845420;;;;11/01/2022 00:42:39;NULL
2259;27404241;Ceasaq - Risotolandia Eloisa;;;(4) 13641-3189;;;;;Professor Fábio De Souza, 1240, Santa Quitéria, 80310230;Professor Fábio De Souza;1240;;Santa Quitéria;;;80310230;;;;11/01/2022 00:47:53;NULL
2260;27403998;Innova Hospitais Diadema;;08729864000231;(1) 12178-2266;;;;;São Jorge, 98, Centro, 09911070;São Jorge;98;;Centro;;;09911070;;;;11/01/2022 00:42:39;NULL
2261;27404326;Famcar Estetica - Mg;;;(3) 79192-1606;;;;;Rodolfo Jacob, 127, Barreiro, 30640480;Rodolfo Jacob;127;;Barreiro;;;30640480;;;;11/01/2022 00:47:59;NULL
2262;27404221;Autostar Grupo;;;(1) 12344-4444;;;;;Morumbi, 6989, Morumbi, 05650002;Morumbi;6989;;Morumbi;;;05650002;;;;11/01/2022 00:47:52;NULL
2263;27404386;Lbgs - Cd Santo Andre;;;(1) 14428-1490;;;;;Araçatuba, 416, Santa Maria, 09071310;Araçatuba;416;;Santa Maria;;;09071310;;;;11/01/2022 00:48:03;NULL
2264;27404442;Nutri Hospitalar - Ipiranga;;;(1) 42106-9600;;;;;Nazaré, 28, Ipiranga, 04262100;Nazaré;28;;Ipiranga;;;04262100;;;;11/01/2022 00:48:08;NULL
2265;27404256;Condominio Esplanada;;;(1) 14990-1394;;;;;Padre Manoel De Paiva, 355, Jardim, 09070230;Padre Manoel De Paiva;355;;Jardim;;;09070230;;;;11/01/2022 00:47:54;NULL
2266;27404304;Don Marche Grupo;;;;;;;;Acuruí, 72, Vila Formosa, 03355000;Acuruí;72;;Vila Formosa;;;03355000;;;;11/01/2022 00:47:58;NULL
2267;27404214;Andre;;;;;;;;Itapicuru, 801, Perdizes, 05006000;Itapicuru;801;;Perdizes;;;05006000;;;;11/01/2022 00:47:52;NULL
2268;27404119;Risotolandia - Ribeirao Das Neves;;76900463002620;(4) 13641-3189;;;;;José Carlos Costa, 688, Liberdade, 33822722;José Carlos Costa;688;;Liberdade;;;33822722;;;;11/01/2022 00:42:51;NULL
2269;27404131;Sdt 3 Centro Comercial Ltda.;;02463746000167;(1) 14788-3800;;;;;Régis Bittencourt, Cidade Intercap, 06768200;Régis Bittencourt;;;Cidade Intercap;;;06768200;;;;11/01/2022 00:42:52;NULL
2270;27404132;Shopping Praca Nova Santa Maria;;29014281000113;(5) 53304-2636;;;;;Irmã Dulce, 550, Renascença, 97030630;Irmã Dulce;550;;Renascença;;;97030630;;;;11/01/2022 00:42:52;NULL
2271;27404350;Hide Dos Anjos Sateles;;;;;;;;Indianópolis, 2737, Indianópolis, 04063005;Indianópolis;2737;;Indianópolis;;;04063005;;;;11/01/2022 00:48:01;NULL
2272;27404153;Unimed;;59629519000186;;;;;;Tiradentes, 245, Vila Assunção, 09030560;Tiradentes;245;;Vila Assunção;;;09030560;;;;11/01/2022 00:42:54;NULL
2273;27403980;Gisela Souza Da Silva;;22260496814;;;;;;Adolfo Bastos, 847, Vila Bastos, 09041000;Adolfo Bastos;847;;Vila Bastos;;;09041000;;;;11/01/2022 00:42:38;NULL
2274;27404171;West Plaza Shopping;;09043953000101;(1) 13677-4055;;;;;Francisco Matarazzo 455, Água Branca, 05001900;Francisco Matarazzo 455;;;Água Branca;;;05001900;;;;11/01/2022 00:42:55;NULL
2275;27404003;Izabel Veras;;87468514372;;;;;;Alaíde Marques, 1172, Ininga, 64049790;Alaíde Marques;1172;;Ininga;;;64049790;;;;11/01/2022 00:42:40;NULL
2276;27404093;Rascal Vila Lobos;;02509375000107;(1) 13024-3710;;;;;Nacoes Unidas, 4777, Alto De Pinheiros, 05477000;Nacoes Unidas;4777;;Alto De Pinheiros;;;05477000;;;;11/01/2022 00:42:48;NULL
2277;27404441;Novilho - Npi Leo;;;(1) 15061-5260;;;;;Arcipreste Ezequias, 826, Vila São José (Ipiranga), 04271060;Arcipreste Ezequias;826;;Vila São José (Ipiranga);;;04271060;;;;11/01/2022 00:48:08;NULL
2278;27404157;Varanda - Cd - Vila Morse;;62498365000579;;;;;;Manuel Jacinto, 1284, Vila Morse, 05624001;Manuel Jacinto;1284;;Vila Morse;;;05624001;;;;11/01/2022 00:42:54;NULL
2279;27404239;Cathita Comerc;;;(1) 14233-6827;;;;;Maranguá, 291, Olímpico, 09540620;Maranguá;291;;Olímpico;;;09540620;;;;11/01/2022 00:47:53;NULL
2280;27404342;Grupo - Sky Asia;;;(1) 14577-0399;;;;;Capitao Pacheco Chaves, 313, Mooca, 03126000;Capitao Pacheco Chaves;313;;Mooca;;;03126000;;;;11/01/2022 00:48:00;NULL
2281;27403971;Fernando Kinukawa;;19476278803;;;;;;Santo Amaro, 201, Bela Vista, 01315000;Santo Amaro;201;;Bela Vista;;;01315000;;;;11/01/2022 00:42:38;NULL
2282;27404082;Rascal Alameda Santos;;66546565000187;(1) 13141-0692;;;;;Paulista, 807, Bela Vista, 01311100;Paulista;807;;Bela Vista;;;01311100;;;;11/01/2022 00:42:48;NULL
2283;27404094;Recanto Dos Avos;;43516087000167;(1) 12467-0221;;;;;Do Saboo, 753, Jardim São João, 07152000;Do Saboo;753;;Jardim São João;;;07152000;;;;11/01/2022 00:42:48;NULL
2284;27404233;C Vale - Palotina;;;(4) 12033-0599;;;;;Independencia, 2347, Centro, 85950000;Independencia;2347;;Centro;;;85950000;;;;11/01/2022 00:47:53;NULL
2285;27404425;Marita - Oakberry Ipiranga;;;;;;;;Bom Pastor, 1592, Ipiranga, 04203003;Bom Pastor;1592;;Ipiranga;;;04203003;;;;11/01/2022 00:48:06;NULL
2286;27404185;A A Afonso;;;(1) 13757-2264;;;;;Santo André, 232, Vila Assunção, 09020230;Santo André;232;;Vila Assunção;;;09020230;;;;11/01/2022 00:47:50;NULL
2287;27404332;Florali;;;;;;;;Vupabussu, 219, Pinheiros, 05429040;Vupabussu;219;;Pinheiros;;;05429040;;;;11/01/2022 00:47:59;NULL
2288;27404347;Gse - Rib.Pires - Ex.Ceres;;;(1) 13199-2814;;;;;Salvador Rípoli, 2280, Santa Luzia, 09431360;Salvador Rípoli;2280;;Santa Luzia;;;09431360;;;;11/01/2022 00:48:00;NULL
2289;27403996;Igor Paulino;;27273158801;(1) 14433-0980;;;;;Gertrudes De Lima, 238, Centro, 09020000;Gertrudes De Lima;238;;Centro;;;09020000;;;;11/01/2022 00:42:39;NULL
2290;27404417;Lhp2 - Oakberry Santo Amaro;;;;;;;;Santo Amaro, 5010, Santo Amaro, 04702000;Santo Amaro;5010;;Santo Amaro;;;04702000;;;;11/01/2022 00:48:06;NULL
2291;27403961;Emporium São Paulo - Jurema;;66533696000120;(1) 15054-8000;;;;;Jurema, 271, Indianópolis, 04079001;Jurema;271;;Indianópolis;;;04079001;;;;11/01/2022 00:42:37;NULL
2292;27404124;Rodopan;;00849291000278;(1) 12955-5457;;;;;Carmópolis De Minas, 1045, Vila Maria, 02116010;Carmópolis De Minas;1045;;Vila Maria;;;02116010;;;;11/01/2022 00:42:52;NULL
2293;27404024;Manduu;;32103233000106;;;;;;Das Bandeiras, 266, Jardim, 09090780;Das Bandeiras;266;;Jardim;;;09090780;;;;11/01/2022 00:42:42;NULL
2294;27404105;Risotolandia  - Juiz De Fora;;04908058005581;(4) 13641-3189;;;;;Presidente Juscelino Kubitscheck, 273, Industrial, 36081000;Presidente Juscelino Kubitscheck;273;;Industrial;;;36081000;;;;11/01/2022 00:42:49;NULL
2295;27404209;Aliansce Sonae - Shopping Sao Gonçalo;;;;;;;;Br-101, 100, Boa Vista, 24466310;Br-101;100;;Boa Vista;;;24466310;;;;11/01/2022 00:47:51;NULL
2296;27403984;Grupo Kess;;05645597000145;(1) 14577-0399;;;;;Pedro De Toledo, 977, Jardim Santa Lídia, 07140000;Pedro De Toledo;977;;Jardim Santa Lídia;;;07140000;;;;11/01/2022 00:42:38;NULL
2297;27404234;Cabana Burguer - Escritorio Central;;;(1) 12307-1918;;;;;Rio Negro, 161, Alphaville Centro Industrial E Empresarial/Alphavi, 06454000;Rio Negro;161;;Alphaville Centro Industrial E Empresarial/Alphavi;;;06454000;;;;11/01/2022 00:47:53;NULL
2298;27404409;Lbgs - Munic. Sto Andre;;;(1) 14428-1490;;;;;João Ramalho, 326, Vila Assunção, 09030320;João Ramalho;326;;Vila Assunção;;;09030320;;;;11/01/2022 00:48:05;NULL
2299;27403974;Florali;;31629024000138;;;;;;Vupabussu, 219, Pinheiros, 05429040;Vupabussu;219;;Pinheiros;;;05429040;;;;11/01/2022 00:42:38;NULL
2300;27404248;Cond Franca Shopping Center;;;;;;;;Rio Negro, 110, Sao Miguel, 14406005;Rio Negro;110;;Sao Miguel;;;14406005;;;;11/01/2022 00:47:54;NULL
2301;27404275;Daff Grupo;;;(1) 14577-0399;;;;;Firestone, 1603, Silveira, 09195470;Firestone;1603;;Silveira;;;09195470;;;;11/01/2022 00:47:56;NULL
2302;27404206;Agrodanieli - Vila Langaro;;;(5) 43344-4200;;;;;Rodovia Rs 463 Km 14,5, Linha Schleder, 99950000;Rodovia Rs 463 Km 14,5;;;Linha Schleder;;;99950000;;;;11/01/2022 00:47:51;NULL
2303;27404220;Auto Posto Guigui;;;;;;;;Das Monções, 618, Jardim, 09090521;Das Monções;618;;Jardim;;;09090521;;;;11/01/2022 00:47:52;NULL
2304;27404210;All Parmegiana - Grupo;;;(1) 14543-2273;;;;;Antônia Rosa Fioravanti, 3270, Jardim Rosina, 09390120;Antônia Rosa Fioravanti;3270;;Jardim Rosina;;;09390120;;;;11/01/2022 00:47:51;NULL
2305;27404415;Lbgs Hospital Nhocune;;;(1) 14428-1490;;;;;Alves Maldonado, 182, Vila Nhocune, 03558050;Alves Maldonado;182;;Vila Nhocune;;;03558050;;;;11/01/2022 00:48:06;NULL
2306;27404076;Ponto Ka;;32450388000119;;;;;;Paulo Faccini, 1337, Macedo, 07111000;Paulo Faccini;1337;;Macedo;;;07111000;;;;11/01/2022 00:42:47;NULL
2307;27404108;Risotolandia - Duque De Caxias;;04908058005158;(4) 13641-3189;;;;;Kennedy, 100, Parque Boa Vista Ii, 25085370;Kennedy;100;;Parque Boa Vista Ii;;;25085370;;;;11/01/2022 00:42:49;NULL
2308;27404137;Sociedade Portuguesa De Benef.De S.Andre;;57507402000102;(1) 12198-5000;;;;;Portugal, 530, Jardim Bela Vista, 09040000;Portugal;530;;Jardim Bela Vista;;;09040000;;;;11/01/2022 00:42:53;NULL
2309;27404237;Carvalho - Camilopolis;;;(1) 14996-9010;;;;;Alemanha, 1204, Vila Camilópolis, 09240001;Alemanha;1204;;Vila Camilópolis;;;09240001;;;;11/01/2022 00:47:53;NULL
2310;27404001;Irh Servicos;;12840447000158;;;;;;Artur De Queirós, 73, Casa Branca, 09015510;Artur De Queirós;73;;Casa Branca;;;09015510;;;;11/01/2022 00:42:40;NULL
2311;27404391;Lbgs - Hc Instituto Da Criança;;;(1) 14428-1490;;;;;Doutor Enéas Carvalho De Aguiar, 647, Cerqueira Cesar, 05403000;Doutor Enéas Carvalho De Aguiar;647;;Cerqueira Cesar;;;05403000;;;;11/01/2022 00:48:04;NULL
2312;27404341;Grupo - Integral Nutri;;;(1) 14577-0399;;;;;Leonor Alvim, 11, Interlagos, 04802190;Leonor Alvim;11;;Interlagos;;;04802190;;;;11/01/2022 00:48:00;NULL
2313;27404422;Lumini Motel;;;(1) 12197-0666;;;;;Rubens Meireles, 477, Várzea Da Barra Funda, 01141000;Rubens Meireles;477;;Várzea Da Barra Funda;;;01141000;;;;11/01/2022 00:48:06;NULL
2314;27404345;Grupo Padaria Brasileira;;;;;;;;;;;;;;;;;;;11/01/2022 00:48:00;NULL
2315;27404118;Risotolandia - Renner;;04908058008688;(4) 16341-3160;;;;;Rs-118, 6511, Neópolis, 94100420;Rs-118;6511;;Neópolis;;;94100420;;;;11/01/2022 00:42:51;NULL
2316;27404213;Ana Luiza Zuccolotto;;;;;;;;Alves Guimarães, 408, Pinheiros, 05410000;Alves Guimarães;408;;Pinheiros;;;05410000;;;;11/01/2022 00:47:52;NULL
2317;27403952;Double Hotelaria;;08744855000139;(1) 12339-2771;;;;;Mediterrâneo, 370, Vila São João, 09750420;Mediterrâneo;370;;Vila São João;;;09750420;;;;11/01/2022 00:42:36;NULL
2318;27403934;Dal Pozzo;;01546213000186;;;;;;Benjamim Egas, 66, Pinheiros, 05418030;Benjamim Egas;66;;Pinheiros;;;05418030;;;;11/01/2022 00:42:35;NULL
2319;27404164;Vhp2 - Oakberry;;35152184000190;;;;;;Japão, 980, Jardim Santo Antonio, 09240171;Japão;980;;Jardim Santo Antonio;;;09240171;;;;11/01/2022 00:42:55;NULL
2320;27404228;Bergamo & Massola;;;;;;;;Tocantins 75, 75, Alphaville Industrial, 06455930;Tocantins 75;75;;Alphaville Industrial;;;06455930;;;;11/01/2022 00:47:53;NULL
2321;27404313;Ecn Pronutri - Metalur Filial;;;(1) 13195-4249;;;;;Estr. Do Zilo, 1200, Honda, 18147000;Estr. Do Zilo;1200;;Honda;;;18147000;;;;11/01/2022 00:47:58;NULL
2322;27404041;Nutri Massa;;05195662000188;(1) 14109-1848;;;;;Dos Casa, 2551, Dos Casa, 09840000;Dos Casa;2551;;Dos Casa;;;09840000;;;;11/01/2022 00:42:43;NULL
2323;27403981;Gp Transportes;;07577114000148;(1) 12296-3815;;;;;Monteiro Lobato, 4550, Cidade Jardim Cumbica, 07180000;Monteiro Lobato;4550;;Cidade Jardim Cumbica;;;07180000;;;;11/01/2022 00:42:38;NULL
2324;27403990;Hortifruti Nacoes Ltda;;33952844000191;(1) 14701-6514;;;;;Das Nações, 2171, Parque Capuava, 09270260;Das Nações;2171;;Parque Capuava;;;09270260;;;;11/01/2022 00:42:39;NULL
2325;27404008;Jl Budoia;;10785828000156;(1) 12211-0070;;;;;Igaratinga, 188, Vila Santa Clara, 03273400;Igaratinga;188;;Vila Santa Clara;;;03273400;;;;11/01/2022 00:42:40;NULL
2326;27404290;Dia Minas Gerais;;;(1) 13886-8610;;;;;Papa João Xxiii 2732, 3059, Vila Noemia, 09370900;Papa João Xxiii 2732;3059;;Vila Noemia;;;09370900;;;;11/01/2022 00:47:57;NULL
2327;27404279;Daiana Tecnico Fernando;;;(4) 89624-9175;;;;;Luiz Fagundes, 2390, Picadas Do Sul, 88106000;Luiz Fagundes;2390;;Picadas Do Sul;;;88106000;;;;11/01/2022 00:47:56;NULL
2328;27404190;Abatedouro De Aves Ideal - Pereiras;;;(1) 43888-1370;;;;;Vereador Marcos Martins, 99, Zona Indl Pereiras, 18580000;Vereador Marcos Martins;99;;Zona Indl Pereiras;;;18580000;;;;11/01/2022 00:47:50;NULL
2329;27404070;Pharmacia Silva Bueno;;48935332000194;(1) 13614-6900;;;;;Silva Bueno, 1488, Ipiranga, 04208001;Silva Bueno;1488;;Ipiranga;;;04208001;;;;11/01/2022 00:42:46;NULL
2330;27404355;Hs 2007 - Sky Asia;;;;;;;;Domingos De Morais, 2564, Vila Mariana, 04036100;Domingos De Morais;2564;;Vila Mariana;;;04036100;;;;11/01/2022 00:48:01;NULL
2331;27404218;Asservo;;;(1) 14210-0119;;;;;Antônio Cardoso Franco, 155, Casa Branca, 09015530;Antônio Cardoso Franco;155;;Casa Branca;;;09015530;;;;11/01/2022 00:47:52;NULL
2332;27404235;Camila - Pronutri;;;;;;;;Padre Manoel Da Nóbrega, 354, Bandeiras, 06160010;Padre Manoel Da Nóbrega;354;;Bandeiras;;;06160010;;;;11/01/2022 00:47:53;NULL
2333;27404249;Cond Passeio Das Aguas Shopping;;;(1) 13371-4133;;;;;Perimetral Norte, Fazenda Caveiras, 74445360;Perimetral Norte;;;Fazenda Caveiras;;;74445360;;;;11/01/2022 00:47:54;NULL
2334;27404149;Theuss - Delivery Morumbi;;43184152000102;;;;;;Oscar Rodrigues Cajado Filho, 154, Santo Amaro, 04710190;Oscar Rodrigues Cajado Filho;154;;Santo Amaro;;;04710190;;;;11/01/2022 00:42:54;NULL
2335;27404067;Pgr - Coplac Curitiba;;17776957002251;(1) 12985-7802;;;;;João Lunardelli, 1651, Cidade Industrial, 81460100;João Lunardelli;1651;;Cidade Industrial;;;81460100;;;;11/01/2022 00:42:45;NULL
2336;27404356;Hs Grand Plaza - Sky Asia;;;;;;;;Industrial, 600, Jardim, 09080500;Industrial;600;;Jardim;;;09080500;;;;11/01/2022 00:48:01;NULL
2337;27404039;Novilho - Npi Leo;;96389929000123;(1) 15061-5260;;;;;Arcipreste Ezequias, 826, Vila São José (Ipiranga), 04271060;Arcipreste Ezequias;826;;Vila São José (Ipiranga);;;04271060;;;;11/01/2022 00:42:43;NULL
2338;27404002;Its Cool - Colegio Santa Maria;;26222345000183;(4) 13641-3140;;;;;Luiz Franceschi, 657, Thomaz Coelho, 83707072;Luiz Franceschi;657;;Thomaz Coelho;;;83707072;;;;11/01/2022 00:42:40;NULL
2339;27404346;Grupo Varanda;;;;;;;;;;;;;;;;;;;11/01/2022 00:48:00;NULL
2340;27404154;Unishopping - Aliance Sonae;;03958025000190;(1) 13371-3672;;;;;Doutor Cardoso De Melo, 1184, Vila Olimpia, 04548004;Doutor Cardoso De Melo;1184;;Vila Olimpia;;;04548004;;;;11/01/2022 00:42:54;NULL
2341;27404128;Sacia Vl Prudente;;59229583000170;(1) 13384-8390;;;;;Pires Pimentel, 305, Parque Da Vila Prudente, 03138040;Pires Pimentel;305;;Parque Da Vila Prudente;;;03138040;;;;11/01/2022 00:42:52;NULL
2342;27403986;Henrique Aparecido;;23472856000165;;;;;;Carioca, 375, Vila Carioca, 04225001;Carioca;375;;Vila Carioca;;;04225001;;;;11/01/2022 00:42:39;NULL
2343;27404426;Marrma - Zucco Morumbi;;;(1) 13083-7406;;;;;Roque Petroni Júnior 1089, 1089, Jardim Das Acácias, 04707900;Roque Petroni Júnior 1089;1089;;Jardim Das Acácias;;;04707900;;;;11/01/2022 00:48:07;NULL
2344;27404244;Conca & Bartie Acaiteria;;;;;;;;Ômega, 174, Melville Empresarial I E Ii, 06472005;Ômega;174;;Melville Empresarial I E Ii;;;06472005;;;;11/01/2022 00:47:54;NULL
2345;27404434;Monte Carlo;;;;;;;;Vitória, 116, Vila Assunção, 09030050;Vitória;116;;Vila Assunção;;;09030050;;;;11/01/2022 00:48:07;NULL
2346;27404445;Nutr'S - Bom Peixe Fabrica;;;;;;;;João Franco De Oliveira, 980, Unileste, 13422160;João Franco De Oliveira;980;;Unileste;;;13422160;;;;11/01/2022 00:48:08;NULL
2347;27404030;Mercadominio;;28165341000136;;;;;;Giovanni Gronchi, 6829, Vila Andrade, 05724003;Giovanni Gronchi;6829;;Vila Andrade;;;05724003;;;;11/01/2022 00:42:42;NULL
2348;27404227;Bb;;;(1) 13647-4000;;;;;Mofarrej, 1504, Vila Leopoldina, 05311000;Mofarrej;1504;;Vila Leopoldina;;;05311000;;;;11/01/2022 00:47:53;NULL
2349;27404305;Double Hotelaria;;;(1) 12339-2771;;;;;Mediterrâneo, 370, Vila São João, 09750420;Mediterrâneo;370;;Vila São João;;;09750420;;;;11/01/2022 00:47:58;NULL
2350;27404349;Henz Correa;;;;;;;;Saldanha Marinho, 465, Centro, 18200001;Saldanha Marinho;465;;Centro;;;18200001;;;;11/01/2022 00:48:01;NULL
2351;27404163;Vertico Bauru Empreendimentos Imob Ltda;;10193021000124;(2) 12176-7272;;;;;General Marcondes Salgado, Chácara Das Flores, 17013113;General Marcondes Salgado;;;Chácara Das Flores;;;17013113;;;;11/01/2022 00:42:55;NULL
2352;27404308;Driggo Restaurante Ltda - Nao Usar;;;;;;;;Capote Valente, 787, Pinheiros, 05409002;Capote Valente;787;;Pinheiros;;;05409002;;;;11/01/2022 00:47:58;NULL
2353;27404078;Pragelato - Oakberry;;35901457000151;;;;;;Vieira De Morais, 913, Campo Belo, 04617012;Vieira De Morais;913;;Campo Belo;;;04617012;;;;11/01/2022 00:42:47;NULL
2354;27404087;Rascal Iguatemi;;02509372000173;(1) 13816-3546;;;;;Brigadeiro Faria Lima, 2232, Jardim Paulistano, 01451000;Brigadeiro Faria Lima;2232;;Jardim Paulistano;;;01451000;;;;11/01/2022 00:42:48;NULL
2355;27404074;Planta Baixa Engenharia;;31036677000103;;;;;;Das Palmeiras, 680, Jardim, 09080160;Das Palmeiras;680;;Jardim;;;09080160;;;;11/01/2022 00:42:47;NULL
2356;27403967;F L Pedreira - Oakberry Raposo Shopping;;30224183000270;(1) 12096-8898;;;;;Raposo Tavares, 3779, Jardim Arpoador, 05577300;Raposo Tavares;3779;;Jardim Arpoador;;;05577300;;;;11/01/2022 00:42:37;NULL
2357;27404379;Karolina - Kess;;;;;;;;Pedro De Toledo, 977, Jardim Santa Lídia, 07140000;Pedro De Toledo;977;;Jardim Santa Lídia;;;07140000;;;;11/01/2022 00:48:03;NULL
2358;27404382;Klm Canindé;;;;;;;;Sargento Jeter Augusto Pereira, 40, Parque Novo Mundo, 02188070;Sargento Jeter Augusto Pereira;40;;Parque Novo Mundo;;;02188070;;;;11/01/2022 00:48:03;NULL
2359;27404335;Frutiquello;;;(1) 14819-6858;;;;;Orazio Stanco, 292, Parque Dos Eucaliptos, 07832040;Orazio Stanco;292;;Parque Dos Eucaliptos;;;07832040;;;;11/01/2022 00:48:00;NULL
2360;27404251;Cond Shopping Praca Nova Aracatuba;;;(1) 83607-6000;;;;;Carlos Pereira Da Silva, 6000, Guanabara, 16026035;Carlos Pereira Da Silva;6000;;Guanabara;;;16026035;;;;11/01/2022 00:47:54;NULL
2361;27404413;Lbgs Grupo;;;(1) 14428-1490;;;;;Acuruí, 72, Vila Formosa, 03355000;Acuruí;72;;Vila Formosa;;;03355000;;;;11/01/2022 00:48:06;NULL
2362;27404215;Ap. Av. Dos Estados;;;;;;;;Dos Estados, 1586, Santa Terezinha, 09210580;Dos Estados;1586;;Santa Terezinha;;;09210580;;;;11/01/2022 00:47:52;NULL
2363;27403977;Frutiquello;;01327274000152;(1) 14819-6858;;;;;Orazio Stanco, 292, Parque Dos Eucaliptos, 07832040;Orazio Stanco;292;;Parque Dos Eucaliptos;;;07832040;;;;11/01/2022 00:42:38;NULL
2364;27404064;Pedro Paulo Rodarte Almeida;;00527170119;;;;;;Pau Brasil, Sul (Águas Claras), 71926000;Pau Brasil;;;Sul (Águas Claras);;;71926000;;;;11/01/2022 00:42:45;NULL
2365;27404388;Lbgs - Clinica Botucatu;;;(1) 14428-1490;;;;;Araçatuba, 416, Santa Maria, 09071310;Araçatuba;416;;Santa Maria;;;09071310;;;;11/01/2022 00:48:03;NULL
2366;27404293;Dibon Lins Cambuci;;;(1) 13204-2232;;;;;Lins De Vasconcelos, 733, Cambuci, 01537000;Lins De Vasconcelos;733;;Cambuci;;;01537000;;;;11/01/2022 00:47:57;NULL
2367;27404283;Ddrim Itu;;;(1) 14024-9495;;;;;Bahia, 202, Brasil, 13301430;Bahia;202;;Brasil;;;13301430;;;;11/01/2022 00:47:56;NULL
2368;27404263;Cookless;;;(1) 14385-6488;;;;;São Paulo, 444, Cidade Intercap, 06757170;São Paulo;444;;Cidade Intercap;;;06757170;;;;11/01/2022 00:47:55;NULL
2369;27404139;Sucos - Oakberry Belo Horizonte;;29028729000158;;;;;;Dos Bandeirantes, 1653, Anchieta, 30310403;Dos Bandeirantes;1653;;Anchieta;;;30310403;;;;11/01/2022 00:42:53;NULL
2370;27403953;Driggo - Delivery Zucco;;38099989000296;(1) 13083-7406;;;;;Oscar Rodrigues Cajado Filho, 154, Santo Amaro, 04710190;Oscar Rodrigues Cajado Filho;154;;Santo Amaro;;;04710190;;;;11/01/2022 00:42:36;NULL
2371;27404073;Piu Rest.Higienopolis-Renato;;21578185000439;;;;;;Higienópolis, 646, Higienopolis, 01238000;Higienópolis;646;;Higienopolis;;;01238000;;;;11/01/2022 00:42:47;NULL
2372;27404050;Oakberry Caninde;;30084135000143;(1) 19991-3164;;;;;Cruzeiro Do Sul, Canindé, 02030100;Cruzeiro Do Sul;;;Canindé;;;02030100;;;;11/01/2022 00:42:44;NULL
2373;27404125;Rotisserie;;48719264000126;(1) 14347-9047;;;;;Mateos Demarchi, 156, Demarchi, 09820270;Mateos Demarchi;156;;Demarchi;;;09820270;;;;11/01/2022 00:42:52;NULL
2374;27403991;Hospital Central;;44402675000132;;;;;;Manoel Coelho, 845, Santo Antonio, 09510112;Manoel Coelho;845;;Santo Antonio;;;09510112;;;;11/01/2022 00:42:39;NULL
2375;27404396;Lbgs - Hosp. Mandaqui;;;(1) 14428-1490;;;;;Voluntários Da Pátria, 4301, Santana, 02401400;Voluntários Da Pátria;4301;;Santana;;;02401400;;;;11/01/2022 00:48:04;NULL
2376;27404123;Rm - Luis Fernando;;03811386000100;(1) 14577-0399;;;;;Doutor Samuel Porto, 351, Saúde, 04054010;Doutor Samuel Porto;351;;Saúde;;;04054010;;;;11/01/2022 00:42:52;NULL
2377;27404410;Lbgs - Nilpel 2 Maua;;;(1) 14428-1490;;;;;Doutor Ulisses Guimarães, Vila Assis Brasil, 09370825;Doutor Ulisses Guimarães;;;Vila Assis Brasil;;;09370825;;;;11/01/2022 00:48:05;NULL
2378;27404135;Skw;;26280182000195;(1) 13370-0571;;;;;Natalia Zarif, 2655, Jardim São Geraldo, 07140040;Natalia Zarif;2655;;Jardim São Geraldo;;;07140040;;;;11/01/2022 00:42:52;NULL
2379;27404291;Dibon - Sacoma;;;;;;;;Padre Arlindo Vieira, 3255, Jardim Vergueiro (Sacomã), 04166003;Padre Arlindo Vieira;3255;;Jardim Vergueiro (Sacomã);;;04166003;;;;11/01/2022 00:47:57;NULL
2380;27404217;Apm Da Ee Jose De San Martin;;;;;;;;Delta, 79, Jardim Nair, 08071060;Delta;79;;Jardim Nair;;;08071060;;;;11/01/2022 00:47:52;NULL
2381;27404169;Wagner;;03232149839;;;;;;Bartolomeu De Gusmão, 97, Jardim Santa Francisca, 07024010;Bartolomeu De Gusmão;97;;Jardim Santa Francisca;;;07024010;;;;11/01/2022 00:42:55;NULL
2382;27404340;Gratin - All Maua;;;(1) 14543-2273;;;;;Antônia Rosa Fioravanti, 3270, Jardim Rosina, 09390120;Antônia Rosa Fioravanti;3270;;Jardim Rosina;;;09390120;;;;11/01/2022 00:48:00;NULL
2383;27404081;Raft Embalagens - Renan;;02496442000287;;;;;;João Batista Nogueira, 686, Vila Nova Cumbica, 07230451;João Batista Nogueira;686;;Vila Nova Cumbica;;;07230451;;;;11/01/2022 00:42:48;NULL
2384;27404090;Rascal Leblon - Rsle - Outro Local De En;;08257028000110;(2) 12259-6437;;;;;Ayrton Senna 2150, 2150, Barra Da Tijuca, 22775900;Ayrton Senna 2150;2150;;Barra Da Tijuca;;;22775900;;;;11/01/2022 00:42:48;NULL
2385;27404098;Rental Festa;;03070939000110;(1) 12067-6717;;;;;Dom Pedro Ii, 1874, Campestre, 09080001;Dom Pedro Ii;1874;;Campestre;;;09080001;;;;11/01/2022 00:42:49;NULL
2386;27404380;Kess Buffet;;;(1) 12422-7855;;;;;Salgado De Castro, 78, Vila Sorocabana, 07025245;Salgado De Castro;78;;Vila Sorocabana;;;07025245;;;;11/01/2022 00:48:03;NULL
2387;27404207;Aguas Petropolis;;;;;;;;Professor Vicente Rao, 500, Santo Amaro, 04605000;Professor Vicente Rao;500;;Santo Amaro;;;04605000;;;;11/01/2022 00:47:51;NULL
2388;27404262;Condominio Shopping Center Plaza Sul;;;;;;;;Leonor Kaupa, 100, Bosque Da Saúde, 04151100;Leonor Kaupa;100;;Bosque Da Saúde;;;04151100;;;;11/01/2022 00:47:55;NULL
2389;27404212;American Star;;;(1) 15180-8400;;;;;Professor Francisco Morato, 1706, Butanta, 05512200;Professor Francisco Morato;1706;;Butanta;;;05512200;;;;11/01/2022 00:47:52;NULL
2390;27404271;Cristalia - Belem;;;(1) 13744-7209;;;;;Condessa Elisabeth De Robiano, 750, Vila Moreira, 03074000;Condessa Elisabeth De Robiano;750;;Vila Moreira;;;03074000;;;;11/01/2022 00:47:55;NULL
2391;27404053;Okker Alimentos;;08225360000101;(1) 12723-8211;;;;;Gedivaldo Calixto De Souza, 251, Vila Nova York, 03479030;Gedivaldo Calixto De Souza;251;;Vila Nova York;;;03479030;;;;11/01/2022 00:42:44;NULL
2392;27404116;Risotolandia - Praia Club;;04908058009307;(4) 13641-3189;;;;;Primo Crosara, 291, Patrimônio, 38411076;Primo Crosara;291;;Patrimônio;;;38411076;;;;11/01/2022 00:42:50;NULL
2393;27404057;Paes;;00027322000124;(1) 14437-3545;;;;;Das Figueiras, 664, Campestre, 09080300;Das Figueiras;664;;Campestre;;;09080300;;;;11/01/2022 00:42:44;NULL
2394;27404364;Integral - Passos Da Patria;;;(1) 12521-8894;;;;;Passo Da Pátria, 1651, Bela Aliança, 05085000;Passo Da Pátria;1651;;Bela Aliança;;;05085000;;;;11/01/2022 00:48:02;NULL
2395;27404285;Dia Americana;;;(1) 13886-8610;;;;;Papa João Xxiii, 3059, Loteamento Industrial Coral, 09370800;Papa João Xxiii;3059;;Loteamento Industrial Coral;;;09370800;;;;11/01/2022 00:47:56;NULL
2396;27404032;Michelle Silva Carvalho De Jesus;;42267020858;(1) 14366-9777;;;;;Serra Do Japi, 47, Cooperativa, 09855260;Serra Do Japi;47;;Cooperativa;;;09855260;;;;11/01/2022 00:42:42;NULL
2397;27404104;Risa Class - Sta Rosa Do Viterbo;;00212426000613;(4) 13641-3189;;;;;Pavimentacao Asfaltica, 322, Fazenda Amalia, 14270000;Pavimentacao Asfaltica;322;;Fazenda Amalia;;;14270000;;;;11/01/2022 00:42:49;NULL
2398;27403968;F.G.R - Prime Alimentação - Interlagos;;09621493000151;;;;;;Pedro Santalúcia, 250, Interlagos, 04815250;Pedro Santalúcia;250;;Interlagos;;;04815250;;;;11/01/2022 00:42:37;NULL
2399;27404236;Capaci;;;(1) 12602-4300;;;;;Vereador Abel Ferreira, 320, Vila Regente Feijo, 03340000;Vereador Abel Ferreira;320;;Vila Regente Feijo;;;03340000;;;;11/01/2022 00:47:53;NULL
2400;27404219;Associação Love;;;;;;;;Pedro Morganti, 147, Vila Mariana, 04020070;Pedro Morganti;147;;Vila Mariana;;;04020070;;;;11/01/2022 00:47:52;NULL
2401;27404371;Izabel Veras;;;;;;;;Alaíde Marques, 1172, Ininga, 64049790;Alaíde Marques;1172;;Ininga;;;64049790;;;;11/01/2022 00:48:02;NULL
2402;27403960;Emporium Sao Paulo - Irai;;66533696000391;(1) 15534-4600;;;;;Iraí, 675, Indianópolis, 04082002;Iraí;675;;Indianópolis;;;04082002;;;;11/01/2022 00:42:37;NULL
2403;27403994;Hs Grand Plaza - Sky Asia;;13693565000143;;;;;;Industrial, 600, Jardim, 09080500;Industrial;600;;Jardim;;;09080500;;;;11/01/2022 00:42:39;NULL
2404;27404186;A.R.W - Oggi Restaurante;;;(1) 15054-6230;;;;;Oswaldo Casimiro Muller, 76, Cidade Monções, 04571030;Oswaldo Casimiro Muller;76;;Cidade Monções;;;04571030;;;;11/01/2022 00:47:50;NULL
2405;27404443;Nutri Massa;;;(1) 14109-1848;;;;;Dos Casa, 2551, Dos Casa, 09840000;Dos Casa;2551;;Dos Casa;;;09840000;;;;11/01/2022 00:48:08;NULL
2406;27404028;Mc Afonso;;07611230000136;(1) 14994-1027;;;;;José Caballero, 189, Vila Bastos, 09040210;José Caballero;189;;Vila Bastos;;;09040210;;;;11/01/2022 00:42:42;NULL
2407;27404307;Driggo - Zucco Delivery;;;(1) 14898-8364;;;;;Cardeal Arcoverde, 451, Pinheiros, 05409003;Cardeal Arcoverde;451;;Pinheiros;;;05409003;;;;11/01/2022 00:47:58;NULL
2408;27404282;Dddrin;;;(1) 13488-9644;;;;;General Francisco Morazan, 135, Vila Sônia, 05626010;General Francisco Morazan;135;;Vila Sônia;;;05626010;;;;11/01/2022 00:47:56;NULL
2409;27403935;Daniele;;81686862334;;;;;;Dalmácia, 421, Parque Novo Oratório, 09260050;Dalmácia;421;;Parque Novo Oratório;;;09260050;;;;11/01/2022 00:42:35;NULL
2410;27404023;Maicon Alex Sander Ezidio;;35538194000168;;;;;;Cristiano Lobe, 119, Cidade Tiradentes, 08475340;Cristiano Lobe;119;;Cidade Tiradentes;;;08475340;;;;11/01/2022 00:42:42;NULL
2411;27404122;Risotolandia -Tcp  Paranagua;;04908058007282;(4) 13641-3140;;;;;Portuaria, Dom Pedro Ii, 83203800;Portuaria;;;Dom Pedro Ii;;;83203800;;;;11/01/2022 00:42:52;NULL
2412;27404418;Logfarma;;;(1) 14428-1490;;;;;Araçatuba, 426, Santa Maria, 09071310;Araçatuba;426;;Santa Maria;;;09071310;;;;11/01/2022 00:48:06;NULL
2413;27404232;Boulevard Shopping Brasilia;;;(2) 12176-7272;;;;;Stn, Asa Norte, 70770100;Stn;;;Asa Norte;;;70770100;;;;11/01/2022 00:47:53;NULL
2414;27404167;Volvo Barra Funda;;68976091001534;(1) 13217-6666;;;;;Norma Pieurccini Giannotti, 725, Barra Funda, 01137010;Norma Pieurccini Giannotti;725;;Barra Funda;;;01137010;;;;11/01/2022 00:42:55;NULL
2415;27404421;Lubricar;;;;;;;;Higienópolis, 275, Vila Gilda, 09190360;Higienópolis;275;;Vila Gilda;;;09190360;;;;11/01/2022 00:48:06;NULL
2416;27404351;Hortifrut Vila;;;(1) 14468-1439;;;;;Adolfo Bastos, 234, Vila Bastos, 09041000;Adolfo Bastos;234;;Vila Bastos;;;09041000;;;;11/01/2022 00:48:01;NULL
2417;27404329;Fernando Kinukawa;;;;;;;;Santo Amaro, 201, Bela Vista, 01315000;Santo Amaro;201;;Bela Vista;;;01315000;;;;11/01/2022 00:47:59;NULL
2418;27404096;Renan Ruiz Piovezan;;39114189810;;;;;;Santa Cruz, 1531, Vila Mariana, 04121001;Santa Cruz;1531;;Vila Mariana;;;04121001;;;;11/01/2022 00:42:49;NULL
2419;27404238;Castor Alimentos;;;(1) 13646-0030;;;;;Eugênia Da Conceição Dias, 154, Remédios, 06298050;Eugênia Da Conceição Dias;154;;Remédios;;;06298050;;;;11/01/2022 00:47:53;NULL
2420;27404325;F.G.R - Prime Alimentação - Interlagos;;;;;;;;Pedro Santalúcia, 250, Interlagos, 04815250;Pedro Santalúcia;250;;Interlagos;;;04815250;;;;11/01/2022 00:47:59;NULL
2421;27404344;Grupo Kess;;;(1) 14577-0399;;;;;Pedro De Toledo, 977, Jardim Santa Lídia, 07140000;Pedro De Toledo;977;;Jardim Santa Lídia;;;07140000;;;;11/01/2022 00:48:00;NULL
2422;27404240;Caucasus - Grupo Rascal;;;;;;;;Augusta, 1849, Cerqueira Cesar, 01413000;Augusta;1849;;Cerqueira Cesar;;;01413000;;;;11/01/2022 00:47:53;NULL
2423;27404359;Igor Paulino;;;(1) 14433-0980;;;;;Gertrudes De Lima, 238, Centro, 09020000;Gertrudes De Lima;238;;Centro;;;09020000;;;;11/01/2022 00:48:01;NULL
2424;27404165;Viva Comercial Ltda;;07041396000164;(1) 13004-0303;;;;;Carlos Liviero, 266, Vila Liviero, 04186100;Carlos Liviero;266;;Vila Liviero;;;04186100;;;;11/01/2022 00:42:55;NULL
2425;27403966;Exkalla;;12925515000181;(1) 19827-4442;;;;;Adolfo Bastos, 116, Vila Bastos, 09041000;Adolfo Bastos;116;;Vila Bastos;;;09041000;;;;11/01/2022 00:42:37;NULL
2426;27404381;Kilos Ikaro Restaurante Ltda;;;(1) 13167-4991;;;;;Leopoldo Couto De Magalhães Júnior, 785, Itaim Bibi, 04542011;Leopoldo Couto De Magalhães Júnior;785;;Itaim Bibi;;;04542011;;;;11/01/2022 00:48:03;NULL
2427;27404143;Tamataya - Allparmegiana;;11030628000156;(1) 13744-7209;;;;;Dos Autonomistas, 1400, Vila Yara, 06020010;Dos Autonomistas;1400;;Vila Yara;;;06020010;;;;11/01/2022 00:42:53;NULL
2428;27404257;Condominio Horizontes;;;(1) 12925-7116;;;;;Escola Politécnica, 942, Jaguare, 05350000;Escola Politécnica;942;;Jaguare;;;05350000;;;;11/01/2022 00:47:54;NULL
2429;27404411;Lbgs - Nipel 2;;;(1) 14428-1490;;;;;Doutor Ulisses Guimarães, Vila Assis Brasil, 09370825;Doutor Ulisses Guimarães;;;Vila Assis Brasil;;;09370825;;;;11/01/2022 00:48:06;NULL
2430;27404428;Mc Afonso;;;(1) 14994-1027;;;;;José Caballero, 189, Vila Bastos, 09040210;José Caballero;189;;Vila Bastos;;;09040210;;;;11/01/2022 00:48:07;NULL
2431;27404062;Paula Cristina Romano;;08382741886;;;;;;Bartolomeu De Gusmão, 41, Encruzilhada, 11045000;Bartolomeu De Gusmão;41;;Encruzilhada;;;11045000;;;;11/01/2022 00:42:45;NULL
2432;27404288;Dia Brasil Ribeirao Preto;;;(1) 13886-8610;;;;;Papa João Xxiii, 3059, Loteamento Industrial Coral, 09370800;Papa João Xxiii;3059;;Loteamento Industrial Coral;;;09370800;;;;11/01/2022 00:47:57;NULL
2433;27404436;Mundo Rural - Não Usar;;;(1) 14316-1592;;;;;Dom Pedro I, 1715, Silveira, 09110001;Dom Pedro I;1715;;Silveira;;;09110001;;;;11/01/2022 00:48:07;NULL
2434;27404047;Oakberry - São Caetano Do Sul;;30076205000111;;;;;;Terracota, 545, Ceramica, 09531190;Terracota;545;;Ceramica;;;09531190;;;;11/01/2022 00:42:44;NULL
2435;27404072;Piu Rest. Iguatemi /Shop.Iguatemi-Daniel;;21578185000358;;;;;;Brigadeiro Faria Lima, 2232, 2232, Jardim Paulistano, 01489900;Brigadeiro Faria Lima, 2232;2232;;Jardim Paulistano;;;01489900;;;;11/01/2022 00:42:46;NULL
2436;27404061;Patrick Behar;;34468141832;;;;;;Benjamim Egas, 66, Pinheiros, 05418030;Benjamim Egas;66;;Pinheiros;;;05418030;;;;11/01/2022 00:42:45;NULL
2437;27404133;Simonetto Alimentos Ltda;;91519595000141;(5) 43344-4300;;;;;Aurelio Sossella, 98, Centro, 99950000;Aurelio Sossella;98;;Centro;;;99950000;;;;11/01/2022 00:42:52;NULL
2438;27404373;Janaina Goncalves Do Nascimento;;;;;;;;Das Margaridas, 155, Parque Assunção, 06753360;Das Margaridas;155;;Parque Assunção;;;06753360;;;;11/01/2022 00:48:02;NULL
2439;27404187;A2A  - Skyasia Tucuruvi;;;;;;;;Dr. Antonio Maria Laet, 566, Parada Inglesa, 02307120;Dr. Antonio Maria Laet;566;;Parada Inglesa;;;02307120;;;;11/01/2022 00:47:50;NULL
2440;27404327;Farol Verde - Red. Bap;;;;;;;;General Bertoldo Klinger, 50, Pauliceia, 09688000;General Bertoldo Klinger;50;;Pauliceia;;;09688000;;;;11/01/2022 00:47:59;NULL
2441;27404035;Mundo Rural;;21110511000136;(1) 14316-1592;;;;;Dom Pedro I, 1715, Silveira, 09110001;Dom Pedro I;1715;;Silveira;;;09110001;;;;11/01/2022 00:42:43;NULL
2442;27404156;Valente;;67978312000145;;;;;;Caminho Do Pilar, 1232, Vila Gilda, 09190000;Caminho Do Pilar;1232;;Vila Gilda;;;09190000;;;;11/01/2022 00:42:54;NULL
2443;27403950;Don Marche;;00322135000173;(1) 13744-7209;;;;;Domingos Lopes Da Silva, 890, Vila Andrade, 05641030;Domingos Lopes Da Silva;890;;Vila Andrade;;;05641030;;;;11/01/2022 00:42:36;NULL
2444;27403962;Emporium Sao Paulo - Maracatins;;66533696000553;(1) 13053-3310;;;;;Dos Maracatins, 217, Indianópolis, 04089010;Dos Maracatins;217;;Indianópolis;;;04089010;;;;11/01/2022 00:42:37;NULL
2445;27404390;Lbgs - Emilio Ribas;;;(1) 14428-1490;;;;;Doutor Arnaldo 165, 165, Pacaembu, 01246900;Doutor Arnaldo 165;165;;Pacaembu;;;01246900;;;;11/01/2022 00:48:03;NULL
2446;27404198;Abra Suprimentos;;;(1) 12083-5358;;;;;Coronel Juvenal De Campos Castro, 311, Vila Santa Teresa (Zona Sul), 04187320;Coronel Juvenal De Campos Castro;311;;Vila Santa Teresa (Zona Sul);;;04187320;;;;11/01/2022 00:47:51;NULL
2447;27404056;Padrao;;69025591000158;(1) 14339-3500;;;;;Frei Gaspar, 505, Vila Santa Rita Cassia, 09720440;Frei Gaspar;505;;Vila Santa Rita Cassia;;;09720440;;;;11/01/2022 00:42:44;NULL
2448;27404048;Oakberry - Vl. Madalena;;31889396000101;;;;;;Harmonia, 150, Sumarezinho, 05435000;Harmonia;150;;Sumarezinho;;;05435000;;;;11/01/2022 00:42:44;NULL
2449;27404389;Lbgs - Darcy Vargas;;;(1) 14428-1490;;;;;Doutor Seráfico De Assis Carvalho, 34, Jardim Leonor, 05614040;Doutor Seráfico De Assis Carvalho;34;;Jardim Leonor;;;05614040;;;;11/01/2022 00:48:03;NULL
2450;27404095;Redrau Filtros Ltda - Santo Andre;;00634041000130;(1) 14433-4788;;;;;Artur De Queirós, 986, Casa Branca, 09015510;Artur De Queirós;986;;Casa Branca;;;09015510;;;;11/01/2022 00:42:49;NULL
2451;27403938;Dia - Alphaville;;03476811022635;(1) 13886-8610;;;;;Marte, 466, Alphaville, 06541005;Marte;466;;Alphaville;;;06541005;;;;11/01/2022 00:42:35;NULL
2452;27404312;Ecn Pronutri - Faturamento;;;(1) 12521-8894;;;;;Quintana, 753, Cidade Monções, 04569011;Quintana;753;;Cidade Monções;;;04569011;;;;11/01/2022 00:47:58;NULL
2453;27404150;Thiago Pasetti De Sousa Britto;;23165524807;;;;;;Atlântica, 549, Jardim America, 01440000;Atlântica;549;;Jardim America;;;01440000;;;;11/01/2022 00:42:54;NULL
2454;27404091;Rascal Market Place;;03434295000100;;;;;;Murilo Furtado, 13947, Vila Gertrudes, 04794000;Murilo Furtado;13947;;Vila Gertrudes;;;04794000;;;;11/01/2022 00:42:48;NULL
2455;27403959;Emporium Sao Paulo - Cotovia;;66533696000200;(1) 15538-4600;;;;;Cotovia, 159, V Uberabin, 04517001;Cotovia;159;;V Uberabin;;;04517001;;;;11/01/2022 00:42:37;NULL
2456;27404144;Tanuki Sushi;;05528645000115;;;;;;Jericó, 279, Vila Madalena, 05435040;Jericó;279;;Vila Madalena;;;05435040;;;;11/01/2022 00:42:53;NULL
2457;27403997;Infinit;;13131279000194;;;;;;Rafael Balzani, 32, Vila Moreira, 07020091;Rafael Balzani;32;;Vila Moreira;;;07020091;;;;11/01/2022 00:42:39;NULL
2458;27404320;Emporium Sao Paulo - Pedroso;;;(1) 13704-3899;;;;;Pedroso Alvarenga, 803, Jardim Paulista, 04531011;Pedroso Alvarenga;803;;Jardim Paulista;;;04531011;;;;11/01/2022 00:47:59;NULL
2459;27404063;Paula Silva Banus Miaguti;;06688916886;;;;;;General Osório, 106, Vila Gilda, 09190440;General Osório;106;;Vila Gilda;;;09190440;;;;11/01/2022 00:42:45;NULL
2460;27404302;Don Marche - Hospital Militar;;;(1) 13744-7209;;;;;Nova Cantareira, 3659, Tucuruvi, 02341000;Nova Cantareira;3659;;Tucuruvi;;;02341000;;;;11/01/2022 00:47:57;NULL
2461;27404361;Innova Hospitais Diadema;;;(1) 12178-2266;;;;;São Jorge, 98, Centro, 09911070;São Jorge;98;;Centro;;;09911070;;;;11/01/2022 00:48:02;NULL
2462;27404092;Rascal Rio Sul - Rsrs - Outro Local De E;;08971736000119;(2) 13873-0339;;;;;Ayrton Senna 2150, 2150, Barra Da Tijuca, 22775900;Ayrton Senna 2150;2150;;Barra Da Tijuca;;;22775900;;;;11/01/2022 00:42:48;NULL
2463;27403943;Dia Maua;;03476811063072;(1) 13886-8610;;;;;Papa João Xxiii, 3147, Loteamento Industrial Coral, 09370800;Papa João Xxiii;3147;;Loteamento Industrial Coral;;;09370800;;;;11/01/2022 00:42:35;NULL
2464;27404259;Condominio Santana Parque Shopping;;;(1) 12238-3002;;;;;Conselheiro Moreira De Barros, 2780, Lauzane Paulista, 02430001;Conselheiro Moreira De Barros;2780;;Lauzane Paulista;;;02430001;;;;11/01/2022 00:47:55;NULL
2465;27403972;Flavia Malia Fogazzaria;;14260300000114;;;;;;Basiléia, 385, Parque Novo Oratório, 09260210;Basiléia;385;;Parque Novo Oratório;;;09260210;;;;11/01/2022 00:42:38;NULL
2466;27404301;Don Marche - Guaianazes;;;(1) 13744-7209;;;;;Miguel Achiole Da Fonseca, 1092, Jardim São Paulo(Zona Leste), 08461110;Miguel Achiole Da Fonseca;1092;;Jardim São Paulo(Zona Leste);;;08461110;;;;11/01/2022 00:47:57;NULL
2467;27404097;Renova;;34880487000166;(1) 13784-2798;;;;;Arturo Toscanini, 37, Parque Ipê, 05571030;Arturo Toscanini;37;;Parque Ipê;;;05571030;;;;11/01/2022 00:42:49;NULL
2468;27403969;Famcar Estetica - Mg;;29245516000188;(3) 79192-1606;;;;;Rodolfo Jacob, 127, Barreiro, 30640480;Rodolfo Jacob;127;;Barreiro;;;30640480;;;;11/01/2022 00:42:37;NULL
2469;27404432;Michelle Silva Carvalho De Jesus;;;(1) 14366-9777;;;;;Serra Do Japi, 47, Cooperativa, 09855260;Serra Do Japi;47;;Cooperativa;;;09855260;;;;11/01/2022 00:48:07;NULL
2470;27404427;Marvi Ourinhos;;;(1) 43302-4410;;;;;Sao Paulo/Parana, Jardim Paris, 19904100;Sao Paulo/Parana;;;Jardim Paris;;;19904100;;;;11/01/2022 00:48:07;NULL
2471;27404300;Don Marche - Fundacao Casa;;;(1) 14577-0399;;;;;Raposo Tavares, Jardim Boa Vista (Zona Oeste), 05576200;Raposo Tavares;;;Jardim Boa Vista (Zona Oeste);;;05576200;;;;11/01/2022 00:47:57;NULL
2472;27404423;Maicon Alex Sander Ezidio;;;;;;;;Cristiano Lobe, 119, Cidade Tiradentes, 08475340;Cristiano Lobe;119;;Cidade Tiradentes;;;08475340;;;;11/01/2022 00:48:06;NULL
2473;27404148;Thc  - Oakberry Teodoro Sampaio;;33333765000100;;;;;;Teodoro Sampaio, 1027, Pinheiros, 05405100;Teodoro Sampaio;1027;;Pinheiros;;;05405100;;;;11/01/2022 00:42:54;NULL
2474;27404265;Coop Regional - Majestade - Boa Vista;;;(5) 43343-8213;;;;;Estrm Linha Boa Vista, Zona Rural, 99840000;Estrm Linha Boa Vista;;;Zona Rural;;;99840000;;;;11/01/2022 00:47:55;NULL
2475;27404000;Integral - Osasco;;05218394000172;(1) 13215-7018;;;;;Zuma De Sá Fernandes, 171, Presidente Altino, 06213040;Zuma De Sá Fernandes;171;;Presidente Altino;;;06213040;;;;11/01/2022 00:42:39;NULL
2476;27403957;Efitrans;;00650831000290;(1) 12954-4487;;;;;Lídice, 22, Parque Novo Mundo, 02174010;Lídice;22;;Parque Novo Mundo;;;02174010;;;;11/01/2022 00:42:37;NULL
2477;27404405;Lbgs - Hospital Mooca;;;(1) 14428-1490;;;;;Juventus, 562, Parque Da Mooca, 03124020;Juventus;562;;Parque Da Mooca;;;03124020;;;;11/01/2022 00:48:05;NULL
2478;27404431;Mf Mix Concreto - Sbc;;;(1) 14153-9191;;;;;Particular Fukutaro Yida, 40, Cooperativa, 09852060;Particular Fukutaro Yida;40;;Cooperativa;;;09852060;;;;11/01/2022 00:48:07;NULL
2479;27404439;Mvgb Refeiçoes;;;(1) 93802-9800;;;;;Engenheiro Cândido Do Rego Chaves, Jundiapeba, 08751300;Engenheiro Cândido Do Rego Chaves;;;Jundiapeba;;;08751300;;;;11/01/2022 00:48:08;NULL
2480;27403978;Fundacao Do Abc;;57571275000879;;;;;;América Do Sul, 285, Parque Novo Oratório, 09270410;América Do Sul;285;;Parque Novo Oratório;;;09270410;;;;11/01/2022 00:42:38;NULL
2481;27403979;Giiro - Zucco Jardins;;22020079000155;(1) 13083-7406;;;;;Haddock Lobo, 1416, Cerqueira Cesar, 01414002;Haddock Lobo;1416;;Cerqueira Cesar;;;01414002;;;;11/01/2022 00:42:38;NULL
2482;27404052;Ocean - Peixaria;;15072559000102;;;;;;Dos Chanes, 256, Indianópolis, 04087031;Dos Chanes;256;;Indianópolis;;;04087031;;;;11/01/2022 00:42:44;NULL
2483;27404060;Paoletti;;24656513822;;;;;;Itapeti, 1000, Vila Gomes Cardim, 03324002;Itapeti;1000;;Vila Gomes Cardim;;;03324002;;;;11/01/2022 00:42:44;NULL
2484;27404334;Formtap Ind.E Com S.A;;;;;;;;Capistrano De Abreu, 190, Taboão, 09940470;Capistrano De Abreu;190;;Taboão;;;09940470;;;;11/01/2022 00:48:00;NULL
2485;27403941;Dia Brasil - Osasco;;03476811021159;(1) 13886-8610;;;;;Papa João Xxiii, 3059, Loteamento Industrial Coral, 09370800;Papa João Xxiii;3059;;Loteamento Industrial Coral;;;09370800;;;;11/01/2022 00:42:35;NULL
2486;27404250;Cond Shopping Parque Dom Pedro;;;(1) 93208-3600;;;;;Guilherme Campos 500, 500, Jardim Santa Genebra, 13087901;Guilherme Campos 500;500;;Jardim Santa Genebra;;;13087901;;;;11/01/2022 00:47:54;NULL
2487;27404243;Churrasclick Delivery;;;(1) 12521-8894;;;;;Califórnia, 1336, Cidade Monções, 04566062;Califórnia;1336;;Cidade Monções;;;04566062;;;;11/01/2022 00:47:54;NULL
2488;27404276;Daff Industrial - Entrega Ricardo De Lem;;;(1) 14421-7980;;;;;Ricardo De Lemos, 225, Silveira, 09195370;Ricardo De Lemos;225;;Silveira;;;09195370;;;;11/01/2022 00:47:56;NULL
2489;27404127;Sabor Gourmet - Xig Pet Natural;;10748761000180;(1) 93829-8000;;;;;Senador Feijó, 30, Centro, 13270110;Senador Feijó;30;;Centro;;;13270110;;;;11/01/2022 00:42:52;NULL
2490;27404211;Ambev - Juatuba - Mg;;;;;;;;Rodovia Mg 0,50, Centro, 35675000;Rodovia Mg 0,50;;;Centro;;;35675000;;;;11/01/2022 00:47:51;NULL
2491;27404029;Mercadinho Do Bebe;;06304610000165;;;;;;Vieira De Carvalho, 439, Santa Terezinha, 09210630;Vieira De Carvalho;439;;Santa Terezinha;;;09210630;;;;11/01/2022 00:42:42;NULL
2492;27404037;Mvgb;;05099651000102;(1) 93802-9800;;;;;Adelina Boz Marfim, Jundiapeba, 08752040;Adelina Boz Marfim;;;Jundiapeba;;;08752040;;;;11/01/2022 00:42:43;NULL
2493;27403964;Emporium Sao Paulo Afonso Braz;;02299215000180;(1) 13848-3700;;;;;Afonso Braz, 431, Vila Nova Conceição, 04511011;Afonso Braz;431;;Vila Nova Conceição;;;04511011;;;;11/01/2022 00:42:37;NULL
2494;27403989;Hortifrut Vila;;19161757000195;(1) 14468-1439;;;;;Adolfo Bastos, 234, Vila Bastos, 09041000;Adolfo Bastos;234;;Vila Bastos;;;09041000;;;;11/01/2022 00:42:39;NULL
2495;27404404;Lbgs - Hospital Leonor De Barros - Usar;;;(1) 14428-1490;;;;;Celso Garcia, 2477, Brás, 03015000;Celso Garcia;2477;;Brás;;;03015000;;;;11/01/2022 00:48:05;NULL
2496;27404383;Krt - Oakberry Vila Prudente;;;;;;;;Epaminondas Melo Do Amaral, 309, Sítio Do Mandaqui, 02542000;Epaminondas Melo Do Amaral;309;;Sítio Do Mandaqui;;;02542000;;;;11/01/2022 00:48:03;NULL
2497;27404369;Its Cool - Colegio Santa Maria;;;(4) 13641-3140;;;;;Luiz Franceschi, 657, Thomaz Coelho, 83707072;Luiz Franceschi;657;;Thomaz Coelho;;;83707072;;;;11/01/2022 00:48:02;NULL
2498;27404051;Oakberry Shoping Barueri;;35027604000106;;;;;;General De Divisão De Pedro Rodrigues Da Silva, 400, < Sem  Bairro >, 06044018;General De Divisão De Pedro Rodrigues Da Silva;400;;< Sem  Bairro >;;;06044018;;;;11/01/2022 00:42:44;NULL
2499;27404277;Daff Industrial Eireli - Firestone;;;(1) 14421-7980;;;;;Firestone, 1603, Silveira, 09195470;Firestone;1603;;Silveira;;;09195470;;;;11/01/2022 00:47:56;NULL
2500;27404188;A2A - Sky Asia Sbc;;;;;;;;Rotary, 624, Centro, 09721000;Rotary;624;;Centro;;;09721000;;;;11/01/2022 00:47:50;NULL
2501;27404576;Rascal Casa Shopping - Rscs;;;(2) 13325-5179;;;;;Ayrton Senna 2150, 2150, Barra Da Tijuca, 22775900;Ayrton Senna 2150;2150;;Barra Da Tijuca;;;22775900;;;;11/01/2022 00:48:18;NULL
2502;27404496;Pgr - Eaton 7135 Guaratingueta;;;(1) 12985-7802;;;;;Prefeito Aristeu Vieira Vilela, 2755, Rio Comprido, 12522010;Prefeito Aristeu Vieira Vilela;2755;;Rio Comprido;;;12522010;;;;11/01/2022 00:48:12;NULL
2503;27404541;Piu Rest. Iguatemi /Shop.Iguatemi-Daniel;;;;;;;;Brigadeiro Faria Lima, 2232, 2232, Jardim Paulistano, 01489900;Brigadeiro Faria Lima, 2232;2232;;Jardim Paulistano;;;01489900;;;;11/01/2022 00:48:15;NULL
2504;27404599;Risa Adm. De Res. A1 Engenharia;;;(4) 13641-3189;;;;;Ladislau Gembaroski, 1001, Thomaz Coelho, 83707090;Ladislau Gembaroski;1001;;Thomaz Coelho;;;83707090;;;;11/01/2022 00:48:19;NULL
2505;27404677;Sacia Vl Prudente;;;(1) 13384-8390;;;;;Pires Pimentel, 305, Parque Da Vila Prudente, 03138040;Pires Pimentel;305;;Parque Da Vila Prudente;;;03138040;;;;11/01/2022 00:48:26;NULL
2506;27404673;Rodopan;;;(1) 12955-5457;;;;;Carmópolis De Minas, 1045, Vila Maria, 02116010;Carmópolis De Minas;1045;;Vila Maria;;;02116010;;;;11/01/2022 00:48:25;NULL
2507;27404632;Risotolandia - Ovd;;;(4) 13641-3189;;;;;Luiz Franceschi, 697, Thomaz Coelho, 83707072;Luiz Franceschi;697;;Thomaz Coelho;;;83707072;;;;11/01/2022 00:48:22;NULL
2508;27404524;Pgr - Suprens;;;(1) 12985-7802;;;;;Faustino Bizetto, 515, Botujuru (Botujuru), 13238300;Faustino Bizetto;515;;Botujuru (Botujuru);;;13238300;;;;11/01/2022 00:48:14;NULL
2509;27404712;Varanda Patio Paulista;;;;;;;;Treze De Maio 1947, 1947, Bela Vista, 01327900;Treze De Maio 1947;1947;;Bela Vista;;;01327900;;;;11/01/2022 00:48:28;NULL
2510;27404567;Pronutri - Tectextil Filial;;;(1) 12985-7802;;;;;Professor Benedito De Andrade, 350, Unileste, 13422000;Professor Benedito De Andrade;350;;Unileste;;;13422000;;;;11/01/2022 00:48:17;NULL
2511;27404604;Risotolandia - Amcor;;;;;;;;João Ramalho, 964, Vila Noemia, 09371902;João Ramalho;964;;Vila Noemia;;;09371902;;;;11/01/2022 00:48:20;NULL
2512;27404554;Pronutri - Conter;;;(1) 13195-4249;;;;;Altamira Do Paraná, 34, Vila Jaguara, 05118020;Altamira Do Paraná;34;;Vila Jaguara;;;05118020;;;;11/01/2022 00:48:16;NULL
2513;27404689;Sucos E Lanches - Oakberry Belo Horizont;;;;;;;;Dos Bandeirantes, 1653, Anchieta, 30310403;Dos Bandeirantes;1653;;Anchieta;;;30310403;;;;11/01/2022 00:48:27;NULL
2514;27404551;Pronutri - Brasilata Jundiai;;;(1) 12985-7802;;;;;Anhanguera, 1592, Castanho, 13209500;Anhanguera;1592;;Castanho;;;13209500;;;;11/01/2022 00:48:16;NULL
2515;27404697;Termomecanica Fab 3;;;(1) 14366-9777;;;;;Caminho Do Mar, 2652, Rudge Ramos, 09612000;Caminho Do Mar;2652;;Rudge Ramos;;;09612000;;;;11/01/2022 00:48:27;NULL
2516;27404652;Risotolandia - Riclan Kennegy - Nao Usar;;;(4) 13641-3189;;;;;Presidente Kennedy, 1001, Do Estadio, 13500970;Presidente Kennedy;1001;;Do Estadio;;;13500970;;;;11/01/2022 00:48:23;NULL
2517;27404450;Oakberry - Jd. Iris;;;;;;;;Raimundo Pereira De Magalhães, 1465, 1465, Jardim Íris, 05145907;Raimundo Pereira De Magalhães, 1465;1465;;Jardim Íris;;;05145907;;;;11/01/2022 00:48:08;NULL
2518;27404661;Risotolandia - Vinhedo White Martins;;;(4) 13641-3189;;;;;Iracema Lucas, 255, Distrito Industrial Benedito Storani, 13288172;Iracema Lucas;255;;Distrito Industrial Benedito Storani;;;13288172;;;;11/01/2022 00:48:24;NULL
2519;27404489;Pgr - Centeranel;;;(1) 10000-0000;;;;;Sp 270, 10167, Jardim Ipê, 05577300;Sp 270;10167;;Jardim Ipê;;;05577300;;;;11/01/2022 00:48:11;NULL
2520;27404558;Pronutri - Maple Bear;;;(1) 12985-7802;;;;;Padre Domingos Giovanini, 333, Parque Taquaral, 13087310;Padre Domingos Giovanini;333;;Parque Taquaral;;;13087310;;;;11/01/2022 00:48:16;NULL
2521;27404695;Termomecanica F.02;;;(1) 14366-9705;;;;;Lauro Gomes, 1300, Vila Vivaldi, 09635010;Lauro Gomes;1300;;Vila Vivaldi;;;09635010;;;;11/01/2022 00:48:27;NULL
2522;27404719;Viva Parme - Allparmegiana;;;(1) 15044-4829;;;;;Interlagos, 2255, Jd. Umuarama, 04661200;Interlagos;2255;;Jd. Umuarama;;;04661200;;;;11/01/2022 00:48:29;NULL
2523;27404511;Pgr - Iron Moutain 7086;;;(1) 12985-7802;;;;;Prefeito João Vilallobo Quero, 2253, Jardim Belval, 06422122;Prefeito João Vilallobo Quero;2253;;Jardim Belval;;;06422122;;;;11/01/2022 00:48:13;NULL
2524;27404694;Tanuki Sushi;;;;;;;;Jericó, 279, Vila Madalena, 05435040;Jericó;279;;Vila Madalena;;;05435040;;;;11/01/2022 00:48:27;NULL
2525;27404495;Pgr - Crown;;;(1) 14577-2038;;;;;Dom Gabriel Paulino Bueno Couto, Jacare, 13315000;Dom Gabriel Paulino Bueno Couto;;;Jacare;;;13315000;;;;11/01/2022 00:48:12;NULL
2526;27404642;Risotolandia - Rc Multilit Fibrocimento;;;(4) 13641-3189;;;;;Rui Barbosa, 2929, Ipê, 83055320;Rui Barbosa;2929;;Ipê;;;83055320;;;;11/01/2022 00:48:23;NULL
2527;27404513;Pgr - Kadant;;;(1) 12985-7802;;;;;Almeida Itajuba, 1416, Joapiranga, 13274465;Almeida Itajuba;1416;;Joapiranga;;;13274465;;;;11/01/2022 00:48:13;NULL
2528;27404601;Risotolandia  - Juiz De Fora;;;(4) 13641-3189;;;;;Presidente Juscelino Kubitscheck, 273, Industrial, 36081000;Presidente Juscelino Kubitscheck;273;;Industrial;;;36081000;;;;11/01/2022 00:48:20;NULL
2529;27404692;Taffarel;;;(1) 13294-1759;;;;;Silva Jardim, 438, Belenzinho, 03163090;Silva Jardim;438;;Belenzinho;;;03163090;;;;11/01/2022 00:48:27;NULL
2530;27404660;Risotolandia - Tortuga Planalto;;;(4) 13641-3189;;;;;Alberto Klemtz, 441, Portão, 80330380;Alberto Klemtz;441;;Portão;;;80330380;;;;11/01/2022 00:48:24;NULL
2531;27404577;Rascal Cortes Guarulhos Cgru;;;(1) 12445-2675;;;;;Hélio Smidt, Aeroporto, 07190100;Hélio Smidt;;;Aeroporto;;;07190100;;;;11/01/2022 00:48:18;NULL
2532;27404678;Salpicante Com.De Alimentos;;;;;;;;Bandeira Paulista, 807, Itaim Bibi, 04532012;Bandeira Paulista;807;;Itaim Bibi;;;04532012;;;;11/01/2022 00:48:26;NULL
2533;27404487;Pgr - Capivari;;;;;;;;Dom Gabriel Paulino Bueno Couto, Jacare, 13052448;Dom Gabriel Paulino Bueno Couto;;;Jacare;;;13052448;;;;11/01/2022 00:48:11;NULL
2534;27404472;Pgr -  Dcc Cajamar;;;(11) 45770399;;;;;Rod.  Anhanguera KM 31, Polvilho, Israelândia/GO, SP, 07750000;Rod.  Anhanguera KM 31;;;Polvilho;Israelândia/GO;SP;07750000;;;;11/01/2022 00:48:10;NULL
2535;27404608;Risotolandia - Araucaria;;;;;;;;Luiz Franceschi, 657, Thomaz Coelho, 83707072;Luiz Franceschi;657;;Thomaz Coelho;;;83707072;;;;11/01/2022 00:48:20;NULL
2536;27404658;Risotolandia - Tgm Sertaozinho;;;(1) 14576-7181;;;;;Armando De Salles Oliveira, Distrito Industrial, 14175300;Armando De Salles Oliveira;;;Distrito Industrial;;;14175300;;;;11/01/2022 00:48:24;NULL
2537;27404528;Pgr - Ws Wagner - Nao Usar;;;;;;;;Fábio Eduardo Ramos Esquivel, 2737, Canhema, 09941201;Fábio Eduardo Ramos Esquivel;2737;;Canhema;;;09941201;;;;11/01/2022 00:48:14;NULL
2538;27404538;Pgr Sinter - Não Usar;;;;;;;;Sinter Futura, 300, < Sem  Bairro >, 13190000;Sinter Futura;300;;< Sem  Bairro >;;;13190000;;;;11/01/2022 00:48:15;NULL
2539;27404535;Pgr Eaton 7136 - Porto Feliz;;;;;;;;Marechal Rondon Km 125, Soamim, 18540000;Marechal Rondon Km 125;;;Soamim;;;18540000;;;;11/01/2022 00:48:15;NULL
2540;27404559;Pronutri - Move;;;(1) 12985-7802;;;;;Murta-Do-Campo, 450, Vila Alpina, 03210010;Murta-Do-Campo;450;;Vila Alpina;;;03210010;;;;11/01/2022 00:48:16;NULL
2541;27404685;Slr Restaurante - Antigo Kess;;;(1) 12475-7513;;;;;Emílio Ribas, 87, Jardim Vila Galvão, 07051001;Emílio Ribas;87;;Jardim Vila Galvão;;;07051001;;;;11/01/2022 00:48:26;NULL
2542;27404564;Pronutri - Supertec;;;(1) 12985-7802;;;;;Gaivota, 111, Jardim Santa Lúcia, 13236172;Gaivota;111;;Jardim Santa Lúcia;;;13236172;;;;11/01/2022 00:48:17;NULL
2543;27404500;Pgr - Fitesa - Cosmopolis;;;(1) 14577-0399;;;;;Zeferino Vaz, Sitio Cotrins, 13150000;Zeferino Vaz;;;Sitio Cotrins;;;13150000;;;;11/01/2022 00:48:12;NULL
2544;27404456;Oakberry Shoping Barueri;;;;;;;;General De Divisão De Pedro Rodrigues Da Silva, 400, < Sem  Bairro >, 06044018;General De Divisão De Pedro Rodrigues Da Silva;400;;< Sem  Bairro >;;;06044018;;;;11/01/2022 00:48:09;NULL
2545;27404578;Rascal Grupo;;;(1) 14577-0399;;;;;Acuruí, 72, Vila Formosa, 03355000;Acuruí;72;;Vila Formosa;;;03355000;;;;11/01/2022 00:48:18;NULL
2546;27404628;Risotolandia - Minas Ii;;;(4) 13641-3189;;;;;Oriente, 827, Serra, 30220270;Oriente;827;;Serra;;;30220270;;;;11/01/2022 00:48:22;NULL
2547;27404633;Risotolandia - Palladium;;;(4) 13641-3189;;;;;Presidente Kennedy 4121, 4121, Portão, 80610905;Presidente Kennedy 4121;4121;;Portão;;;80610905;;;;11/01/2022 00:48:22;NULL
2548;27404470;Pescados Hermes - Santo Andre;;;(1) 12988-5031;;;;;Das Figueiras, 2231, Campestre, 09080300;Das Figueiras;2231;;Campestre;;;09080300;;;;11/01/2022 00:48:10;NULL
2549;27404506;Pgr - Ge Sorocaba;;;(1) 12894-3933;;;;;Paraná, 4900, Cajuru, 18016080;Paraná;4900;;Cajuru;;;18016080;;;;11/01/2022 00:48:12;NULL
2550;27404675;S&P - Oakberry Paraiso;;;;;;;;Desembargador Eliseu Guilherme, 235, Paraiso, 04004030;Desembargador Eliseu Guilherme;235;;Paraiso;;;04004030;;;;11/01/2022 00:48:25;NULL
2551;27404484;Pgr - Arizona - Faturamento;;;;;;;;Arizona, 500, Cidade Monções, 04567001;Arizona;500;;Cidade Monções;;;04567001;;;;11/01/2022 00:48:11;NULL
2552;27404527;Pgr - Trivium;;;(1) 13195-4249;;;;;Akzo Nobel, 680, Sao Roque Da Chave, 13295000;Akzo Nobel;680;;Sao Roque Da Chave;;;13295000;;;;11/01/2022 00:48:14;NULL
2553;27404574;Rascal Alameda Santos;;;(1) 13141-0692;;;;;Paulista, 807, Bela Vista, 01311100;Paulista;807;;Bela Vista;;;01311100;;;;11/01/2022 00:48:18;NULL
2554;27404505;Pgr - G+D;;;(1) 12985-7802;;;;;Papa João Paulo I, 5705, Residencial Parque Cumbica, 07174005;Papa João Paulo I;5705;;Residencial Parque Cumbica;;;07174005;;;;11/01/2022 00:48:12;NULL
2555;27404575;Rascal Alphaville;;;(1) 14193-8920;;;;;Rio Negro, 111, Alphaville Industrial, 06454000;Rio Negro;111;;Alphaville Industrial;;;06454000;;;;11/01/2022 00:48:18;NULL
2556;27404713;Varanda Pomar;;;;;;;;Nilza Medeiros Martins, 77, Jardim Colombo, 05628010;Nilza Medeiros Martins;77;;Jardim Colombo;;;05628010;;;;11/01/2022 00:48:28;NULL
2557;27404693;Tamataya - Allparmegiana;;;(1) 13744-7209;;;;;Dos Autonomistas, 1400, Vila Yara, 06020010;Dos Autonomistas;1400;;Vila Yara;;;06020010;;;;11/01/2022 00:48:27;NULL
2558;27404636;Risotolandia - Rc Bom Jesus Itajai;;;(4) 13641-3189;;;;;Delfim Mário Pádua Peixoto, 500, Praia Brava De Itajaí, 88306806;Delfim Mário Pádua Peixoto;500;;Praia Brava De Itajaí;;;88306806;;;;11/01/2022 00:48:22;NULL
2559;27404539;Pharmacia Silva Bueno;;;(1) 13614-6900;;;;;Silva Bueno, 1488, Ipiranga, 04208001;Silva Bueno;1488;;Ipiranga;;;04208001;;;;11/01/2022 00:48:15;NULL
2560;27404466;Patrick Behar;;;;;;;;Benjamim Egas, 66, Pinheiros, 05418030;Benjamim Egas;66;;Pinheiros;;;05418030;;;;11/01/2022 00:48:10;NULL
2561;27404643;Risotolandia - Rc Multilit Industria;;;(4) 13641-3189;;;;;Rui Barbosa, 3329, Ipê, 83055320;Rui Barbosa;3329;;Ipê;;;83055320;;;;11/01/2022 00:48:23;NULL
2562;27404461;Padrao;;;(1) 14339-3500;;;;;Frei Gaspar, 505, Vila Santa Rita Cassia, 09720440;Frei Gaspar;505;;Vila Santa Rita Cassia;;;09720440;;;;11/01/2022 00:48:09;NULL
2563;27404585;Rascal Market Place;;;;;;;;Murilo Furtado, 13947, Vila Gertrudes, 04794000;Murilo Furtado;13947;;Vila Gertrudes;;;04794000;;;;11/01/2022 00:48:18;NULL
2564;27404478;Pgr - Abcp;;;(1) 14577-0399;;;;;Torres De Oliveira 76, 76, Jaguare, 05347902;Torres De Oliveira 76;76;;Jaguare;;;05347902;;;;11/01/2022 00:48:10;NULL
2565;27404657;Risotolandia - Tam;;;(4) 13641-3189;;;;;Emílio Antonon, Aeroporto, 13212010;Emílio Antonon;;;Aeroporto;;;13212010;;;;11/01/2022 00:48:24;NULL
2566;27404665;Risotolandia Abbott Jacarepagua;;;(4) 13641-3189;;;;;Dos Bandeirantes 2400, 2400, Taquara, 22710907;Dos Bandeirantes 2400;2400;;Taquara;;;22710907;;;;11/01/2022 00:48:25;NULL
2567;27404611;Risotolandia - Camb;;;(4) 13641-3189;;;;;Maurício Francisco Klabin, 307, Vila Mariana, 04120020;Maurício Francisco Klabin;307;;Vila Mariana;;;04120020;;;;11/01/2022 00:48:20;NULL
2568;27404722;Wagner;;;;;;;;Bartolomeu De Gusmão, 97, Jardim Santa Francisca, 07024010;Bartolomeu De Gusmão;97;;Jardim Santa Francisca;;;07024010;;;;11/01/2022 00:48:29;NULL
2569;27404455;Oakberry Caninde;;;(1) 19991-3164;;;;;Cruzeiro Do Sul, Canindé, 02030100;Cruzeiro Do Sul;;;Canindé;;;02030100;;;;11/01/2022 00:48:09;NULL
2570;27404725;Zucco;;;(1) 13883-7406;;;;;Haddock Lobo, 1416, Cerqueira Cesar, 01414002;Haddock Lobo;1416;;Cerqueira Cesar;;;01414002;;;;11/01/2022 00:48:29;NULL
2571;27404520;Pgr - Souza Ramos;;;(1) 12643-8051;;;;;Condessa Elisabeth De Robiano, 6000, Vila Santo Henrique, 03707015;Condessa Elisabeth De Robiano;6000;;Vila Santo Henrique;;;03707015;;;;11/01/2022 00:48:13;NULL
2572;27404619;Risotolandia - Frigorifico;;;(4) 13641-3189;;;;;Luiz Franceschi, 657, Thomaz Coelho, 83707072;Luiz Franceschi;657;;Thomaz Coelho;;;83707072;;;;11/01/2022 00:48:21;NULL
2573;27404610;Risotolandia - Brusque;;;(4) 13641-3189;;;;;Ivo Silveira, 2480, Volta Grande, 88355202;Ivo Silveira;2480;;Volta Grande;;;88355202;;;;11/01/2022 00:48:20;NULL
2574;27404571;Pronutri Vitrotec;;;(1) 13195-4245;;;;;Primeiro De Dezembro, 300, Jardim Marsola, 13231300;Primeiro De Dezembro;300;;Jardim Marsola;;;13231300;;;;11/01/2022 00:48:18;NULL
2575;27404550;Pronutri - Brabus;;;(1) 15696-9463;;;;;Galeno De Castro, 486, Jurubatuba, 04696040;Galeno De Castro;486;;Jurubatuba;;;04696040;;;;11/01/2022 00:48:16;NULL
2576;27404667;Risotolândia Grupo;;;;;;;;João Ramalho, 964, Vila Noemia, 07250130;João Ramalho;964;;Vila Noemia;;;07250130;;;;11/01/2022 00:48:25;NULL
2577;27404716;Vhp2 - Oakberry;;;;;;;;Japão, 980, Jardim Santo Antonio, 09240171;Japão;980;;Jardim Santo Antonio;;;09240171;;;;11/01/2022 00:48:29;NULL
2578;27404497;Pgr - Embrasa Sumare;;;(1) 12985-7802;;;;;João Gouveia, 200, Condomínio Coronel (Nova Veneza), 13180385;João Gouveia;200;;Condomínio Coronel (Nova Veneza);;;13180385;;;;11/01/2022 00:48:12;NULL
2579;27404507;Pgr - Ge Sorocaba - Nao Usar;;;;;;;;Jornalista Francisco Aguine, 4900, Cajuru, 18016080;Jornalista Francisco Aguine;4900;;Cajuru;;;18016080;;;;11/01/2022 00:48:13;NULL
2580;27404488;Pgr - Cardinal;;;(1) 12985-7802;;;;;Ordem E Progresso, 240, Várzea Da Barra Funda, 01141030;Ordem E Progresso;240;;Várzea Da Barra Funda;;;01141030;;;;11/01/2022 00:48:11;NULL
2581;27404594;Restaurante Primeiro Maio;;;(1) 12896-0098;;;;;Primeiro De Maio, 167, Centro, 09015030;Primeiro De Maio;167;;Centro;;;09015030;;;;11/01/2022 00:48:19;NULL
2582;27404517;Pgr - Planmar;;;(1) 14577-0399;;;;;Sumare Pauli, 1010, Jardim Maria Antonia ( Nova Venesa ), 13178312;Sumare Pauli;1010;;Jardim Maria Antonia ( Nova Venesa );;;13178312;;;;11/01/2022 00:48:13;NULL
2583;27404480;Pgr - Airport;;;(1) 13195-4249;;;;;Monteiro Lobato, 4550, Cidade Jardim Cumbica, 07180000;Monteiro Lobato;4550;;Cidade Jardim Cumbica;;;07180000;;;;11/01/2022 00:48:11;NULL
2584;27404674;Rotisserie;;;(1) 14347-9047;;;;;Mateos Demarchi, 156, Demarchi, 09820270;Mateos Demarchi;156;;Demarchi;;;09820270;;;;11/01/2022 00:48:25;NULL
2585;27404563;Pronutri - Puket;;;(1) 12985-7802;;;;;Julião Machado, 28, Vila Ribeiro De Barros, 05308020;Julião Machado;28;;Vila Ribeiro De Barros;;;05308020;;;;11/01/2022 00:48:17;NULL
2586;27404454;Oakberry Açaí Bowls;;;;;;;;Augusta, 1524, Consolacao, 01304000;Augusta;1524;;Consolacao;;;01304000;;;;11/01/2022 00:48:09;NULL
2587;27404607;Risotolandia - Anaconda Nao Usar;;;(4) 13641-3189;;;;;Engenheiro Leao Sounis, 320, Jardim Botanico, 82590300;Engenheiro Leao Sounis;320;;Jardim Botanico;;;82590300;;;;11/01/2022 00:48:20;NULL
2588;27404537;Pgr Máquinas;;;;;;;;Acuruí, 72, Vila Formosa, 03355000;Acuruí;72;;Vila Formosa;;;03355000;;;;11/01/2022 00:48:15;NULL
2589;27404655;Risotolandia - Sociesc Florianopolis;;;(4) 13641-3189;;;;;Salvatina Feliciana Dos Santos, 525, Itacorubi, 88034001;Salvatina Feliciana Dos Santos;525;;Itacorubi;;;88034001;;;;11/01/2022 00:48:24;NULL
2590;27404494;Pgr - Covre Santos;;;(1) 12985-7802;;;;;Comendador Hercílio Camargo Barbosa, 207, Alemoa, 11095590;Comendador Hercílio Camargo Barbosa;207;;Alemoa;;;11095590;;;;11/01/2022 00:48:12;NULL
2591;27404671;Risotolandia -Tcp  Paranagua;;;(4) 13641-3140;;;;;Portuaria, Dom Pedro Ii, 83203800;Portuaria;;;Dom Pedro Ii;;;83203800;;;;11/01/2022 00:48:25;NULL
2592;27404458;Okker Alimentos;;;(1) 12723-8211;;;;;Gedivaldo Calixto De Souza, 251, Vila Nova York, 03479030;Gedivaldo Calixto De Souza;251;;Vila Nova York;;;03479030;;;;11/01/2022 00:48:09;NULL
2593;27404548;Pragelato - Oakberry;;;;;;;;Vieira De Morais, 913, Campo Belo, 04617012;Vieira De Morais;913;;Campo Belo;;;04617012;;;;11/01/2022 00:48:16;NULL
2594;27404635;Risotolandia - Praia Club;;;(4) 13641-3189;;;;;Primo Crosara, 291, Patrimônio, 38411076;Primo Crosara;291;;Patrimônio;;;38411076;;;;11/01/2022 00:48:22;NULL
2595;27404485;Pgr - Arlington;;;(1) 14577-0399;;;;;Comendador Leopoldo Dedini, 310, Unileste, 13422210;Comendador Leopoldo Dedini;310;;Unileste;;;13422210;;;;11/01/2022 00:48:11;NULL
2596;27404516;Pgr - Oggi Sorvetes;;;;;;;;Makita Brasil, 201, Cooperativa, 09852080;Makita Brasil;201;;Cooperativa;;;09852080;;;;11/01/2022 00:48:13;NULL
2597;27404475;Pgr  - Ws Wagner;;;(1) 14577-0399;;;;;Fábio Eduardo Ramos Esquivel, 2737, Canhema, 09941201;Fábio Eduardo Ramos Esquivel;2737;;Canhema;;;09941201;;;;11/01/2022 00:48:10;NULL
2598;27404533;Pgr Eaton 7133 Sao Jose Dos Campos;;;;;;;;Presidente Dutra, Jardim Das Industrias, 12240420;Presidente Dutra;;;Jardim Das Industrias;;;12240420;;;;11/01/2022 00:48:14;NULL
2599;27404532;Pgr Eaton 7132 Valinhos;;;;;;;;Clark, 2061, Macuco, 13279400;Clark;2061;;Macuco;;;13279400;;;;11/01/2022 00:48:14;NULL
2600;27404687;Solar;;;(1) 13951-5407;;;;;Antônio Munhoz Bonilha, 545, Vila Palmeiras, 02725000;Antônio Munhoz Bonilha;545;;Vila Palmeiras;;;02725000;;;;11/01/2022 00:48:26;NULL
2601;27404629;Risotolandia - Minorgan;;;(4) 13641-3189;;;;;Estrada Vitoria De Sao Pedro, 685, Mandaguari, 86975000;Estrada Vitoria De Sao Pedro;685;;Mandaguari;;;86975000;;;;11/01/2022 00:48:22;NULL
2602;27404543;Planta Baixa Engenharia;;;;;;;;Das Palmeiras, 680, Jardim, 09080160;Das Palmeiras;680;;Jardim;;;09080160;;;;11/01/2022 00:48:15;NULL
2603;27404449;Oakberry - Ernestina;;;;;;;;Antônio De Oliveira Gago, 108, Jardim Ernestina, 04677090;Antônio De Oliveira Gago;108;;Jardim Ernestina;;;04677090;;;;11/01/2022 00:48:08;NULL
2604;27404451;Oakberry - Penha;;;;;;;;Doutor Ricardo Jafet, 1501, Vila Santa Eulalia, 04260020;Doutor Ricardo Jafet;1501;;Vila Santa Eulalia;;;04260020;;;;11/01/2022 00:48:09;NULL
2605;27404514;Pgr - Mando;;;(1) 12985-7802;;;;;Stanley, 2888, Bairro Da Geada, 13482860;Stanley;2888;;Bairro Da Geada;;;13482860;;;;11/01/2022 00:48:13;NULL
2606;27404700;Thiago Pasetti De Sousa Britto;;;;;;;;Atlântica, 549, Jardim America, 01440000;Atlântica;549;;Jardim America;;;01440000;;;;11/01/2022 00:48:28;NULL
2607;27404690;Suppera;;;;;;;;Gisele Constantino, 1850, Parque Bela Vista, 18110650;Gisele Constantino;1850;;Parque Bela Vista;;;18110650;;;;11/01/2022 00:48:27;NULL
2608;27404474;Pgr  - Spg;;;(1) 12985-7802;;;;;Comendador Leopoldo Dedini, 150, Unileste, 13422210;Comendador Leopoldo Dedini;150;;Unileste;;;13422210;;;;11/01/2022 00:48:10;NULL
2609;27404536;Pgr Grupo;;;;;;;;Acuruí, 72, Vila Formosa, 03355000;Acuruí;72;;Vila Formosa;;;03355000;;;;11/01/2022 00:48:15;NULL
2610;27404638;Risotolandia - Rc Falcon;;;(4) 13641-3140;;;;;Marechal Rondon, 1368, Centro, 06093010;Marechal Rondon;1368;;Centro;;;06093010;;;;11/01/2022 00:48:22;NULL
2611;27404681;Shopping Praca Nova Santa Maria;;;(5) 53304-2636;;;;;Irmã Dulce, 550, Renascença, 97030630;Irmã Dulce;550;;Renascença;;;97030630;;;;11/01/2022 00:48:26;NULL
2612;27404562;Pronutri - Pneutec 7067;;;(1) 12985-7802;;;;;Guanabara, 114, Jardim Represa (Fazendinha), 06529220;Guanabara;114;;Jardim Represa (Fazendinha);;;06529220;;;;11/01/2022 00:48:17;NULL
2613;27404625;Risotolandia - Imcopa;;;(4) 14121-9685;;;;;Das Araucárias, 5899, Thomaz Coelho, 83707000;Das Araucárias;5899;;Thomaz Coelho;;;83707000;;;;11/01/2022 00:48:22;NULL
2614;27404631;Risotolandia - Nicoletti;;;(4) 13641-3189;;;;;Unitika, 365, Jardim Helena, 13477260;Unitika;365;;Jardim Helena;;;13477260;;;;11/01/2022 00:48:22;NULL
2615;27404460;Padaria Iracema;;;;;;;;Angélica, 101, Santa Cecilia, 01227000;Angélica;101;;Santa Cecilia;;;01227000;;;;11/01/2022 00:48:09;NULL
2616;27404510;Pgr - Ipis;;;(1) 12985-7802;;;;;Vereador José Nanci, 151, Parque Jaçatuba, 09290415;Vereador José Nanci;151;;Parque Jaçatuba;;;09290415;;;;11/01/2022 00:48:13;NULL
2617;27404613;Risotolandia - Cd Sp;;;(4) 13641-3189;;;;;Arthemio Dionizio Da Costa, 364, Jardim Alvorada, 06612280;Arthemio Dionizio Da Costa;364;;Jardim Alvorada;;;06612280;;;;11/01/2022 00:48:21;NULL
2618;27404501;Pgr - Fitesa Jacarei;;;(1) 12985-7802;;;;;Presidente Humberto De Alencar Castelo Branco, 2735, Conjunto Habitacional Marinho, 12321150;Presidente Humberto De Alencar Castelo Branco;2735;;Conjunto Habitacional Marinho;;;12321150;;;;11/01/2022 00:48:12;NULL
2619;27404640;Risotolandia - Rc Ip Group;;;(4) 13641-3189;;;;;Br-277, Borda Do Campo, 83075000;Br-277;;;Borda Do Campo;;;83075000;;;;11/01/2022 00:48:22;NULL
2620;27404583;Rascal Jk;;;(1) 13152-6111;;;;;Presidente Juscelino Kubitschek, 2041, Vila Nova Conceição, 04543011;Presidente Juscelino Kubitschek;2041;;Vila Nova Conceição;;;04543011;;;;11/01/2022 00:48:18;NULL
2621;27404659;Risotolandia - Tintex;;;(4) 13641-3189;;;;;Ampélio Gazzetta, 111, Parque Residencial Francisco Lopes Iglesia, 13385510;Ampélio Gazzetta;111;;Parque Residencial Francisco Lopes Iglesia;;;13385510;;;;11/01/2022 00:48:24;NULL
2622;27404600;Risa Class - Sta Rosa Do Viterbo;;;(4) 13641-3189;;;;;Pavimentacao Asfaltica, 322, Fazenda Amalia, 14270000;Pavimentacao Asfaltica;322;;Fazenda Amalia;;;14270000;;;;11/01/2022 00:48:19;NULL
2623;27404526;Pgr - Top Taylor;;;(1) 12985-7802;;;;;Lourenço Belloli, Vila Menck, 06268110;Lourenço Belloli;;;Vila Menck;;;06268110;;;;11/01/2022 00:48:14;NULL
2624;27404545;Ponto Ka;;;;;;;;Paulo Faccini, 1337, Macedo, 07111000;Paulo Faccini;1337;;Macedo;;;07111000;;;;11/01/2022 00:48:16;NULL
2625;27404650;Risotolandia - Riclan Brasil;;;(4) 13641-3189;;;;;Brasil 2567, 4801, Distrito Industrial, 13505900;Brasil 2567;4801;;Distrito Industrial;;;13505900;;;;11/01/2022 00:48:23;NULL
2626;27404597;Ricardo Batista;;;(1) 14577-0399;;;;;Embaixador Pedro De Toledo, 87, Centro, 09010050;Embaixador Pedro De Toledo;87;;Centro;;;09010050;;;;11/01/2022 00:48:19;NULL
2627;27404688;Sucos - Oakberry Belo Horizonte;;;;;;;;Dos Bandeirantes, 1653, Anchieta, 30310403;Dos Bandeirantes;1653;;Anchieta;;;30310403;;;;11/01/2022 00:48:26;NULL
2628;27404522;Pgr - Sucorrico;;;(1) 13195-4249;;;;;Anhanguera Km 176,6, < Sem  Bairro >, 13600000;Anhanguera Km 176,6;;;< Sem  Bairro >;;;13600000;;;;11/01/2022 00:48:13;NULL
2629;27404498;Pgr - Embrasatec Artur Nogueira;;;(1) 12894-3933;;;;;Vicinal Atm 070, 601, Sitio Cotrins, 13160000;Vicinal Atm 070;601;;Sitio Cotrins;;;13160000;;;;11/01/2022 00:48:12;NULL
2630;27404645;Risotolandia - Rc Shelter;;;(4) 13641-3018;;;;;Alto Paraná, 1453, Emiliano Perneta, 83324380;Alto Paraná;1453;;Emiliano Perneta;;;83324380;;;;11/01/2022 00:48:23;NULL
2631;27404584;Rascal Leblon - Rsle - Outro Local De En;;;(2) 12259-6437;;;;;Ayrton Senna 2150, 2150, Barra Da Tijuca, 22775900;Ayrton Senna 2150;2150;;Barra Da Tijuca;;;22775900;;;;11/01/2022 00:48:18;NULL
2632;27404617;Risotolandia - Fca;;;(4) 13641-3189;;;;;Hasdrúbal Bellegard, 739, Cidade Industrial, 81460120;Hasdrúbal Bellegard;739;;Cidade Industrial;;;81460120;;;;11/01/2022 00:48:21;NULL
2633;27404627;Risotolandia - Minas I;;;0000-0000;;;;;Antônio De Albuquerque, 1200, Lourdes, 30112015;Antônio De Albuquerque;1200;;Lourdes;;;30112015;;;;11/01/2022 00:48:22;NULL
2634;27404549;Pronutri - Artifix;;;;;;;;Luigi Papaiz, 159, Campanário, 09931610;Luigi Papaiz;159;;Campanário;;;09931610;;;;11/01/2022 00:48:16;NULL
2635;27404521;Pgr - Stamp;;;(1) 12985-7802;;;;;João Ferreira De Camargo, 143, Tambore, 06460060;João Ferreira De Camargo;143;;Tambore;;;06460060;;;;11/01/2022 00:48:13;NULL
2636;27404499;Pgr - Fertilizantes Heringer;;;(1) 12894-3033;;;;;Irene Karcher 620, 620, Betel, 13148906;Irene Karcher 620;620;;Betel;;;13148906;;;;11/01/2022 00:48:12;NULL
2637;27404615;Risotolandia - Duque De Caxias;;;(4) 13641-3189;;;;;Kennedy, 100, Parque Boa Vista Ii, 25085370;Kennedy;100;;Parque Boa Vista Ii;;;25085370;;;;11/01/2022 00:48:21;NULL
2638;27404471;Pgr  - Coplac Itu - Nao Usar;;;(1) 14577-0399;;;;;Doutor Carlos, 111, Rancho Grande, 13306140;Doutor Carlos;111;;Rancho Grande;;;13306140;;;;11/01/2022 00:48:10;NULL
2639;27404703;Tres Postos;;;;;;;;Senador Vergueiro, 2876, Anchieta, 09600004;Senador Vergueiro;2876;;Anchieta;;;09600004;;;;11/01/2022 00:48:28;NULL
2640;27404602;Risotolandia - Abbott;;;(4) 13641-3189;;;;;Michigan 735, 735, Cidade Monções, 04566905;Michigan 735;735;;Cidade Monções;;;04566905;;;;11/01/2022 00:48:20;NULL
2641;27404651;Risotolandia - Riclan Kennedy;;;(4) 13641-3189;;;;;Presidente Dutra, 1001, Do Estadio, 13500970;Presidente Dutra;1001;;Do Estadio;;;13500970;;;;11/01/2022 00:48:23;NULL
2642;27404714;Varanda Vila Olimpia;;;;;;;;Olimpíadas, 360, Vila Olimpia, 04551000;Olimpíadas;360;;Vila Olimpia;;;04551000;;;;11/01/2022 00:48:28;NULL
2643;27404582;Rascal Itaim;;;(1) 13078-3351;;;;;Leopoldo Couto Magalhães Júnior, 831, Itaim Bibi, 04542011;Leopoldo Couto Magalhães Júnior;831;;Itaim Bibi;;;04542011;;;;11/01/2022 00:48:18;NULL
2644;27404672;Rm - Luis Fernando;;;(1) 14577-0399;;;;;Doutor Samuel Porto, 351, Saúde, 04054010;Doutor Samuel Porto;351;;Saúde;;;04054010;;;;11/01/2022 00:48:25;NULL
2645;27404483;Pgr - Arcolor;;;(1) 13195-4249;;;;;Forte Do Triunfo, 45, Parque São Lourenço, 08340146;Forte Do Triunfo;45;;Parque São Lourenço;;;08340146;;;;11/01/2022 00:48:11;NULL
2646;27404502;Pgr - Flex Limeira;;;;;;;;Av. Figueira Branca, 1965, Dos Lopes, 13487410;Av. Figueira Branca;1965;;Dos Lopes;;;13487410;;;;11/01/2022 00:48:12;NULL
2647;27404699;Theuss - Delivery Morumbi;;;;;;;;Oscar Rodrigues Cajado Filho, 154, Santo Amaro, 04710190;Oscar Rodrigues Cajado Filho;154;;Santo Amaro;;;04710190;;;;11/01/2022 00:48:27;NULL
2648;27404589;Redrau Filtros Ltda - Santo Andre;;;(1) 14433-4788;;;;;Artur De Queirós, 986, Casa Branca, 09015510;Artur De Queirós;986;;Casa Branca;;;09015510;;;;11/01/2022 00:48:19;NULL
2649;27404679;Sara;;;(1) 14433-0980;;;;;Andorra, 343, Vila Francisco Matarazzo, 09241050;Andorra;343;;Vila Francisco Matarazzo;;;09241050;;;;11/01/2022 00:48:26;NULL
2650;27404468;Paula Silva Banus Miaguti;;;;;;;;General Osório, 106, Vila Gilda, 09190440;General Osório;106;;Vila Gilda;;;09190440;;;;11/01/2022 00:48:10;NULL
2651;27404624;Risotolandia - Hot Box;;;(1) 11111-1111;;;;;Luiz Franceschi, 697, Thomaz Coelho, 83707072;Luiz Franceschi;697;;Thomaz Coelho;;;83707072;;;;11/01/2022 00:48:21;NULL
2652;27404561;Pronutri - Plimax;;;(1) 12894-3033;;;;;Engenheiro Constâncio Cintra, 76, Pomar São Jorge, 13255877;Engenheiro Constâncio Cintra;76;;Pomar São Jorge;;;13255877;;;;11/01/2022 00:48:17;NULL
2653;27404641;Risotolandia - Rc Marista Santa Maria;;;(4) 13641-3189;;;;;Luiz Franceschi, 657, Thomaz Coelho, 83707072;Luiz Franceschi;657;;Thomaz Coelho;;;83707072;;;;11/01/2022 00:48:23;NULL
2654;27404603;Risotolandia - Almoxarifado Cpda - Arauc;;;(4) 13641-3189;;;;;Luiz Franceschi, 697, Thomaz Coelho, 83707072;Luiz Franceschi;697;;Thomaz Coelho;;;83707072;;;;11/01/2022 00:48:20;NULL
2655;27404565;Pronutri - Tam;;;;;;;;Monsenhor Antônio Pepe, 94, 94, Jardim Aeroporto, 04357900;Monsenhor Antônio Pepe, 94;94;;Jardim Aeroporto;;;04357900;;;;11/01/2022 00:48:17;NULL
2656;27404614;Risotolandia - Conduspar;;;(4) 13641-3189;;;;;Doutor Murici, 4000, Costeira, 83015290;Doutor Murici;4000;;Costeira;;;83015290;;;;11/01/2022 00:48:21;NULL
2657;27404683;Sistema Educacional;;;;;;;;Nossa Senhora Do Bom Conselho, 351, Chácara Nossa Senhora Do Bom Conselho, 05763470;Nossa Senhora Do Bom Conselho;351;;Chácara Nossa Senhora Do Bom Conselho;;;05763470;;;;11/01/2022 00:48:26;NULL
2658;27404447;Oak Acai Continental Ltda;;;;;;;;Leão Machado, 100, 100, Parque Continental, 05328999;Leão Machado, 100;100;;Parque Continental;;;05328999;;;;11/01/2022 00:48:08;NULL
2659;27404547;Portal Morumb;;;;;;;;Marechal Hastinfilo De Moura 338, 338, Vila Suzana, 05641900;Marechal Hastinfilo De Moura 338;338;;Vila Suzana;;;05641900;;;;11/01/2022 00:48:16;NULL
2660;27404512;Pgr - Isoforma;;;(1) 12985-7802;;;;;Dom Gabriel Paulino Bueno Couto, Pinhal, 13315000;Dom Gabriel Paulino Bueno Couto;;;Pinhal;;;13315000;;;;11/01/2022 00:48:13;NULL
2661;27404705;Unimed;;;;;;;;Tiradentes, 245, Vila Assunção, 09030560;Tiradentes;245;;Vila Assunção;;;09030560;;;;11/01/2022 00:48:28;NULL
2662;27404590;Renan Ruiz Piovezan;;;;;;;;Santa Cruz, 1531, Vila Mariana, 04121001;Santa Cruz;1531;;Vila Mariana;;;04121001;;;;11/01/2022 00:48:19;NULL
2663;27404581;Rascal Iguatemi;;;(1) 13816-3546;;;;;Brigadeiro Faria Lima, 2232, Jardim Paulistano, 01451000;Brigadeiro Faria Lima;2232;;Jardim Paulistano;;;01451000;;;;11/01/2022 00:48:18;NULL
2664;27404623;Risotolandia - Hospital Sjp;;;(4) 13641-3189;;;;;Passos De Oliveira, 1101, Centro, 83030720;Passos De Oliveira;1101;;Centro;;;83030720;;;;11/01/2022 00:48:21;NULL
2665;27404570;Pronutri Glp Bh;;;(1) 12521-8894;;;;;Antonio Ingracio Pereira, 101, Vespasiano, 33200000;Antonio Ingracio Pereira;101;;Vespasiano;;;33200000;;;;11/01/2022 00:48:17;NULL
2666;27404684;Skw;;;(1) 13370-0571;;;;;Natalia Zarif, 2655, Jardim São Geraldo, 07140040;Natalia Zarif;2655;;Jardim São Geraldo;;;07140040;;;;11/01/2022 00:48:26;NULL
2667;27404648;Risotolandia - Restaurante;;;;;;;;Luiz Franceschi, 697, Thomaz Coelho, 83707072;Luiz Franceschi;697;;Thomaz Coelho;;;83707072;;;;11/01/2022 00:48:23;NULL
2668;27404595;Restaurante Tuju - Vila Madalena;;;(1) 12691-5342;;;;;Fradique Coutinho, 1248, Pinheiros, 05416001;Fradique Coutinho;1248;;Pinheiros;;;05416001;;;;11/01/2022 00:48:19;NULL
2669;27404662;Risotolandia - Weg Cestari;;;(4) 13641-3140;;;;;Monte Alto, Perimetro Urbano, 15910000;Monte Alto;;;Perimetro Urbano;;;15910000;;;;11/01/2022 00:48:25;NULL
2670;27404630;Risotolandia - Neodent;;;(4) 13641-3189;;;;;Juscelino Kubitschek De Oliveira, 3291, Cidade Industrial, 81270200;Juscelino Kubitschek De Oliveira;3291;;Cidade Industrial;;;81270200;;;;11/01/2022 00:48:22;NULL
2671;27404711;Varanda Frutas - Cidade Jardim - Shoping;;;;;;;;Magalhães De Castro, 1200, Cidade Jardim, 05676120;Magalhães De Castro;1200;;Cidade Jardim;;;05676120;;;;11/01/2022 00:48:28;NULL
2672;27404464;Panificadora  La Casa - Eloisa Risotolan;;;(4) 13641-3189;;;;;Reverendo José Ferreira Filho, 37, Novo Mundo, 81050422;Reverendo José Ferreira Filho;37;;Novo Mundo;;;81050422;;;;11/01/2022 00:48:10;NULL
2673;27404572;Quatro Investimentos - Oakberry;;;;;;;;Holanda, 37, Parque Das Nacoes, 09210050;Holanda;37;;Parque Das Nacoes;;;09210050;;;;11/01/2022 00:48:18;NULL
2674;27404605;Risotolandia - Anaconda Curitiba;;;;;;;;Engenheiro Leao Sounis, 320, Jardim Botanico, 08210020;Engenheiro Leao Sounis;320;;Jardim Botanico;;;08210020;;;;11/01/2022 00:48:20;NULL
2675;27404459;Pack In Bag;;;(1) 12523-9198;;;;;Professor Castelo Branco, 71, Jardim Nove De Julho, 03947020;Professor Castelo Branco;71;;Jardim Nove De Julho;;;03947020;;;;11/01/2022 00:48:09;NULL
2676;27404448;Oakberry - Alameda Santos;;;;;;;;Santos, 1518, Cerqueira Cesar, 01418102;Santos;1518;;Cerqueira Cesar;;;01418102;;;;11/01/2022 00:48:08;NULL
2677;27404530;Pgr Condominio Gr;;;(1) 12985-7802;;;;;Vice-Prefeito Hermenegildo Tonolli 2000 Galpão 200, 1500, Distrito Industrial, 13213909;Vice-Prefeito Hermenegildo Tonolli 2000 Galpão 200;1500;;Distrito Industrial;;;13213909;;;;11/01/2022 00:48:14;NULL
2678;27404525;Pgr - Tectextil 2;;;(1) 13195-4249;;;;;João Batista Campos Pinto, 125, Jardim Abaeté, 13420264;João Batista Campos Pinto;125;;Jardim Abaeté;;;13420264;;;;11/01/2022 00:48:14;NULL
2679;27404591;Renova;;;(1) 13784-2798;;;;;Arturo Toscanini, 37, Parque Ipê, 05571030;Arturo Toscanini;37;;Parque Ipê;;;05571030;;;;11/01/2022 00:48:19;NULL
2680;27404606;Risotolandia - Anaconda Jaguare;;;(4) 13641-3189;;;;;Venceslau De Queirós 45, 45, Jaguare, 05323904;Venceslau De Queirós 45;45;;Jaguare;;;05323904;;;;11/01/2022 00:48:20;NULL
2681;27404664;Risotolandia Abbott Belo Horizonte;;;(4) 13641-3189;;;;;Professor José Vieira De Mendonça, 1301, Engenho Nogueira, 31310260;Professor José Vieira De Mendonça;1301;;Engenho Nogueira;;;31310260;;;;11/01/2022 00:48:25;NULL
2682;27404553;Pronutri - Componel;;;(1) 12985-7802;;;;;Domingos Marchetti, 41, Limao, 02712150;Domingos Marchetti;41;;Limao;;;02712150;;;;11/01/2022 00:48:16;NULL
2683;27404707;V10 Servicos Empresariais Eireli;;;;;;;;Papagaio, 448, Jardim Império, 86709460;Papagaio;448;;Jardim Império;;;86709460;;;;11/01/2022 00:48:28;NULL
2684;27404710;Varanda Frutas - Cidade Jardim;;;;;;;;Deputado Dario De Barros, 15, Cidade Jardim, 05670090;Deputado Dario De Barros;15;;Cidade Jardim;;;05670090;;;;11/01/2022 00:48:28;NULL
2685;27404637;Risotolandia - Rc Colegio Bosque;;;(4) 13641-3189;;;;;Luiz Franceschi, 657, Thomaz Coelho, 83707072;Luiz Franceschi;657;;Thomaz Coelho;;;83707072;;;;11/01/2022 00:48:22;NULL
2686;27404715;Vertico Bauru Empreendimentos Imob Ltda;;;(2) 12176-7272;;;;;General Marcondes Salgado, Chácara Das Flores, 17013113;General Marcondes Salgado;;;Chácara Das Flores;;;17013113;;;;11/01/2022 00:48:29;NULL
2687;27404573;Raft Embalagens - Renan;;;;;;;;João Batista Nogueira, 686, Vila Nova Cumbica, 07230451;João Batista Nogueira;686;;Vila Nova Cumbica;;;07230451;;;;11/01/2022 00:48:18;NULL
2688;27404555;Pronutri - Faturamento;;;;;;;;David Fabricius, 276, Jardim Guanabara, 04860160;David Fabricius;276;;Jardim Guanabara;;;04860160;;;;11/01/2022 00:48:16;NULL
2689;27404492;Pgr - Coplac Taubate;;;;;;;;Doutor José Ortiz Patto, 2001, Residencial Sítio Santo Antônio, 12072010;Doutor José Ortiz Patto;2001;;Residencial Sítio Santo Antônio;;;12072010;;;;11/01/2022 00:48:12;NULL
2690;27404592;Rental Festa;;;(1) 12067-6717;;;;;Dom Pedro Ii, 1874, Campestre, 09080001;Dom Pedro Ii;1874;;Campestre;;;09080001;;;;11/01/2022 00:48:19;NULL
2691;27404596;Riana Henrique Teixeira;;;;;;;;Higienópolis, 646, Higienopolis, 01238000;Higienópolis;646;;Higienopolis;;;01238000;;;;11/01/2022 00:48:19;NULL
2692;27404519;Pgr - Skf;;;(1) 12985-7802;;;;;Anhanguera, Polvilho, 07750000;Anhanguera;;;Polvilho;;;07750000;;;;11/01/2022 00:48:13;NULL
2693;27404701;To Go Paulista - Club Life Paulista;;;;;;;;Santos, 1518, Cerqueira Cesar, 01418102;Santos;1518;;Cerqueira Cesar;;;01418102;;;;11/01/2022 00:48:28;NULL
2694;27404556;Pronutri - Gol;;;(1) 14577-0399;;;;;Comandante Linneu Gomes S/N, Campo Belo, 04626900;Comandante Linneu Gomes S/N;;;Campo Belo;;;04626900;;;;11/01/2022 00:48:16;NULL
2695;27404621;Risotolandia - Hosp. S. Conceicao - Covi;;;(4) 13641-3195;;;;;Marechal Deodoro, 1187, Benfica, 60020061;Marechal Deodoro;1187;;Benfica;;;60020061;;;;11/01/2022 00:48:21;NULL
2696;27404509;Pgr - Goodman;;;(1) 12894-3933;;;;;Particular Sadae Takagi, 2235, Cooperativa, 09852070;Particular Sadae Takagi;2235;;Cooperativa;;;09852070;;;;11/01/2022 00:48:13;NULL
2697;27404718;Viva Comercial Ltda;;;(1) 13004-0303;;;;;Carlos Liviero, 266, Vila Liviero, 04186100;Carlos Liviero;266;;Vila Liviero;;;04186100;;;;11/01/2022 00:48:29;NULL
2698;27404542;Piu Rest.Higienopolis-Renato;;;;;;;;Higienópolis, 646, Higienopolis, 01238000;Higienópolis;646;;Higienopolis;;;01238000;;;;11/01/2022 00:48:15;NULL
2699;27404569;Pronutri Brasilata;;;(1) 13195-4249;;;;;Robert Bosch, Parque Industrial Tomas Edson, 01141010;Robert Bosch;;;Parque Industrial Tomas Edson;;;01141010;;;;11/01/2022 00:48:17;NULL
2700;27404457;Ocean - Peixaria;;;;;;;;Dos Chanes, 256, Indianópolis, 04087031;Dos Chanes;256;;Indianópolis;;;04087031;;;;11/01/2022 00:48:09;NULL
2701;27404676;Sabor Gourmet - Xig Pet Natural;;;(1) 93829-8000;;;;;Senador Feijó, 30, Centro, 13270110;Senador Feijó;30;;Centro;;;13270110;;;;11/01/2022 00:48:25;NULL
2702;27404531;Pgr Coplac Itu;;;;;;;;Doutor Carlos, 111, Rancho Grande, 13306140;Doutor Carlos;111;;Rancho Grande;;;13306140;;;;11/01/2022 00:48:14;NULL
2703;27404634;Risotolandia - Posigraf;;;(4) 13641-3140;;;;;Senador Accioly Filho, 511, Cidade Industrial, 81310000;Senador Accioly Filho;511;;Cidade Industrial;;;81310000;;;;11/01/2022 00:48:22;NULL
2704;27404653;Risotolandia - Risa Glass;;;(4) 13641-3189;;;;;Wiegando Olsen, 1600, Cidade Industrial, 81460070;Wiegando Olsen;1600;;Cidade Industrial;;;81460070;;;;11/01/2022 00:48:24;NULL
2705;27404647;Risotolandia - Renner;;;(4) 16341-3160;;;;;Rs-118, 6511, Neópolis, 94100420;Rs-118;6511;;Neópolis;;;94100420;;;;11/01/2022 00:48:23;NULL
2706;27404680;Sdt 3 Centro Comercial Ltda.;;;(1) 14788-3800;;;;;Régis Bittencourt, Cidade Intercap, 06768200;Régis Bittencourt;;;Cidade Intercap;;;06768200;;;;11/01/2022 00:48:26;NULL
2707;27404465;Paoletti;;;;;;;;Itapeti, 1000, Vila Gomes Cardim, 03324002;Itapeti;1000;;Vila Gomes Cardim;;;03324002;;;;11/01/2022 00:48:10;NULL
2708;27404702;Toque Final;;;;;;;;Ângelo Franchini, 165, Parque Jaçatuba, 09290416;Ângelo Franchini;165;;Parque Jaçatuba;;;09290416;;;;11/01/2022 00:48:28;NULL
2709;27404620;Risotolandia - Gelopar;;;(4) 13641-3189;;;;;Doutor Eli Volpato, 250, Chapada, 83707746;Doutor Eli Volpato;250;;Chapada;;;83707746;;;;11/01/2022 00:48:21;NULL
2710;27404706;Unishopping - Aliance Sonae;;;(1) 13371-3672;;;;;Doutor Cardoso De Melo, 1184, Vila Olimpia, 04548004;Doutor Cardoso De Melo;1184;;Vila Olimpia;;;04548004;;;;11/01/2022 00:48:28;NULL
2711;27404504;Pgr - Forceline Extrema - Nao Usar;;;(1) 13195-4249;;;;;Josepha Gomes De Souza, 85, Dos Pires, 37640000;Josepha Gomes De Souza;85;;Dos Pires;;;37640000;;;;11/01/2022 00:48:12;NULL
2712;27404479;Pgr - Adiente;;;(1) 13195-4249;;;;;Robert Kennedy, 925, Planalto, 09895003;Robert Kennedy;925;;Planalto;;;09895003;;;;11/01/2022 00:48:11;NULL
2713;27404720;Volvo Barra Funda;;;(1) 13217-6666;;;;;Norma Pieurccini Giannotti, 725, Barra Funda, 01137010;Norma Pieurccini Giannotti;725;;Barra Funda;;;01137010;;;;11/01/2022 00:48:29;NULL
2714;27404656;Risotolandia - Sociesc Itajai;;;(4) 13641-3189;;;;;Delfim Mário Pádua Peixoto, Praia Brava De Itajaí, 88306806;Delfim Mário Pádua Peixoto;;;Praia Brava De Itajaí;;;88306806;;;;11/01/2022 00:48:24;NULL
2715;27404486;Pgr - Atmosfera;;;(1) 14577-0399;;;;;Antonieta Piva Barranqueiros, Sitio Cotrins, 13212000;Antonieta Piva Barranqueiros;;;Sitio Cotrins;;;13212000;;;;11/01/2022 00:48:11;NULL
2716;27404508;Pgr - Glp Campinas;;;(1) 14577-5253;;;;;Municipal Joannine Caumo, 302, Nova Aparecida, 13067883;Municipal Joannine Caumo;302;;Nova Aparecida;;;13067883;;;;11/01/2022 00:48:13;NULL
2717;27404579;Rascal Guarulhos;;;(1) 12445-7422;;;;;Hélio Smidt, Aeroporto Guarulhos, 07190100;Hélio Smidt;;;Aeroporto Guarulhos;;;07190100;;;;11/01/2022 00:48:18;NULL
2718;27404482;Pgr - Aperan Inox 7092;;;(1) 12985-7802;;;;;Mercedes Benz, 1420, Distrito Industrial, 13054750;Mercedes Benz;1420;;Distrito Industrial;;;13054750;;;;11/01/2022 00:48:11;NULL
2719;27404587;Rascal Vila Lobos;;;(11) 30243710;;;;;Nacoes Unidas, 4777, Alto De Pinheiros, Álvares Florence/SP, SP, 05477000;Nacoes Unidas;4777;;Alto De Pinheiros;Álvares Florence/SP;SP;05477000;;;;11/01/2022 00:48:19;NULL
2720;27404477;Pgr - 7082 Ceramica;;;(1) 12894-3933;;;;;Dr. Duprat Figueiredo, 901, Maranquin, 13920000;Dr. Duprat Figueiredo;901;;Maranquin;;;13920000;;;;11/01/2022 00:48:10;NULL
2721;27404654;Risotolandia - Saae Barra Mansa;;;(4) 13641-3189;;;;;Homero Leite, 572, Saudade, 27345350;Homero Leite;572;;Saudade;;;27345350;;;;11/01/2022 00:48:24;NULL
2722;27404709;Varanda - Cd - Vila Morse;;;;;;;;Manuel Jacinto, 1284, Vila Morse, 05624001;Manuel Jacinto;1284;;Vila Morse;;;05624001;;;;11/01/2022 00:48:28;NULL
2723;27404462;Paes;;;(1) 14437-3545;;;;;Das Figueiras, 664, Campestre, 09080300;Das Figueiras;664;;Campestre;;;09080300;;;;11/01/2022 00:48:09;NULL
2724;27404473;Pgr  - Sinter;;;(1) 12894-3933;;;;;Sinter Futura, 300, Chacara Planalto, 13190000;Sinter Futura;300;;Chacara Planalto;;;13190000;;;;11/01/2022 00:48:10;NULL
2725;27404708;Valente;;;;;;;;Caminho Do Pilar, 1232, Vila Gilda, 09190000;Caminho Do Pilar;1232;;Vila Gilda;;;09190000;;;;11/01/2022 00:48:28;NULL
2726;27404622;Risotolandia - Hospital Santa Virginia;;;(4) 13641-3189;;;;;Conselheiro Cotegipe, 271, Brás, 03015000;Conselheiro Cotegipe;271;;Brás;;;03015000;;;;11/01/2022 00:48:21;NULL
2727;27404723;Wall Comercial Atacadista Eireli;;;;;;;;São Gabriel, 625, Itaim Bibi, 01435001;São Gabriel;625;;Itaim Bibi;;;01435001;;;;11/01/2022 00:48:29;NULL
2728;27404598;Risa Adm. De Res. - Rc Magius;;;(4) 13641-3189;;;;;Tijucas Do Sul, 388, Afonso Pena, 83045050;Tijucas Do Sul;388;;Afonso Pena;;;83045050;;;;11/01/2022 00:48:19;NULL
2729;27404612;Risotolandia - Cd Somos;;;(4) 13641-3189;;;;;Pres. Dutra, 670, Eugênio De Mello, 12247000;Pres. Dutra;670;;Eugênio De Mello;;;12247000;;;;11/01/2022 00:48:21;NULL
2730;27404639;Risotolandia - Rc Hosp. Unimed -;;;(4) 13641-3189;;;;;Carlos Osternack, 144, Estrela, 84040120;Carlos Osternack;144;;Estrela;;;84040120;;;;11/01/2022 00:48:22;NULL
2731;27404469;Pedro Paulo Rodarte Almeida;;;;;;;;Pau Brasil, Sul (Águas Claras), 71926000;Pau Brasil;;;Sul (Águas Claras);;;71926000;;;;11/01/2022 00:48:10;NULL
2732;27404518;Pgr - Prensa 7053;;;(1) 12894-3933;;;;;Edgard Máximo Zambotto, 5500, Chácara Lagoa Branca, 13231700;Edgard Máximo Zambotto;5500;;Chácara Lagoa Branca;;;13231700;;;;11/01/2022 00:48:13;NULL
2733;27404463;Pale;;;(1) 14576-7181;;;;;Edu Chaves, 234, Vila Bastos, 09041020;Edu Chaves;234;;Vila Bastos;;;09041020;;;;11/01/2022 00:48:09;NULL
2734;27404557;Pronutri - Haver;;;(1) 12985-7802;;;;;Jornalista Francisco Aguine, Aterrado, 13190000;Jornalista Francisco Aguine;;;Aterrado;;;13190000;;;;11/01/2022 00:48:16;NULL
2735;27404646;Risotolandia - Rcwhb Usinagem - Entr.Wie;;;(4) 13641-3189;;;;;Wiegando Olsen, 1000, Cidade Industrial, 81460070;Wiegando Olsen;1000;;Cidade Industrial;;;81460070;;;;11/01/2022 00:48:23;NULL
2736;27404452;Oakberry - São Caetano Do Sul;;;;;;;;Terracota, 545, Ceramica, 09531190;Terracota;545;;Ceramica;;;09531190;;;;11/01/2022 00:48:09;NULL
2737;27404696;Termomecanica Fab 1;;;(1) 14366-9777;;;;;Caminho Do Mar, 2652, Rudge Ramos, 09612000;Caminho Do Mar;2652;;Rudge Ramos;;;09612000;;;;11/01/2022 00:48:27;NULL
2738;27404588;Recanto Dos Avos;;;(1) 12467-0221;;;;;Do Saboo, 753, Jardim São João, 07152000;Do Saboo;753;;Jardim São João;;;07152000;;;;11/01/2022 00:48:19;NULL
2739;27404491;Pgr - Coplac Curitiba;;;(1) 12985-7802;;;;;João Lunardelli, 1651, Cidade Industrial, 81460100;João Lunardelli;1651;;Cidade Industrial;;;81460100;;;;11/01/2022 00:48:11;NULL
2740;27404698;Thc  - Oakberry Teodoro Sampaio;;;;;;;;Teodoro Sampaio, 1027, Pinheiros, 05405100;Teodoro Sampaio;1027;;Pinheiros;;;05405100;;;;11/01/2022 00:48:27;NULL
2741;27404686;Sociedade Portuguesa De Benef.De S.Andre;;;(1) 12198-5000;;;;;Portugal, 530, Jardim Bela Vista, 09040000;Portugal;530;;Jardim Bela Vista;;;09040000;;;;11/01/2022 00:48:26;NULL
2742;27404476;Pgr - 7074 Fitesa - Nao Usar;;;(1) 12985-7802;;;;;Zeferino Vaz, Sp 332, 13150000;Zeferino Vaz;;;Sp 332;;;13150000;;;;11/01/2022 00:48:10;NULL
2743;27404704;Triple Bowls - Oakberry Pinheiros;;;;;;;;Dos Pinheiros, 466, Pinheiros, 05422000;Dos Pinheiros;466;;Pinheiros;;;05422000;;;;11/01/2022 00:48:28;NULL
2744;27404666;Risotolandia Cozinha;;;(4) 13641-3189;;;;;Luiz Franceschi, 697, Thomaz Coelho, 83707072;Luiz Franceschi;697;;Thomaz Coelho;;;83707072;;;;11/01/2022 00:48:25;NULL
2745;27404616;Risotolandia - Escola Cedup Abilio Paulo;;;(4) 13641-3189;;;;;Universitária, 345, Universitário, 88806000;Universitária;345;;Universitário;;;88806000;;;;11/01/2022 00:48:21;NULL
2746;27404649;Risotolandia - Ribeirao Das Neves;;;(4) 13641-3189;;;;;José Carlos Costa, 688, Liberdade, 33822722;José Carlos Costa;688;;Liberdade;;;33822722;;;;11/01/2022 00:48:23;NULL
2747;27404586;Rascal Rio Sul - Rsrs - Outro Local De E;;;(2) 13873-0339;;;;;Ayrton Senna 2150, 2150, Barra Da Tijuca, 22775900;Ayrton Senna 2150;2150;;Barra Da Tijuca;;;22775900;;;;11/01/2022 00:48:19;NULL
2748;27404668;Risotolandia Marp;;;;;;;;Bahia, 7680, Salto Weissbach, 89032002;Bahia;7680;;Salto Weissbach;;;89032002;;;;11/01/2022 00:48:25;NULL
2749;27404534;Pgr Eaton 7134 - Mogimirim;;;;;;;;Engenheiro Antônio De Simone Neto, 465, Distrito Industrial Ii Luiz Torrani, 13803576;Engenheiro Antônio De Simone Neto;465;;Distrito Industrial Ii Luiz Torrani;;;13803576;;;;11/01/2022 00:48:14;NULL
2750;27404544;Pomar Cafeteria Ltda;;;;;;;;Lorena, 1784, Jardim Paulista, 01424001;Lorena;1784;;Jardim Paulista;;;01424001;;;;11/01/2022 00:48:15;NULL
2751;27404493;Pgr - Covre Limeira;;;(1) 12985-7802;;;;;Anhanguera, Jardim Nova Limeira, 13486199;Anhanguera;;;Jardim Nova Limeira;;;13486199;;;;11/01/2022 00:48:12;NULL
2752;27404560;Pronutri - Nitroquimica;;;(1) 12985-7802;;;;;Doutor José Artur Nova, 951, Parque Paulistano, 08090900;Doutor José Artur Nova;951;;Parque Paulistano;;;08090900;;;;11/01/2022 00:48:17;NULL
2753;27404726;Informe um Nome;;;(1) 13576-7244;;;;;Ferreira De Araújo, 314, Pinheiros, 05428000;Ferreira De Araújo;314;;Pinheiros;;;05428000;;;;11/01/2022 00:48:30;NULL
2754;27404515;Pgr - Nortene;;;(1) 12985-7802;;;;;Doutor Dib Sauaia Neto, 4628, Alphaville Industrial, 06455050;Doutor Dib Sauaia Neto;4628;;Alphaville Industrial;;;06455050;;;;11/01/2022 00:48:13;NULL
2755;27404618;Risotolandia - Franklin;;;(4) 13641-3189;;;;;Hans Dieter Schmidt, 1501, Zona Industrial Norte, 89219504;Hans Dieter Schmidt;1501;;Zona Industrial Norte;;;89219504;;;;11/01/2022 00:48:21;NULL
2756;27404626;Risotolandia - Instituto Core;;;(4) 13641-3189;;;;;Luiz Franceschi, 657, Thomaz Coelho, 83707072;Luiz Franceschi;657;;Thomaz Coelho;;;83707072;;;;11/01/2022 00:48:22;NULL
2757;27404721;Vr Restaurante - Boali;;;;;;;;Conselheiro Moreira De Barros, 2780, Lauzane Paulista, 02430001;Conselheiro Moreira De Barros;2780;;Lauzane Paulista;;;02430001;;;;11/01/2022 00:48:29;NULL
2758;27404529;Pgr -Brogota;;;(1) 12894-3933;;;;;Islândia, 310, Parque Industrial Daci, 06785390;Islândia;310;;Parque Industrial Daci;;;06785390;;;;11/01/2022 00:48:14;NULL
2759;27404467;Paula Cristina Romano;;;;;;;;Bartolomeu De Gusmão, 41, Encruzilhada, 11045000;Bartolomeu De Gusmão;41;;Encruzilhada;;;11045000;;;;11/01/2022 00:48:10;NULL
2760;27404682;Simonetto Alimentos Ltda;;;(5) 43344-4300;;;;;Aurelio Sossella, 98, Centro, 99950000;Aurelio Sossella;98;;Centro;;;99950000;;;;11/01/2022 00:48:26;NULL
2761;27404644;Risotolandia - Rc Positivo;;;;;;;;Joao Betega, 5200, Cidade Industrial, 81020430;Joao Betega;5200;;Cidade Industrial;;;81020430;;;;11/01/2022 00:48:23;NULL
2762;27404453;Oakberry - Vl. Madalena;;;;;;;;Harmonia, 150, Sumarezinho, 05435000;Harmonia;150;;Sumarezinho;;;05435000;;;;11/01/2022 00:48:09;NULL
2763;27404670;Risotolandia Schweitzer-Swm3402;;;(4) 13641-3064;;;;;Darcy Vargas, 325, Santanesia, 27195000;Darcy Vargas;325;;Santanesia;;;27195000;;;;11/01/2022 00:48:25;NULL
2764;27404568;Pronutri Assef Maluf 7081;;;(1) 12985-7802;;;;;Fuad Assef Maluf, 510, Jardim Bela Vista, 13175090;Fuad Assef Maluf;510;;Jardim Bela Vista;;;13175090;;;;11/01/2022 00:48:17;NULL
2765;27404609;Risotolandia - Brafer;;;(4) 13641-3189;;;;;Das Araucárias, 40, Barigui, 83707642;Das Araucárias;40;;Barigui;;;83707642;;;;11/01/2022 00:48:20;NULL
2766;27404691;Sushi Nabanna;;;;;;;;Deputado Dario De Barros, 401, Cidade Jardim, 05670090;Deputado Dario De Barros;401;;Cidade Jardim;;;05670090;;;;11/01/2022 00:48:27;NULL
2767;27404490;Pgr - Ceramica Lume - Limeira;;;;;;;;Rod.Dep.Laercio Corte Km 121, Zona Rural, 13480970;Rod.Dep.Laercio Corte Km 121;;;Zona Rural;;;13480970;;;;11/01/2022 00:48:11;NULL
2768;27404503;Pgr - Forceline Extrema;;;;;;;;Josepha Gomes De Souza, 85, Dos Pires, 37640000;Josepha Gomes De Souza;85;;Dos Pires;;;37640000;;;;11/01/2022 00:48:12;NULL
2769;27404724;West Plaza Shopping;;;(1) 13677-4055;;;;;Francisco Matarazzo 455, Água Branca, 05001900;Francisco Matarazzo 455;;;Água Branca;;;05001900;;;;11/01/2022 00:48:29;NULL
2770;27404540;Piu Rest- Pinheiros/Ferreira-Celio;;;(1) 13576-7244;;;;;Ferreira De Araújo, 314, Pinheiros, 05428000;Ferreira De Araújo;314;;Pinheiros;;;05428000;;;;11/01/2022 00:48:15;NULL
2771;27404481;PGR - AL Puxadores;;;(11) 29857802;;;;;Juraci Aletto, 244, Sertaozinho, 09370813;Juraci Aletto;244;;Sertaozinho;;;09370813;;;;11/01/2022 00:48:11;NULL
2772;27404580;Rascal Higienopolis;;;(1) 13822-0183;;;;;Higienópolis, 646, Higienopolis, 01238000;Higienópolis;646;;Higienopolis;;;01238000;;;;11/01/2022 00:48:18;NULL
2773;27404663;Risotolandia - Whb - Fundicao;;;(1) 13641-3189;;;;;Wiegando Olsen, 1600, Cidade Industrial, 81460070;Wiegando Olsen;1600;;Cidade Industrial;;;81460070;;;;11/01/2022 00:48:25;NULL
2774;27404593;Rental Festa Americo Samarone;;;(1) 12067-6717;;;;;Américo Samarone, 251, Vila Moinho Velho, 04284000;Américo Samarone;251;;Vila Moinho Velho;;;04284000;;;;11/01/2022 00:48:19;NULL
2775;27404552;Pronutri - Cm Comandos;;;(1) 12985-7802;;;;;Engenheiro Alberto De Zagottis, 760, Jurubatuba, 04675230;Engenheiro Alberto De Zagottis;760;;Jurubatuba;;;04675230;;;;11/01/2022 00:48:16;NULL
2776;27404566;Pronutri - Tec Textil Matriz;;;(1) 12985-7802;;;;;Capitão José Pinto Siqueira, 1700, Unileste, 13422150;Capitão José Pinto Siqueira;1700;;Unileste;;;13422150;;;;11/01/2022 00:48:17;NULL
2777;27404669;Risotolandia Nilko;;;(4) 13641-3018;;;;;Maringá, 1900, Emiliano Perneta, 83325360;Maringá;1900;;Emiliano Perneta;;;83325360;;;;11/01/2022 00:48:25;NULL
3537;;Revix;;12651982000160;;;;;;Santa catarina, SP;Santa catarina;;;;;SP;;;;;15/04/2024 13:41:28;
