ID;Data;Empresa;Usuário;Texto do Histórico
2431;17/02/2016 14:58;A melhor alimentação Franco Da Rocha;Jessica;Visita para instalação de diluidor sexta as 14:00 hs.
2454;22/02/2016 13:53;AB Brasil;Alexandre Malhado;E-mail enviado para o Senhor Marcos perguntado se ele recebeu a resposta sobre as bactérias salmonella e listeria.
2410;05/02/2016 12:30;AB Brasil;Alexandre Malhado;Visita agendada para o dia 10-02-2016 às 10h30 com o Senhor Marcos Capobianco.
2103;26/10/2015 18:03;Abatedouro Aves Gonzalez;Adriana;Liguei, mas a Priscila já foi embora. Ligar amanhã.
2168;22/10/2015 15:23;Abatedouro Aves Gonzalez;Renan;enviado apresentacao por e-mail 22.10.2015 para Priscila no e-mail do rh, pois o da qualidade estava com problema
1606;13/08/2015 19:11;Abatedouro Avicola Carraro;Simone;"0/08 - Eu simone agendei visita para Jackson e Aguinaldo na semana do dia 24/08

Levar amostras contratipos da Nipon - 5000 cl / 3000 cl / Sapone Bac"
1653;12/08/2015 19:10;Abatedouro Avicola Carraro;Simone;retornar dia 20/08
1666;12/08/2015 19:07;Abatedouro Avicola Carraro;Jackson;"Q legal



Em 2015-08-11 11:58, Equipe do Agendor escreveu:



&gt;

Simone agendou uma tarefa para você no histórico da empresa AbatedouroAvicola Carraro:"
1607;11/08/2015 14:58;Abatedouro Avicola Carraro;Simone;"10/08 - Eu simone agendei visita para Jackson e Aguinaldo na semana do dia 24/08

Levar amostras contratipos da Nipon - 5000 cl / 3000 cl / Sapone Bac"
2552;02/03/2016 14:21;Addoratti Festas;Adriana;"Liguei agora para a Débora 

Ela disse que já dá um retorno por e-mail mesmo."
2541;23/02/2016 17:48;Addoratti Festas;Adriana;"Liguei hoje para a Débora.

Continuar contato diário."
2539;23/02/2016 11:27;Addoratti Festas;Adriana;E-mail: deborapsda@gmail.com
2428;02/02/2016 18:31;Addoratti Festas;Adriana;Elaborar cotação para a Débora.
2408;02/02/2016 18:31;Addoratti Festas;Adriana;"Visitei a segunda unidade hoje.

Testes em andamento."
2402;27/01/2016 22:33;Addoratti Festas;Adriana;Teste realizado hoje. Semana que vem dar continuidade nos testes.
2293;27/10/2015 17:25;Addoratti Festas;Adriana;Débora já foi embora.
2134;26/10/2015 18:00;Addoratti Festas;Adriana;Débora não está. Tentei contato na outra unidade e não consegui.
1989;02/10/2015 17:09;Addoratti Festas;Adriana;Tentei contato nos dois telefones e só chamou.
1872;24/09/2015 17:39;Addoratti Festas;Adriana;"Renan visitou ontem, mas a Débora não estava.
Ele deixou o cartão de visita."
1753;31/08/2015 19:54;Addoratti Festas;Adriana;"Conversei com a Débora hoje.

Reencaminhei o e-mail para ela passar a relação de produtos."
1655;11/08/2015 18:35;Addoratti Festas;Adriana;E-mail enviado para Débora cobrando os produtos. Para agendarmos os testes.
1503;05/08/2015 17:31;Addoratti Festas;Adriana;"Conversei com a Débora hoje, disse para eu retornar na 2a feira para acertarmos os produtos que serão utilizados.

E agendar a data do teste."
1514;04/08/2015 19:42;Addoratti Festas;Adriana;Liguei, e a Débora estava em reunião.  Retornar
1580;28/07/2015 14:21;Addoratti Festas;Victor;28.07 Débora não estava, e André está de férias
1250;25/06/2015 21:40;Addoratti Festas;Adriana;Contato com a nutricionista Débora ontem.
824;27/05/2015 21:02;Addoratti Festas;Adriana;"Visita e entrega de catálogo hoje.



Concorrente: Trevo 



Agendar outra visita com o André e nutricionista."
2285;27/10/2015 18:31;Adega Santiago;Adriana;"Liguei hoje para o Fabio, mas não atendeu.
Enviei e-mail reforçando meu contato."
2258;27/10/2015 18:30;Adega Santiago;Adriana;Primeiro contato com o Fabio em janeiro/2015.
1985;29/09/2015 18:14;Adria Alimentos do Brasil;Jessica;"Ligou hoje, eles trabalham com a Diversey.
Falar com a Madilte Silva, coordenadora de produção."
1976;29/09/2015 16:21;Adria Alimentos do Brasil;Jessica;Ligar as 14 hs e falar com a Nadilte qualidade.
2154;27/10/2015 14:55;Agerip;Alexandre Malhado;Os produtos foram testados. Fui informado pela Letícia que o pessoal da limpeza gostou muito dos produtos, porém, os preços que eles estão pagando atualmente estão muito abaixo dos nossos.  Passarei os valores pessoalmente para o Victor ou para o Renan para ver se é possível fazermos algo.
2133;23/10/2015 16:15;Agerip;Alexandre Malhado;Marcado um bate papo com Letícia para a próxima segunda-feira (26-10-15).
2049;08/10/2015 18:15;Agerip;Alexandre Malhado;Entrar em contato para saber sobre os testes.
1913;02/10/2015 18:51;Agerip;Alexandre Malhado;Entreguei hoje as amostras de alguns produtos para testes.  Os produtos entregues foram: KIMI KAV 2 / PRO HS / PRO KLIMBE / PRO STAR LAVANDA / PRO HA 3000 CL / NEUTER ULTRA. Entrarei em contato dia 12-10-2015 para saber o resultado do teste.
1835;24/09/2015 01:32;Agerip;Alexandre Malhado;"Contato realizado via telefone. Visita agendada para o dia 24-09-15 às 9 horas com a Senhora Letícia.
__________
24-09-15: Visita realizada com sucesso. Atualmente a empresa adquiri os produtos de limpeza da Start. Tirei fotos de todos os produtos que eles utilizam. Foram muito receptivos e possuem interesse em conhecer nossos produtos. Vou pedir ajuda ao Victor para fazermos uma  amostra com os produtos da Kimium.
__________
28-09-15. Entregarei as amostras para teste no dia 01-10-15
__________"
1959;06/10/2015 17:49;Aguas da Prata;Simone;06.10 Falei com Vanessa, disse que fechou contrato com a Ecolab de 2 anos no mes passado,enviei apresentacao pr e-mail - qualidade@aguasprata.com.br
2423;29/01/2016 10:39;Aladim;Alexandre Malhado;Geisa relatou que o processo de terceirização não deu certo. A higienização voltou a ser feita pelos próprios colaboradores da empresa.  Entretanto, ela disse que a situação está muito apertada e que a empresa não tem nem clima para fazer cotações com novos fornecedores. Entrarei em contato futuramente.
2373;21/01/2016 10:41;Aladim;Alexandre Malhado;Geisa voltará de férias dia 22-01-2016.
2118;27/10/2015 15:42;Aladim;Alexandre Malhado;Contato realizado com Geisa. No momento ela não quer fazer mais testes, pois a empresa irá terceirizar a parte de limpeza. Pediu para retornar futuramente para saber se o processo de terceirização foi concluído.
2060;08/10/2015 19:16;Aladim;Alexandre Malhado;Geisa não estava na empresa hoje. Pediu para retornar amanhã (09-10-15).
1951;06/10/2015 14:27;Aladim;Victor;Xande, esse cliente fica em Mirassol. Pode dar andamento.
1404;22/07/2015 19:50;Aladim;Renan;22/07/2015 - Geisa disse que testou e os produtos nao foram aprovados, comentei de mandar novas amostras para novos testes, disse que por enquanto não vai fazer mais testes, estão com auditoria
567;06/04/2015 15:16;Aladim;Victor;Enviei e-mail para a Geisa perguntando. Cobrar.
501;24/03/2015 13:54;Aladim;Victor;Parece que testariam os produtos a partir de ontem. Geisa mandou e-mail perguntando sobra as fichas técnicas. Ligar mais para o fim da semana.
512;09/03/2015 14:31;Aladim;Victor;Enviei e-mail dizendo que eu gostaria de acompanhar a higienização. Cobrar resposta.
437;27/02/2015 12:34;Aladim;Victor;Ainda não testou os produtos. Está enrolada. Ligar depois.
418;11/02/2015 23:00;Aladim;Victor;Entreguei produtos. Acompanhar para ver aprovação de teste.
379;04/02/2015 13:14;Aladim;Victor;Nota fiscal emitida. Retirar produtos para realizar teste.
351;01/02/2015 23:20;Aladim;Victor;Enviado e-mail solicitando dados cadastrais para amostra. Acompanhar.
152;13/11/2014 11:34;Aladim;Victor;Respondido e-mail da Geisa. Tentar visitar quando estiver por Rio Preto.
119;10/11/2014 17:56;Aladim;Victor;Consegui falar com a Karen, que pediu para enviar catálogo para geisa@aladim.ind.br / E-mail já enviado. Acompanhar.
120;07/11/2014 18:25;Aladim;Victor;Conseguir falaram com a Karen
1688;11/08/2015 19:28;Alibra;Ivan;Catálogo para Osni a duas semanas atrás. Email enviado. Ligar e marcar visita na semana do dia 17
2513;10/03/2016 20:48;Alimentos Wilson;Victor;Ligar na segunda ou terça-feira para agendar na volta de Rio Preto.
2483;22/02/2016 12:45;Alimentos Wilson;Alexandre Malhado;"Vera não faz mais parte da empresa. Agendei uma visita com Rachel (Controle de Qualidade) dia 04-03-2016 às 10h00. Mandar e-mail dia 02-04-2016 para lembrá-la da visita

rachelgama@alimentoswilson.com.br"
2037;07/10/2015 18:25;Alimentos Wilson;Victor;Xande, ouvi dizer que eles estão meio mal das pernas, mas vai desenrolando com a Vera, ve os produtos que eles usam, e pede os dados cadastrais. A gente consulta e ve se vai pra cima ou não.
1515;28/07/2015 14:15;Alimentos Wilson;Victor;28.07 - Victor vc passou nesse cliente?
918;02/06/2015 14:03;Alimentos Wilson;Victor;Vera disse que pode receber visita qualquer dia da semana que vem, menos na terça-feira. Tentar passar na segunda.
564;30/03/2015 14:49;Alimentos Wilson;Victor;Alinhar questões com Vera. Já foi deixado caderno e catálogo em mãos.
1679;13/08/2015 19:21;Alinutri;Simone;13/08/2015 Eu Simone,ligo todas atendem menos a Karla
1651;11/08/2015 13:00;Alinutri;Simone;"11/08 Eu Simone liguei porém Karla somente à tarde

14/08 Eu Simone liguei e Karla não estava na sala"
1650;07/08/2015 18:37;Alinutri Refeições para Coletividade;Renan;07/08/2015 - enviado apresentacao por e-mail, solicitando visita ainda nao tive retorno
1667;24/08/2015 18:01;Alsácia;Jessica;"Treinamento agendado com datashow.

Quinta feiras as 10hs"
1673;21/08/2015 14:09;Alsácia;Jessica;colado guia de produtos, tudo ok.
1541;05/08/2015 13:36;Alsácia;Jessica;Deixei frascos, tudo ok!
1581;29/07/2015 17:36;Alsácia;Jessica;4 frascos levar
1430;22/07/2015 15:20;Alsácia;Jessica;"Frascos para detergente 4.

Adesivar cozinha."
1689;24/08/2015 20:07;América Restaurante;Renan;"24/08 Renan ligou , retornar 25/08 falar com Marisa ramal 871



26/08 - Liguei e falei com Marisa, me passou que seria com Luis 5644.6860 mas já adiantou que tme contrato ha mais de 10 anos com a Ericon, que eles patrocinam catálogos para eles, fazem assistencia tecnica da maquina diariamente."
2024;07/10/2015 12:26;Amor Aos Pedaços;Victor;Tem quase R$ 2.000.000,00 de protesto. Osso.
1850;17/09/2015 17:27;Amor Aos Pedaços;Victor;Pré-agendado visita para sexta-feira, dia 25/09. Ligar caso tenha algum imprevisto. Disse que compram da Kalykim.
1480;20/07/2015 20:58;Amor Aos Pedaços;Victor;Abastecer com endereço
1206;22/06/2015 19:19;Amor Aos Pedaços;Victor;Marilia está de férias. Só semana que vem.
813;28/05/2015 16:28;Amor Aos Pedaços;Victor;Enviei e-mail para a Marilia pedindo para agendar visita.
791;26/05/2015 13:38;Amor Aos Pedaços;Victor;Deixado catálogo na portaria. Ramal dela só chama e é só com horario agendado.
1575;29/07/2015 17:44;Antoniolli Massas;Jessica;"Falei com a Dafne, pediu para encaminhar um e-mail com catálogo.

Não está votando agora, mas pode dar uma olhada."
2374;05/01/2016 18:05;Aqualav;Victor;Gui está de férias. Pediu para passar lá semana que vem.
2070;07/10/2015 17:22;Aqualav;Victor;Renan disse que vamos começar em Janeiro. Esperar.
439;05/02/2015 17:56;Aqualav;Victor;Ver com mãe do Gui Bonadio para iniciar testes.
222;04/12/2014 09:55;Aqualav;Victor;Conversar com Priscila (Qualidade) ou alguém de compras e iniciar conversa.
2600;09/03/2016 18:40;Arabian Bread;Adriana;Tentei mais uma vez agora à tarde, a Carla disse para eu retornar amanhã, pois a Vanessa está em reunião.
2533;09/03/2016 14:42;Arabian Bread;Adriana;Liguei hoje cedo. A menina que atendeu pediu para ligar à tarde.
2596;08/03/2016 16:48;Arabian Bread;Adriana;Liguei hoje. Disseram que só vou conseguir falar com a Vanessa amanhã.
2549;08/03/2016 16:47;Arabian Bread;Adriana;Liguei sexta feira dia 4. A Vanessa estava em reunião. Não consegui contato o dia inteiro.
2547;02/03/2016 14:21;Arabian Bread;Adriana;"Ligar dia 4 para a Vanessa.

Para confirmar se vamos testar na semana do dia 7 de março."
2531;23/02/2016 17:49;Arabian Bread;Adriana;"Liguei hoje à tarde. A Vanessa está em reunião.

A Carla pediu para voltar a ligar só amanhã. 

Enviei e-mail em seguida registrando minha ligação."
2460;16/02/2016 11:02;Arabian Bread;Adriana;"Liguei hoje cedo e conversei com a Carla.

Ela disse que hoje a Vanessa só pode receber ligação à tarde, pois está a manhã inteira com visita. 

Enviei e-mail em seguida registrando."
2458;15/02/2016 18:01;Arabian Bread;Adriana;"Reencaminhei a cotação.

Tentar levar pessoalmente."
2426;15/02/2016 14:08;Arabian Bread;Adriana;"Tentei contato com a Vanessa para saber se tem dúvidas quanto à cotação, mas não consegui. 

Ficar em cima!"
2490;04/02/2016 13:55;Arabian Bread;Adriana;Liguei ontem e hoje para a Vanessa, mas não consegui contato.
2493;27/01/2016 22:46;Arabian Bread;Adriana;"Renan enviou e-mail para a Vanessa na segunda feira, dia 25.

Ficar em cima!!!"
2494;25/01/2016 17:05;Arabian Bread;Adriana;"Conversamos pessoalmente  6ª feira, dia 22, com a Vanessa. 

Eles estão abertos para testes, essa semana testariam com a Larkin."
2310;18/01/2016 17:21;Arabian Bread;Adriana;Reunião agendada para 6a feira, dia 22. Horário: 9h
1219;24/06/2015 14:14;Arabian Bread;Renan;Converei com a Vanessa, disse que estava saindo de férias e é para retornarmos em Agosto, mandar e-mail para lembrar ela do assunto.
780;22/05/2015 18:51;Arabian Bread;Renan;mandei email pois estava em reuniao
631;04/05/2015 17:52;Arabian Bread;Renan;"acompnhando desde outubro , esta satisfeita com a Mundial; ligar para ficar em cima"
844;26/05/2015 20:02;Arco-Íris;Victor;Ana Lucia disse que esta não é a época ideal para conhecer novos fornecedores. Pediu para ligar mais para frente.
541;24/03/2015 13:00;Arco-Íris;Victor;Ana Lucia recebeu o caderno e pediu para deixar um pouco mais pra frente pois está muito enrolada.
556;09/03/2015 17:11;Arco-Íris;Victor;Deixado caderno para Ana Lúcia. Ligar para ver se consegue agendar uma visita.
528;09/03/2015 13:59;Arco-Íris;Victor;"Compram da Ecolab e Diversey. Já abriram muito para testes, mas como estão trabalhando com poucos funcionários, estão evitando.



Deixar caderno e catálogo para Ana Lúcia. Depois enviar e-mail solicitando visita."
2489;22/01/2016 10:50;Argenzio;Renan;20/01/2016 - Jackson visitou, André pediu fisqps dos produtos enviados para amostra, após aprovação das mesmas, será enviado cotação dos produtos - pro ha al / pro bac al / pro hs / neuterax orange
1752;10/09/2015 16:45;Argenzio;Renan;09/09/2015 Eu Simone, falei com André disse que começou a fazer os testes essa semana e combinei de retornar semana que vem.
1742;01/09/2015 18:05;Argenzio;Renan;Retorno Jackson por e-mail dia 27/08/2015 - Simone deixamos amostra para andre. Ficou de falar com seu patrao para agendar um teste com nosso produto - 9.8109.8314 - André
1271;24/06/2015 13:55;Argenzio;Renan;"conversei com André por telefone, disse que faz a solicitação do produtos para compras e eles decidem, parece que usam Soda e Acido Nitrico puros de revenda, e que o detergente desengordurante é o CRA da Mundial; Jackson irá deixar catalogo."
765;26/05/2015 14:19;Argenzio;Renan;E-mail enviado para o André
1725;15/09/2015 12:17;Argenzio Laticinio;Simone;15/09/2015 - Falei com André está gostando dos produtos, pediu para aguardar até o final do mês.Acabando os testes, temos que falar com Ricardo(negociação)
1633;13/08/2015 19:14;Argenzio Laticinio;Simone;13/08/2015 Eu Simone agendei visitapara Jackson e Aguinaldo  para teste de produtos na semana do dia 24/08 na parte da manha - compra produtos da mundial como cloro e detergente neutro quando precisa detergente  clorado mistura os dois , soda e ácido -
1638;11/08/2015 14:55;Argenzio Laticinio;Simone;"Agendar para teste com Aguinaldo e Jackson

13/08 - Programada visita na semana do dia 24/08 após as 8:30 procurar André Mattos - usa soda, acido peracético / cloro / detergente compra da mundial - ja enviado apresentacao por e-mail

01/09 Falei com André disse que não testou ainda vai testar , e retorno para ele no meio da semana que vem"
1258;24/06/2015 14:29;Arrifana;Renan;Alexandre ainda nao conseguiu testar.
1031;11/06/2015 17:15;Arrifana;Renan;Deicado amostra do 3000 CL
920;03/06/2015 19:33;Arrifana;Renan;falei hoje com o Alexandre reuniao marcada para o dia 9/6
838;27/05/2015 19:48;Arrifana;Ivan;Renan ligou e descobriu que o dono se chama Fernando
1704;10/09/2015 13:13;Arroz Vasconcelos;Jessica;"Maria Aline estara me aguardando amanhã.

Periodo da tarde."
1388;01/07/2015 18:43;Arroz Vasconcelos;Jessica;Falei com a Maria Aline, retornar quando estiver na região para conversar pessoalmente.
1869;15/09/2015 17:17;Atacadao;Simone;15.09 enviado apresentacao no e-mail da Mariza
1622;20/08/2015 18:41;Ati Latte;Sueli;20/08 Renan mandou email solicitando contato por tel
1036;08/06/2015 19:06;Atibaense Refrigerante;Renan;falei com a Lisiane, a pessoa que testa está de ferias e volta na quarta feira.
759;22/05/2015 19:19;Atibaense Refrigerante;Renan;reuniao segunda feira com a viviane a tarde
721;15/05/2015 15:12;Atibaense Refrigerante;Renan;Deixei catalogo na portaria para o Marco Aurélio dono, liguei hoje e falei com a Viviane de Compras.
1639;10/08/2015 13:23;Atigel;Ivan;Teste realizado a mais de um mês. A Karina está enrolando, liguei hoje e ela não estava, documentei por email.
1283;24/06/2015 13:31;Atilatte;Renan;enviei email de apresentacao pelo SAC da empresa, visitar quando estiver na regiao
1544;29/07/2015 17:47;Ativa Alimentação;Jessica;Não pode atender, pediu para enviar e-mail.
1450;22/07/2015 20:19;Ativa Alimentação;Jessica;Liguei, Silvia não estava.
1310;06/07/2015 19:15;Bacardí;Flavio;Enviei um e-mail com apresentação para o novo comprador responsavel Felipe. Retornar ligação quarta-feira
1973;06/10/2015 13:11;Backed Potato;Ivan;Email documentando tudo que fiz, desde reunião até clientes que atendemos.  Para a gerente da qualidade e para um dos diretores.
1435;22/07/2015 12:10;Backed Potato;Ivan;Ligar sexta feira para o Danilo
1359;01/07/2015 20:31;Backed Potato;Ivan;"Liguei para o Danilo e mais uma vez disse que ia falar com o Diego. 

Email para diego.

Ligar novamente amanha só que para o Diego"
896;28/05/2015 12:12;Backed Potato;Ivan;Diego e Danilo dizem estar esperando a diretoria se posicionar, isso já faz 1 ano. Compram da Diversey
837;27/05/2015 19:19;Backed Potato;Ivan;Estamos a um ano tentando mas está difícil. So falta testar ligar toda semana e passar la
1486;22/07/2015 19:31;Balas Juquinha;Renan;22/07/2015 entrei em contato, mas telefone já dá sinal de ocupado direto
97;06/10/2014 18:57;Balas Juquinha;Victor;Conseguir falar com a Fernanda!
1705;01/09/2015 19:17;Bar Do Alemao;Renan;Conversei hoje com a Adriana , pediu para ligar em duas semanas
1644;10/08/2015 20:03;Bar Do Alemao;Renan;"Adriana esta corrida com as inauguracoes em Blumenau e semana que vem esta de volta a sao paulo.

Aline disse para marcarmos algo na proxima semana."
1024;08/06/2015 18:57;Bar Do Alemao;Renan;falei com a Aline , pediu para alinhar direto com Adriana da qualidade
247;15/01/2015 16:20;Bar Do Alemao;Renan;"Visita feita

Proposta feita

tem contrato com a Ecolab e vao dar oportunidade na proxima inauguracao"
1571;03/08/2015 15:05;Bariloche;Flavio;Inauguraçao nova unidade
1506;03/08/2015 15:01;Bariloche;Flavio;Falei com a Evelyn 03.08 referente a inauguração da novda unidade, está no aguardo de documentação e pontos de água no local. Final de Agosto já deve estar tudo ok para visita.
1132;15/06/2015 17:09;Bariloche;Flavio;Nova fábrica final de julho. Pedido com Evelyn
2619;05/09/2016 14:03;Batel Alimentos;Flavio;Entrar em contato em outubro
1368;02/07/2015 12:28;Batel Alimentos;Flavio;Estive la 01.07 e ainda não iniciaram os testes por conta de fechamento de mês. Retornar 13.07
2479;26/01/2016 17:16;Batie Massas;Jessica;Lindinéia nova nutri, tratar com ela.
2087;08/10/2015 19:03;Batie Massas;Jessica;"1 diluidor com 2 bicos.

6 saboneteiras.

1 kimi Energy, medida da bandeja. lavagem de 600 formas diárias."
2019;06/10/2015 19:30;Batie Massas;Jessica;Iremos implantar a Kimi Energy e ela abrirá os outros produtos para a Batie e ´para a SY.
1840;25/09/2015 20:04;Batie Massas;Jessica;Enviado um cotação com os preço da Kimi Energy.
1446;17/07/2015 01:47;Batie Massas;Jessica;"Aguardando elaboração de um produto.

Nos emprestou assadeiras, pedi uma oportunidade disse que futuramente podemos conversar."
891;27/05/2015 18:41;Batie Massas;Jessica;Conversei com a Dani sobre as enzimas 27/05
1975;29/09/2015 19:03;Bauducco;Adriana;"Conversei com o Daniel hoje, ele não abriu o atual fornecedor.
Disse para eu retornar contato daqui alguns dias."
1958;29/09/2015 19:00;Bauducco;Adriana;Nadia encaminhou o  contato do Daniel de compras para darmos andamento.
1876;22/09/2015 20:17;Bauducco;Adriana;"E-mail com o retorno da Nadia:

""Falamos por telefone e encaminhei seu catálogo para o dpto de compras.

Como conversamos, já temos um linha de produtos aprovada e, de acordo com a especificação, fica a cargo de Compras avaliar se há oportunidade comercial e comprar algum item para teste."""
1838;22/09/2015 16:44;Bauducco;Simone;22.09.2015 - Nádia não chegou ainda telefone direto 2573.9565
1836;22/09/2015 16:34;Bauducco;Adriana;"Enviei hoje catálogo de apresentação para a Nadia.
Agendar uma visita."
1808;17/09/2015 20:01;Bauducco;Adriana;Liguei hoje, falei com a Gabriela. Disse que vai passar recado para a Nadia, pois hoje ela está em serviço externo.
1731;15/09/2015 16:44;Bauducco;Adriana;"Fábrica Guarulhos – 2573.9400

Qualidade – 2573.9632 – Nádia – e-mail: nadiam@bauducco.com.br"
1759;15/09/2015 16:41;Bauducco;Simone;15.09 - enviado apresentacao no e-mail da Nádia
2518;01/03/2016 18:42;Bebidas Piracaia;Jessica;Não estava na sala.
2521;01/03/2016 16:09;Bebidas Piracaia;Jessica;Fernando Gerente  Industrial -
1859;23/09/2015 19:13;Bebidas Piracaia;Jessica;Reunião agendada para dia 14 de outubro as 8:00 hs, com Mariana.
1559;04/08/2015 18:19;Bebidas Piracaia;Jessica;"Mariana não estava no laboratório. 

Mas conversei com ela um outro dia, iria ver com os superiores dela se seria possível agendar uma reunião."
1094;11/06/2015 20:22;Bebidas Piracaia;Jessica;enviado cotação novamente.
1185;11/06/2015 20:20;Bebidas Piracaia;Jessica;Liguei, não estava na fábrica
1050;09/06/2015 20:07;Bebidas Piracaia;Jessica;Enviado cotação. Ligar
850;27/05/2015 18:55;Bebidas Piracaia;Jessica;Enviado cotação, ligar para o Cliente.
2503;10/03/2016 18:43;Bebidas Poty;Victor;Não está essa semana. Ligar semana que vem e tentar agendar. Eles vão estar em auditoria.
2492;28/01/2016 12:06;Bebidas Poty;Victor;Sandra pediu para ligar na segunda-feira e agendar.
2323;05/01/2016 17:45;Bebidas Poty;Victor;Tentar passar segunda-feira
1912;02/10/2015 13:31;Bebidas Poty;Victor;Enviado e-mail pedindo para me receber na segunda-feira. Não estava  na sala.
1968;29/09/2015 12:03;Bebidas Poty;Victor;"Sandra disse que estão com um cliente novo, e eles exigem muitas coisas que dificultam um teste.

A linha de cerveja está sendo montada, e vai demorar mais um mês para começar a rodar. Disse que quando eu estiver por Rio Preto, posso ligar e agendar uma visita."
1196;22/06/2015 14:05;Bebidas Poty;Victor;Sandra fez uma cirurgia e vai ficar de repouso por uma semana. Só semana que vem.
758;22/05/2015 18:11;Bebidas Poty;Victor;Sandra está de férias e só volta no meio de Junho.
665;12/05/2015 19:29;Bebidas Poty;Victor;Sandra informou que os valores estão muito altos. Solicitei consumo por email para estudar valores menores.
587;30/03/2015 13:58;Bebidas Poty;Victor;Sandra disse que só daqui a um tempo vai ver as questões dos químicos. É capaz de retornar, mas se ela não ligar, entrar em contato.
561;24/03/2015 13:05;Bebidas Poty;Victor;Sandra está em São Paulo e volta só amanhã.
510;13/03/2015 12:03;Bebidas Poty;Victor;Já foi realizado visita e passado cotação. Acompanhar.
569;09/03/2015 15:07;Bebidas Poty;Victor;"Disse que trabalha com Ecolab e Diversey, é muito difícil trocar.



Visita agendada para quarta-feira, às 9:00."
407;02/03/2015 13:39;Bebidas Poty;Victor;Está em reunião. Deixei recado.
493;05/02/2015 17:08;Bebidas Poty;Victor;Visitar
2595;11/03/2016 17:27;Beira Rio;Alexandre Malhado;Ismael está de férias. Retorna dia 21-03-16.
2565;01/03/2016 13:35;Beira Rio;Alexandre Malhado;Visita realizada com sucesso. Beira Rio é uma graxaria de porte pequeno. Ismael disse que usa atualmente 75 litros de desengraxante e 50 litros de sabonete. Ele irá agendar uma data para teste.
2496;22/02/2016 12:17;Beira Rio;Alexandre Malhado;Visita agendada para dia 29-02-2016 às 08h30 com Ismael.
2068;07/10/2015 18:32;Beira Rio;Victor;Xande
1565;27/07/2015 16:08;Beira Rio;Victor;27/07/2015 liguei para falar com Ismael, mas está na fábrica, retornar mais tarde
1444;23/07/2015 16:44;Beira Rio;Renan;ligar
1499;23/07/2015 16:41;Beira Rio;Renan;23/07/2015 - Falei com José Carlos , disse que temos que retornar amanhã dia 24/07 e falar com Ismael
1383;06/07/2015 13:30;Beiruth Alimentos;Ivan;Reunião realizada dia 03\07 com a Daniela. Meio de agosto agendar o teste de 3 dias. Ela vai comprar nosso.
1376;02/07/2015 17:24;Beiruth Alimentos;Renan;"Ligar 



13/07/2015 - falei com Daniela, pediu para retornar no final de agosto, estão em auditoria"
1395;01/07/2015 20:36;Beiruth Alimentos;Ivan;Ligar
1237;24/06/2015 14:00;Beiruth Alimentos;Renan;"Trocamos alguns e-mails e telefonemas, tiveram auditorias e vao ter um follow up esta semana, ligar na primeira semana de Julho

compram de Pluron"
1070;10/06/2015 12:54;Bel chocolates;Victor;Tâmara pediu para ligar daqui 15 dias para agendar visita, pois estão iniciando duas novas linhas e nem ela, e nem a reponsável pela higienização poderiam me receber. Foi simpática.
949;02/06/2015 13:32;Bel chocolates;Victor;Tamara respondeu dizendo que não está testando novos fornecedores. Enviado e-mail perguntando se ela não pode receber uma visita semana que vem.
912;01/06/2015 20:13;Bel chocolates;Victor;Aline disse que quem vê essas questões é a Tamara. Enviado e-mail para Tamara perguntando como é o processo.
960;30/05/2015 17:35;Bel chocolates;Victor;"Deixado caderno para Aline Lázaro e Ellen.



Aline não pôde receber em mãos, pois toda sexta-feira durante a tarde ela faz análise microbiológica. Na Hercules, que é do mesmo grupo, falaram que na Bel compram produtos da Nippon. Precisa ligar para agendar visita outro dia."
326;16/01/2015 10:04;Bel chocolates;Renan;16/01/2015 enviado catalogo por e-mail para Aline ( Qualidade)
1564;04/08/2015 19:07;Bel Cook Alimentos;Adriana;"Cliente com restrição. 09 títulos protestados.

Último em janeiro de 2015. 

Total: R$ 43.1830,00"
1574;04/08/2015 17:34;Bel Cook Alimentos;Adriana;Solicitei amostras hoje!!!
1510;04/08/2015 17:21;Bel Cook Alimentos;Adriana;"A Camila da qualidade não trabalha mais na empresa.

Conversei com o Nicolas da produção, pediu para deixar as amostras lá, pois a diretoria não autoriza pelo menos por enquanto que eu acompanhe os testes."
1572;30/07/2015 19:45;Bel Cook Alimentos;Adriana;Liguei, deixei recado para a Camila retornar.
1529;28/07/2015 14:27;Bel Cook Alimentos;Victor;liguei para Camila, estava ocupada deixei nosso telefone
1372;30/06/2015 16:08;Bel Cook Alimentos;Adriana;E-mail enviado para Camila (qualidade), solicitando oportunidade de teste.
1246;24/06/2015 18:02;Bel Cook Alimentos;Adriana;Tentar agendar teste.
1218;24/06/2015 18:01;Bel Cook Alimentos;Adriana;"15/06 Visita 

Conversei com a Camila, responsável pela qualidade.



Produtos utilizados:



Pro Bac AP

3000CL

5000CL

Detergente Neutro

Produto para ralo (gordura)

Produto para piso (para rejunte)

Sapone Bac

Gel 70

Klinbe"
1214;24/06/2015 17:59;Bel Cook Alimentos;Adriana;"25/03

E-mail de apresentação enviado por e-mail para Roberto."
1978;29/09/2015 19:33;Belbon;Adriana;Conversei com a regina sobre a restrição, ela disse que ela é nova lá, mas que sabe que isso está acontecendo e não sabe do que se trata.
1948;29/09/2015 18:55;Belbon;Adriana;"Consta restrição de R$ 35.628,20 
54 títulos protestados. Último em 17/08/2015."
1868;25/09/2015 19:56;Belbon;Adriana;Enviei e-mail hoje para a Regina cobrando mais uma vez os dados cadastrais.
1880;24/09/2015 18:03;Belbon;Adriana;"Conversei com a Regina hoje, deixamos pré agendado teste para 3a feira, a partir das 10h.
Solicitar amostras."
1772;14/09/2015 16:56;Belbon;Adriana;Enviei e-mail hoje para a Regina. Tentar agendar teste.
1763;14/09/2015 16:44;Belbon;Adriana;Liguei hoje, falei com a Regina. Pediu para eu reencaminhar e-mail.
1781;02/09/2015 18:10;Belbon;Adriana;Falei com a Regina, pediu para enviar apresentação no e-mail dela que vai conversar com a Cristina.
1736;01/09/2015 19:34;Belbon;Adriana;"Liguei e conversei com a Cristina.

Ela informou que a Ana Paula está de lincença maternidade. 

Ligar amanhã a partir das 10h para falar com a Regina (nutricionista)."
816;27/05/2015 20:51;Belbon;Adriana;"Último contato em Janeiro.



Nutricionista informou que não tem tempo de avaliar nossos produtos."
1025;11/06/2015 19:32;Belbon Alimentação;Renan;passado para o flavio
1019;11/06/2015 19:24;Belbon Alimentação;Renan;Ana Paula estava de licenca e a gabriela que esta no setor agora
225;15/01/2015 17:55;Belbon Alimentação;Renan;15/01/2015 - enviado apresentação por e-mail, obtive retorno da Ana ( Nutricionista ) retornar 2ªFeira dia 19/01
1386;06/07/2015 18:58;Bem Barato;Flavio;Ligar para Eliane passar o contato do Edvaldo
1319;01/07/2015 20:35;Beneficencia Portuguesa S.A;Ivan;Emails impressos. Deixar para marilene cardoso amanhã.
851;28/05/2015 12:11;Beneficencia Portuguesa S.A;Ivan;Marcelo da manutenção deve ganhar bola da diversey. Imprimir todos os email e mandar para a Marilene Cardoso
2572;11/03/2016 16:51;Beni Car;Alexandre Malhado;Cliente ativo.
2427;27/01/2016 01:13;Beni Car;Alexandre Malhado;E-mail enviado para Daniela (setor de compras). No e-mail constam os valores dos produtos testados e aprovados. Aguardando retorno do e-mail.
2397;21/01/2016 10:45;Beni Car;Alexandre Malhado;Daniel aprovou os produtos. Aguardando a Daniela (setor de compras) retornar de férias para darmos andamento no processo de compra.
2385;06/01/2016 20:49;Beni Car;Alexandre Malhado;Verificar com o Daniel se ele gostou dos produtos.
2355;06/01/2016 20:49;Beni Car;Alexandre Malhado;"Cliente comprou alguns produtos e pegou outros para testes. A empresa Beni Car possui seis concessionárias da Honda.

Produtos adquiridos na primeira compra:

• WATER OUT	2 x 5 Litros 
• PRO TEX               2 x 5 Litros 
• PRO COURO	2 x 5 Litros 
• MULT 200           1 x 5 Litros	 AMOSTRA 
• AB AL 200           1 x 5 Litros	         AMOSTRA 
• NEU 200               1 x 5 Litros	 AMOSTRA 
• LP 700	               1 x 5 Litros	         AMOSTRA 
• LP 1000	               1 x 5 Litros	         AMOSTRA 	  
• CERA LÍQUIDA	  1 x 5 Litros	 AMOSTRA"
1849;22/09/2015 17:24;Bialini;Adriana;"Tentei contato 2x essa semana, o Paulo não estava na empresa.
Passei o recado para a Priscila."
1528;05/08/2015 19:02;Bialini;Adriana;"Liguei para Paulo Afonso hoje, deixei recado com a Priscila.

Tentar de novo."
1393;01/07/2015 19:35;Bialini;Jessica;"Liguei na empresa, Isis que o Victor estava tratando saiu da empresa.

Passou novo contato, Paulo Afonso, porém liguei no celular e deu caixa postal... Retornar"
1287;22/06/2015 19:01;Bialini;Adriana;Não passamos pela cidade de Campanha - MG.
1178;21/06/2015 16:18;Bialini;Victor;Renan, Jessica e Adriana passariam na semana passada. Colocar no Agendor como foi.
161;24/11/2014 18:08;Bialini;Victor;E-mail enviado. Continuar acompanhando.
164;13/11/2014 12:15;Bialini;Victor;Izis disse que vai enviar consumo. Cobrar.
195;12/11/2014 12:39;Bialini;Victor;"Izis respondeu que vai encaminhar ao Sr. Paulo.



Verificar quantidades para fazer próximo passo."
188;07/11/2014 16:17;Bialini;Victor;e-mail enviado solicitando quantidade de consumo, e produtos utilizados. Dar andamento.
926;27/05/2015 20:02;Bifum Massas;Flavio;Visitei 21/05. Agendar visita por telefone com Ellian
1669;14/08/2015 10:45;Big Bom Supermercados;Aguinaldo;Muito bom
1678;13/08/2015 19:48;Big Bom Supermercados;Simone;13/08 - Eu Simone falei com Eduarda, estão com introdução de fornecedor suspensa, mas mesmo assim vou enviar apresentacao por e-mail
2185;20/10/2015 17:17;Bimbo;Victor;Junior entrou de férias. Só volta dia 03/11.
2020;07/10/2015 19:26;Bimbo;Victor;Enviado e-mail para Junior cobrando o e-mail dele.
1936;02/10/2015 13:36;Bimbo;Victor;"Junior disse que vai mandar um e-mail para o pessoal de ""sanidade"" e me colocar em cópia, pedindo uma previsão de teste.

FICAR EM CIMA!!"
1917;28/09/2015 19:09;Bimbo;Victor;Dificil atender o tel. Enviado mais um email. FICAR EM CIMA!
1469;22/07/2015 19:01;Bimbo;Victor;Enviado mais um e-mail perguntando sobre dar continuidade no processo.
979;02/06/2015 13:12;Bimbo;Victor;Enviado cadastro para Antonio Carvalho, e perguntado qual seria o próximo passo. Acompanhar.
956;02/06/2015 12:35;Bimbo;Victor;Encaminhado para Simone.
917;28/05/2015 18:48;Bimbo;Victor;Se Jeferson não preencher, encaminhar para Simone.
876;27/05/2015 14:24;Bimbo;Victor;Enviado de novo para o Renan.
789;22/05/2015 19:32;Bimbo;Victor;Junior enviou cadastro. Encaminhado para Renan e Jeferson. Assim que responderem, encaminhar para o Junior de volta.
662;12/05/2015 12:14;Bimbo;Victor;Enviado e-mail solicitando papelada para andamento no processo.
625;23/04/2015 14:47;Bimbo;Victor;Marcado visita para quarta-feira às 9:00.
571;22/04/2015 19:59;Bimbo;Victor;Pediu para ligar amanhã.
598;30/03/2015 12:50;Bimbo;Victor;"Ramal do Antonio Carvalho - 9312



Enviado e-mail com catalogo e solicitação para uma visita rápida."
593;24/03/2015 12:36;Bimbo;Victor;Antonio Carvalho nunca atende. Liguei para Nivaldo de novo, ele passou outro numero, e ninguem atende também. Continuar tentando.
500;05/02/2015 17:26;Bimbo;Victor;Ediane é gerente do Nivaldo. Tentei falar com ela, mas Nivaldo atendeu. Pessoal de compras está em treinamento. Tentar ligar amanhã.
368;23/01/2015 10:16;Bimbo;Victor;Nivaldo disse que a concorrência é feita por compras, com Antonio Carvalho. Ligar para comprar e iniciar processo.
1695;20/08/2015 19:17;Bioleve;Sueli;20/08 Eu Sueli liguei varias vezes, Renan tb mandou email solicitando quais produtos ela compra para Limpesa Cip / Higienizaçao / Lubrificantes de esteira / assepicia até o momento ainda sem resposta
1295;24/06/2015 19:15;Bioleve Sucos;Renan;reuniao terca feira dia 30
1215;22/06/2015 19:48;Bioleve Sucos;Renan;Flavio passar la para deixar contatos com a Lilian e agendar
871;28/05/2015 17:39;Bioleve Sucos;Renan;ligar na proxima quinta para marcar reuniao
710;22/05/2015 19:50;Bioleve Sucos;Renan;mandei email para Lilian
713;21/05/2015 12:39;Bioleve Sucos;Renan;Conheci na Apas a Maria Antonieta que é Gerente de Sucos , liguei para a mesma hoje , vai passar nosso contato para a responsavel que é a Lilian da Qualidade.
52;18/10/2014 11:17;Bispo Alimentos;Victor;Distribuidora de José Bonifácio. Ver quando estiver pela região de Rio Preto.
2568;02/03/2016 14:25;Blue Tree Hotel - Anália Franco;Adriana;"adm.afraco@bluetree.com.br 

E-mail da Cássia"
2551;02/03/2016 14:23;Blue Tree Hotel - Anália Franco;Adriana;Cássia é a nova responsável por Compras.
2394;23/11/2015 16:53;Blue Tree Hotel - Anália Franco;Adriana;Liguei hoje para a Bianca. Ela não está.
2207;17/11/2015 18:20;Blue Tree Hotel - Anália Franco;Adriana;Liguei hoje. A Bianca não estava na sala.
2236;09/11/2015 17:30;Blue Tree Hotel - Anália Franco;Adriana;Enviei e-mail para a Bianca cobrando andamento.
2125;26/10/2015 15:32;Blue Tree Hotel - Anália Franco;Adriana;Bianca disse que amanhã passa uma posição sobre os testes.
2158;19/10/2015 12:11;Blue Tree Hotel - Anália Franco;Adriana;Conversei hoje com a Bianca por telefone, disse que está correndo tudo bem com os produtos.
2186;19/10/2015 11:16;Blue Tree Hotel - Anália Franco;Adriana;Flávio levou amostras no dia 15/10.
2055;09/10/2015 18:17;Blue Tree Hotel - Anália Franco;Adriana;Liguei, não consegui contato por telefone. Enviei e-mail com o andamento dos testes.
2091;09/10/2015 18:15;Blue Tree Hotel - Anália Franco;Adriana;Dia 08/10, teste realizado com alguns produtos.
2022;07/10/2015 15:46;Blue Tree Hotel - Anália Franco;Adriana;Enviei e-mail hoje reforçando a data para testes.
1924;05/10/2015 19:14;Blue Tree Hotel - Anália Franco;Adriana;Liguei algumas vezes hoje para tirar dúvida quanto aos produtos do hotel, mas a Bianca não pode atender.
1914;02/10/2015 17:55;Blue Tree Hotel - Anália Franco;Adriana;Liguei 3x hoje a Bianca não pode atender. Deixei recado com Jonathan .
1858;22/09/2015 16:22;Blue Tree Hotel - Anália Franco;Adriana;Enviei e-mail hoje para a Vani e Bianca, cobrando os produtos para teste.
1895;21/09/2015 19:57;Blue Tree Hotel - Anália Franco;Adriana;"Conversei hoje com a Bianca.

Ela vai passar a relação de produtos e já agendar a data para os testes com a governanta Vani."
1889;17/09/2015 20:45;Blue Tree Hotel - Anália Franco;Adriana;"Hoje a Bianca está em outra unidade.

Ligar na 6ª feira."
1881;16/09/2015 23:39;Blue Tree Hotel - Anália Franco;Adriana;"Visitei hoje no período da manhã. 

Conversei diretamente com a Bianca (compras) e com a Vani (governanta).

Concorrente: Nippon"
1795;15/09/2015 15:59;Blue Tree Hotel - Anália Franco;Adriana;Liguei agora, a Bianca está almoçando ou não está na empresa hoje.
1735;14/09/2015 20:13;Blue Tree Hotel - Anália Franco;Adriana;Enviei e-mail de apresentação para compras - Bianca.
1724;14/09/2015 20:08;Blue Tree Hotel - Anália Franco;Adriana;Liguei para a Bianca, ela não estava.
2018;07/10/2015 15:04;Blue Tree Hotel - Morumbi;Adriana;Tentei contato via telefone, não consegui. Reforcei o contato por e-mail.
1769;14/09/2015 19:37;Blue Tree Hotel - Morumbi;Adriana;Enviei e-mail com catálogo de apresentação para compras.
1703;14/09/2015 19:23;Blue Tree Hotel - Morumbi;Adriana;Liguei hoje. O Moisés comprador não estava.
2057;07/10/2015 14:49;Blue Tree Hotel - Santo André;Adriana;"Entrei em contato com a Iracema, ela pediu para reencaminhar o catálogo.
Catálogo enviado hoje."
1905;02/10/2015 17:15;Blue Tree Hotel - Santo André;Adriana;Conversei com a Rita, deixei recado.
1890;22/09/2015 17:03;Blue Tree Hotel - Santo André;Adriana;"Conversei hoje com a compradora Iracema.

Disse que pode me atender pessoalmente semana que vem.

Enviar catálogo de apresentação para adiantar."
1773;14/09/2015 19:00;Blue Tree Hotel - Verbo Divino;Adriana;Liguei 2x para o Douglas e ele não estava na sala.
1779;14/09/2015 18:56;Blue Tree Hotel - Verbo Divino;Adriana;Reencaminhei catálogo de apresentação para compras - Douglas.
1768;14/09/2015 18:51;Blue Tree Hotel - Verbo Divino;Adriana;24/06 Enviei e-mail para o Douglas de compras.
1741;14/09/2015 18:38;Blue Tree Hotel - Verbo Divino;Adriana;Primeiro contato em fevereiro/2015.
2506;01/03/2016 14:20;Boa Cozinha;Adriana;"Alexandre retornou ao e-mail dizendo que deixou o catálogo com a Andreia, pois é agora a responsável pelo setor. 

E informou que não tem interesse em trocar de fornecedor tão breve."
2557;24/02/2016 13:43;Boa Cozinha;Adriana;Enviei e-mail ao Alexandre hoje registrando minha visita ontem.
2514;23/02/2016 17:54;Boa Cozinha;Adriana;"Visitei hoje. O Alexandre não pode me atender. Deixei catálogo e meu cartão com a Lilian. 

Enviar e-mail registrando a visita."
2487;27/01/2016 22:45;Boa Cozinha;Adriana;Enviei e-mail reforçando o meu contato.
2447;27/01/2016 22:35;Boa Cozinha;Adriana;"Conversei hoje com o Alexandre por telefone.

Ele disse que trocou de fornecedor há 3 meses, mas estão em fase de testes. Não disse o nome do concorrente. Retornar contato daqui 2 meses.

Obs.: o Kelvin não está mais em compras."
2436;25/01/2016 16:23;Boa Cozinha;Adriana;Enviei e-mail ao Alexandre responsável de compras.
2330;18/01/2016 16:37;Boa Cozinha;Adriana;Liguei hoje 2x, o Ricardo não estava. Ficar em cima.
2321;02/12/2015 20:30;Boa Cozinha;Adriana;Tentei contato hoje com o Ricardo de operações que está no lugar da Paula, e não consegui. Continuar tentando.
1997;29/09/2015 20:01;Boa Cozinha;Adriana;Tentei contato hoje com a Paula, ela já foi embora.
1871;22/09/2015 19:17;Boa Cozinha;Adriana;"São 3 pessoas na diretoria.
Só consegui pegar o nome da Paula."
1856;22/09/2015 19:14;Boa Cozinha;Adriana;"Liguei para o Kelvin hoje, ele disse que não tem o que fazer, pois os processos estão todos parados.
Com mudanças na diretoria e no quadro de funcionários da qualidade.
Disse que dará uma força para nós quando abrirem os testes e cotações."
1797;28/08/2015 14:53;Boa Cozinha;Adriana;"Kelvin enviou e-mail dia 26/08 dizendo que o processo de troca de fornecedor foi suspenso. 

Assim que houver retorno, entrará em contato."
1640;25/08/2015 20:20;Boa Cozinha;Adriana;"Enviei e-mail ao Kelvin cobrando teste em uma das unidades.

Não consegui contato por telefone."
1521;04/08/2015 16:43;Boa Cozinha;Adriana;"Thiago enviou e-mail tirando algumas dúvidas do Kelvin quanto aos produtos.

Continuar dando andamento."
1317;30/06/2015 15:47;Boa Cozinha;Adriana;Kelvin está de férias. Retornar contato após dia 15/07.
804;27/05/2015 20:24;Boa Cozinha;Adriana;"Em Janeiro os documentos do Sapone Bac foram reprovados.



Thiago manteve contato com a responsável da qualidade, mas não obtivemos retorno.



Paula - Diretora de Operações também encaminhou e-mail com a reprovação do produto.

Produto REPROVADO.

 

Não constam as seguintes informações:

1. Não informada a % concentração da substância triclosan (obrigatório)

2. Não possui a simbologia diamante de Hommel na seção 02 (obrigatório)



Entrar em contato em breve. Ligar para Edvaldo."
681;04/05/2015 17:39;Boia Fria;Renan;"enviado apresentacao a 6 meses; liguei 4/5/15 estou aguardando retorno"
2223;29/10/2015 11:09;Bom Mart Frigorifico;Renan;envie apresentacao no e-mail da márcia meses atrás, porém não obtive retorno, tentei novamente hoje está de licença maternidade - falar com Márcio
736;22/05/2015 19:42;Bom Peixe Pescados;Victor;Tassiana disse que enquanto estava de férias, fecharam contrato com a empresa que estava atendendo por um ano, mas pediu para manter contato. Conversa meio de louco. Falou para ligar lá para Agosto ou Setembro, pois agora estão com foco em algumas certificações, e alguma oportunidade pode surgir.
683;12/05/2015 12:52;Bom Peixe Pescados;Victor;Enviado e-mail para Cesar solicitando continuidade do processo.
596;23/04/2015 11:56;Bom Peixe Pescados;Victor;Enviado email para Cesar (cesar.mariano@bompeixe.com.br) com cotação e solicitando visita para acompanhamento da higienização e teste.
549;22/04/2015 20:47;Bom Peixe Pescados;Victor;Foi feita visita. Passar os produtos equivalente da Kimium e agendar teste.
483;02/03/2015 19:32;Bom Peixe Pescados;Victor;"NÃO ESQUECER!!!



Ela está muito enrolada neste período de quaresma. Ligar depois da Páscoa.



Visita agendada para o dia 22 de Abril às 10:00!"
214;25/11/2014 18:01;Bom Peixe Pescados;Victor;Tassiana tinha acabado de fazer um treinamento com o pessoal da LimSept. Eles vão inicar um novo projeto, e ela quer aguardar para ver resultados. É capaz de em Março este treinamento já ter terminado, e os resultados demonstrados. Tentar conseguir uma oportunidade aí.
878;27/05/2015 19:37;Bom Prato Mogi;Jessica;Voltar na cozinha, pois não gostaram dos produtos.
1916;29/09/2015 11:57;Bon-Mart;Victor;Marcia está em licença maternidade. Volta só ano que vem. Ligar em Janeiro.
1041;11/06/2015 12:28;Bon-Mart;Victor;Enviado cotação. Vão ter auditoria da China na semana que vem. Ligar na outra semana.
977;02/06/2015 13:57;Bon-Mart;Victor;Buscar os produtos no Pigão.
886;28/05/2015 17:46;Bon-Mart;Victor;Teste agendado para iniciar dia 08/06. Foi solicitado quantidades e produtos que precisam para os testes. Cobrar Marcia.
737;21/05/2015 11:47;Bon-Mart;Victor;Disse que está envolvida em um questionário para a China, e que na semana que vem vai poder ver estas questões. Ligar para marcar testes.
653;12/05/2015 13:39;Bon-Mart;Victor;Entrei em contato, Marcia não estava. Enviei e-mail para programar teste.
534;06/04/2015 12:17;Bon-Mart;Victor;Enviado e-mail perguntando se consegue inicar os processos.
440;02/03/2015 13:34;Bon-Mart;Victor;Vai ter três auditorias nos próximos dias (1 missão e 2 do Ministério),pediu para ligar depois do dia 18.
1119;22/06/2015 13:00;BR Aves;Victor;Camila disse que este mês ainda está enrolada e que vai ser bem difícil, pois quem fornece é amigo do dono, mas não custa tentar. Ligar perto do fim de Julho para marcar para o começo de Agosto.
734;21/05/2015 12:10;BR Aves;Victor;Camila disse que AresClean que atende eles no momento, e está enrolada com uma auditoria que vai ter semana que vem. Pediu para ligar no meio de Junho.
630;23/04/2015 18:39;BR Aves;Victor;Visitar.
1346;30/06/2015 18:30;Bragenfrig;Adriana;"Hoje conversei com a Tania por telefone.

Catálogo enviado por e-mail."
1387;30/06/2015 16:26;Bragenfrig;Adriana;Tentei contato com a Tania por telefone. Ligar de novo.
1113;12/06/2015 15:19;Bragenfrig;Adriana;Ligar para a Tania.
656;11/05/2015 18:17;Brasa Burguers;Renan;tentei contato com a Suelen da Qualidade porem estava corrida no dia 11/05/15
2012;06/10/2015 20:13;Brasil Fruit;Jessica;"Brenda Qualidade.
Não estava no momento."
2263;04/11/2015 23:31;Brasil Kirin;João Maffei;Entrar em contato com o Euler ainda essa semana.
2109;13/10/2015 17:38;BRF Foods;Victor;"Patricia foi atenciosa. Enviado e-mail com catálogo e pedido data para visita.

Acompanhar para ver se a Lactalis já resolveu as questões sobre os químicos para limpeza."
1833;17/09/2015 19:05;BRF Foods;Victor;Telefone da unidade de Goiás só dá ocupado. Enviado email pedindo para visitar na segunda-feira (21/09).
1490;21/07/2015 20:13;BRF Foods;Victor;"Denise disse que Marlise está de férias, e ia passar recado para Patricia Blenker que está viajando, mas me retornaria semana que vem.



Vai dar posição para ver se Lactalis já está com os processos de químicos alinhados."
990;02/06/2015 13:41;BRF Foods;Victor;"Marlise disse que as empresas foram adquiridas pela Lactalis, e a partir da agora não sabe como vai ser. Pediu para eu enviar um e-mail perguntando, que ela responderá assim que souber.



Ficar em cima."
959;28/05/2015 18:12;BRF Foods;Victor;Nem Nelter e nem Marlise estão nas unidades hoje. Tentar outro dia.
778;21/05/2015 13:34;BRF Foods;Victor;Enviado e-mail para Nelter e Marlise (gerentes regionais) com apresentação. Nelter informou que é tudo feito pelo corporativo, e a maioria dos produtos são comprados da Ecolab e Diversey. Manter contato para agendar visita e homologar produtos.
744;14/05/2015 14:41;BRF Foods;Victor;Parace que Nelter é o responsável pela qualidade na BRF de Carambeí. Tentar falar com ele.
278;26/11/2014 15:39;BRF Foods;Victor;"Geander não trabalha mais lá.



Foi conversado com Jaqueline Assoni e enviado e-mail. Ela disse que vai encontrar o responsável, mas só na semana que vem, porque agora é fechamento de mês.



Dar foco assim que estiver com as questões do Marba, Estrela, Hosp. do Cancer, Minerva e Frimesa todas definidas."
246;25/11/2014 16:28;BRF Foods;Victor;Renan é primo do carlinho my caua, de geradores - Geander (64) 3620-5285
42;13/10/2014 09:00;BRF Foods;Victor;Ver tudo
2615;05/09/2016 13:30;Brico bread;Flavio;05.09 entrei em contato com Djalma, recebeu orçamento. Agendaremos visita para semana de 12.08, pois essa semana é feriado em Cotia.
2607;02/09/2016 17:20;Brico bread;Flavio;Ligar para agendar visita 05.09.2016. Ja encaminhei e-mail com orçamento. Compram da Larkim
2631;02/09/2016 14:33;Brico bread;Flavio;Conversei com o Djalma na quarta 31.08.16, enviei por e-mail orçamento e agendar visita para semana do dia 05.09. Compram da Larkim
2612;23/03/2016 13:52;C-Vale;Victor;Partir, começar! Vaaaamoo!!
2415;21/01/2016 13:01;C-Vale;Victor;"Murilo disse ontem que está aguardando posição da Patrícia para todos conversarmos, e que pela Marisa está tudo certo.

Hoje Patrícia me disse que até segunda-feira vai mandar um e-mail para marcarmos esta reunião.

Ficar em cima."
2316;04/01/2016 16:06;C-Vale;Victor;Ver se Murilo retornou de férias.
1935;06/10/2015 13:09;C-Vale;Ivan;Após ligação do Murilo, cotação enviada de todos os produtos equivalentes que ele usa.
1829;24/09/2015 13:51;C-Vale;Ivan;Estive com o Murilo de compras semana passada. Encaminhei a cotação para ele dos nossos produtos.
1568;03/08/2015 13:48;C-Vale;Renan;Estivemos com raquel , ela disse vai fazer pedido, pois nosso preco esta melhor
1487;22/07/2015 19:48;C-Vale;Ivan;Mandei email pra Raquel avisando que estaremos no Parana semana que vem, para poder agilizar o teste
1340;06/07/2015 13:31;C-Vale;Ivan;Email enviado com a cotação da biguanida. Dia 4 \7
1367;01/07/2015 20:24;C-Vale;Ivan;Ligar para Raquel para conversar a respeito da semana de teste
1194;18/06/2015 15:10;C-Vale;Ivan;"Acompanhamento feito. Alinhando a semana de testes e peguei o contato da Alessandra e Mariza demais responsaveis pelos produtos químicos dos outro setores.



(Ivanzinho, define agendamento para o negócio ficar lembrando e a gente não esquecer)"
1112;13/06/2015 12:48;C-Vale;Ivan;Dia 16/06 acompanhamento da higienização as 2:30
1006;05/06/2015 12:33;C-Vale;Victor;Enviado e-mail para confirmar se vão realmente poder nos receber dia 12/06.
968;02/06/2015 13:31;C-Vale;Victor;Raquel retornou a ligação, disse que conversou com o pessoal, mas não vão conseguir nos receber amanhã. Programou para sexta-feira dia 12/06, mas ficou de confirmar. Vai mandar e-mail para o pessoal hoje e confirmar até amanhã.
922;01/06/2015 19:46;C-Vale;Victor;A hora que liguei, a Raquel já tinha saído. Chega amanhã as 7:30. Ligar cedo.
930;28/05/2015 18:55;C-Vale;Victor;Raquel disse que vai ter uma reunião hoje ou amanhã com o pessoal do 3o. turno, que faz a higienização, e vai confirmar se a gente pode acompanhar no dia 03/06.
489;02/03/2015 12:50;C-Vale;Victor;Terminando HCancer e Estrela Alimentos, dar um foco para testar lá.
398;28/01/2015 23:31;C-Vale;Victor;"Já conversado e combinado de agendar testes.



Quando Renan e Ivan estiverem testando no Larissa, vão passar por lá para testar ou só visitar. Acompanhar para ver se consegue direto o teste."
1556;06/08/2015 12:17;Cacau Show;Renan;Flavia estava de férias e ja tinha me informado que entraria uma nova Gerente de Qualidade que foi com quem eu conversei hoje, a Mariana trabalhava na Nestle - Chocolates de Caçapava e disse que nao é o momento de trocas e que ela quer padronizar alguns processos internos para melhorar e que o problema não é produto.
1263;24/06/2015 14:25;Cacau Show;Renan;mandei e-mail pedindo o teste
835;28/05/2015 14:09;Cacau Show;Renan;enviado a cotacao hoje, retornar para ela na proxima
730;21/05/2015 18:57;Cacau Show;Renan;troquei e-mail hoje, retornar na semana que vem
739;21/05/2015 12:45;Cacau Show;Renan;"Flaviane ja mandou os produtos que utiliza na diversey e ecolab; pediu para eu retornar em um mes estou ligando hoje"
29;03/11/2014 18:37;Cacau Show;Victor;"Renan está fazendo acompanhamento.

Acompanhar também."
56;08/10/2014 20:01;Cacau Show;Victor;Plano de higienização esteiras de produção.
1981;05/10/2015 17:32;Cajuru Frigorífico;Jessica;"Conversei com José Carlos, eles compram com a sandeti e são amigos do dono, não tem interesse em nossos produtos. Pela minha insistência pediu pra mandar proposta no e-mail dele: josecarlos@goldemeat.com.br.
Proposta enviada com cópia para jé.
Fernanda."
1612;11/08/2015 18:38;Calu - Laticinios;Adriana;"Ligar!!! 

14/08 Aguardando Adriana confirmar viagem para Minas"
1516;04/08/2015 18:56;Calu - Laticinios;Adriana;"Liguei para o Marcelo e ele não estava.

Encaminhei um e-mail em seguida."
1577;28/07/2015 14:39;Calu - Laticinios;Victor;Marcelo não estava , falei com Marcos pediu para enviar e-mail para o Marcelo - marceloa@calu.com.br
1341;30/06/2015 16:02;Calu - Laticinios;Adriana;Enviei e-mail ao Marcelo cobrando retorno da cotação e dos docs enviados.
1226;23/06/2015 14:35;Calu - Laticinios;Adriana;Fichas Técnicas enviadas hoje para o Marcelo.
1230;22/06/2015 22:05;Calu - Laticinios;Adriana;Cotação enviada hoje por e-mail para o Marcelo.
1254;22/06/2015 20:45;Calu - Laticinios;Adriana;"Visitamos dia 17/06.



Conversamos direto com o Marcelo de compras."
1129;22/06/2015 14:34;Calu - Laticinios;Adriana;"Enviar Fichas Técnicas.



Detergente Neutro: 500kg/mês

Ácido Peracético: 40 bombonas de 50L

Ácido Nítrico: 16 bombonas de 50L

Sapone Bac

Desinfetante"
1103;22/06/2015 14:32;Calu - Laticinios;Adriana;"Previsão de abertura da nova fábrica em Outubro.



Abertura de testes em Agosto/2015.



Concorrente: Start

Tratamento de água: GE"
1484;22/07/2015 20:11;Carolina Laticinio;Ivan;Liguei e me passaram o celular do Itamar 43 88595715. Não consegui falar com ele, só chamou.
1282;23/06/2015 12:27;Carolina Laticinio;Ivan;Catálogo na portaria para o itamar.
752;19/05/2015 18:25;Carolina Laticinio;Renan;entrei em contato hoje mas nao consegui falar com o itamar, mandei e-mail
607;11/05/2015 18:04;Carolina Laticinio;Renan;contato feito pela APAS, e-mail enviado ao Caio no dia 11/05
2040;07/10/2015 18:01;CarolPan;Victor;Xande
333;03/02/2015 15:05;CarolPan;Victor;"Visitar quando for a estrela d&#039;oeste"
77;14/10/2014 14:00;CarolPan;Victor;Descobrir tudo
1443;08/07/2015 15:47;Casa do Salgado;Jessica;Não se encontra mais nesse endereço
2638;11/05/2022 15:11;Casa Suíca;Victor;Andressa atendeu o telefone, e informou que as questões sobre higienização e limpeza agora estão com Maria Jaqueline e/ou André, e eles chegam hoje às 13:00.
2573;10/03/2016 18:47;Casa Suíca;Victor;E-mail solicitando acompanhamento de higienização.
2345;05/01/2016 17:57;Casa Suíca;Victor;Cristiane está de férias. Ligar depois do dia 12.
2013;13/10/2015 14:54;Casa Suíca;Victor;Cristiane disse que talvez em Novembro a fábrica não rode 24 hrs e esteja mais tranquila. Pediu para ligar no fim de Outubro para organizar isso.
1813;17/09/2015 19:24;Casa Suíca;Victor;Está no meio da campanha agora, vai ter auditoria na semana que vem, e pediu para ligar no início de outubro para a gente fazer um acompanhamento da higienização.
801;28/05/2015 14:54;Casa Suíca;Victor;"Visita realizada. Disse que pode acompanhar a higienização da linha de bolos, que usa mais o gerador de espuma e limpa as mesas, mas gostaria que acompanhasse a higienização das linhas de panetone, que começam a ser produzidos em Agosto.



Ir acompanhando para ver se consegue ver a higienização da linha de bolos antes."
854;27/05/2015 13:12;Casa Suíca;Victor;Cristiane agendou para amanhã as 7 da manhã.
609;28/04/2015 18:00;Casa Suíca;Victor;Liguei para agendar visita para 29/04 e ela disse que tem muitos relatórios para entregar no dia 30/04 e está muito enrolada. Informei que vou para o interior dia 30 e retorno na semana do dia 11/05, e vou ligar para agendar visita.
521;10/03/2015 14:58;Casa Suíca;Victor;"Disse que não está disposta a trocar, mas aceita uma visita. A conversa foi boa.



Ligar novamente daqui duas semanas para agendar visita.



estrada velha de itu, 1401 - Jandira - cristiane.waki@casasuica.com.br"
551;10/03/2015 14:18;Casa Suíca;Victor;Falar com Cristina
1584;27/07/2015 16:11;Cassini;Victor;27/07/2015 - liguei , enviado apresentacao por e-mail - roberta@cassini.com.br
1190;22/06/2015 15:08;Castellani Alimentos;Adriana;Confirmar com Nei da Limpeza.
1131;22/06/2015 15:07;Castellani Alimentos;Adriana;"Produtos: 



Soda 99 em escama

Sulfato de Alumínio para tratamento de esgoto

Cloro

Ácido Nítrico

Sabonete Bac"
2601;29/04/2016 15:35;Castelo alimentos.;Jessica;lilian irá analisar um possível teste.
2536;01/03/2016 18:32;Castelo alimentos.;Jessica;Disse que não tinha recebido o email com tabela de equivalentes, reencaminhei.
2501;24/02/2016 18:50;Castelo alimentos.;Jessica;Falei com a Lilian, irá conversar para uma possivel teste.
2412;26/01/2016 17:38;Castelo alimentos.;Jessica;Pediu para enviar uma cotação dos produtos que ela utiliza, similares o da Diversey.
1817;23/09/2015 19:06;Castelo alimentos.;Jessica;Marcou uma reunião para o dia 14 de outubro as 14:00 hs.
1664;20/08/2015 17:11;Castelo alimentos.;Jessica;Pediu para ligar na proxima semana, em setembro remarcara a reunião.
1660;11/08/2015 18:46;Castelo alimentos.;Jessica;"Reuniao remarcada para o dia 14- 08 sexta feira.

As 10 hs"
1547;04/08/2015 18:26;Castelo alimentos.;Jessica;Reunião as 16 hs dia 12 quarta feira
1497;17/07/2015 14:35;Castelo alimentos.;Jessica;"kaliklin e diversey,

lilianfernandes@casteloalimentos.com.br,

Disse para enviar email. ira ver um horario para nos atender."
1213;24/06/2015 15:25;Castelo alimentos.;Jessica;Enviado cotacao, nao consigo falar com a lilian por tel
2603;06/06/2016 14:21;Catupiry (Bebedouro);Victor;Thalita Paganelli disse que as auditorias mudaram para 06 e 07 de Julho, e é melhor ligar em Agosto.
2502;10/03/2016 18:30;Catupiry (Bebedouro);Victor;Retornar em 24/03.  Está enrolada com auditorias.
2525;01/03/2016 12:20;Catupiry (Bebedouro);Victor;Enviado e-mail para Thalita, para testarmos agora em Março.
2301;05/01/2016 17:51;Catupiry (Bebedouro);Victor;Enviado e-mail. Tentar visitar fabrica de Bebedouro na semana que vem.
2182;21/10/2015 12:38;Catupiry (Bebedouro);Victor;"Nunca mais encontrei no escritório.

Enviado e-mail."
1472;22/07/2015 19:53;Catupiry (Bebedouro);Victor;A conversa foi boa novamente. A auditoria será de 18 a 21 de Agosto. Vai agendar para conversarmos com as supervisoras das 3 unidades em Bebedouro. Ligar dia 24 de Agosto.
1146;22/06/2015 15:03;Catupiry (Bebedouro);Victor;Vai ter auditoria nas fábricas de 18 a 21 de Julho. Ligar depois desta data.
916;02/06/2015 14:16;Catupiry (Bebedouro);Victor;"Ficamos conversando por quase 10 minutos. Fátima está na empresa há quatro meses e ainda não conseguiu parar para organizar as questões dos químicos. Disse que tem bastante problema de bactéria na fábrica que produz queijos, e quer unificar todas as compras com uma só empresa. Falou que Talita é a pessoa responsável agora em Bebedouro.



Vai organizar as questões dos químicos a partir da segunda semana de Junho. Pediu para eu enviar em e-mail para irmos mantendo contato até lá.



maria.fatima@catupiry.com.br; rodrigo gerente de compras"
914;01/06/2015 19:50;Catupiry (Bebedouro);Victor;Dna. Fátima fica mais em São Paulo. Já foi embora. Ligar amanhã cedo.
967;30/05/2015 17:04;Catupiry (Bebedouro);Victor;Tentar agendar com Dna. Fátima para visitar na terça-feira 02/06.
881;27/05/2015 13:02;Catupiry (Bebedouro);Victor;Angelica informou que a Supervisora Monica que cuidava dos produtos saiu da empresa. Dna. Fatima, que é a gerente da qualidade está em São Paulo, e é ela que poderia informar melhor sobre os produtos. Disse que talvez semana que vem a Fatima volte.
885;27/05/2015 12:40;Catupiry (Sta Fé do Sul);Victor;Maysa vai estar viajando na semana que vem, e na outra vai entrar de férias. Pediu para eu ligar ligar Julho.
895;26/05/2015 14:43;Catupiry (Sta Fé do Sul);Renan;email enviado para a Maysa
1589;04/08/2015 18:28;Cedispal;Jessica;Retornar ligação amanhã.
1586;04/08/2015 18:28;Cedispal;Jessica;"José.

Empresa de salgados."
1687;10/08/2015 14:20;Cemil;Adriana;"Dalva respondeu o e-mail dizendo que renovou o fornecedor e não está agendando testes por enquanto.

Disse que vai entrar em contato futuramente para agendar visita e teste."
1501;04/08/2015 18:16;Cemil;Adriana;"Enviei e-mail para a Dalva cobrando abertura de testes.

Aguardar retorno."
1557;04/08/2015 18:00;Cemil;Adriana;"Liguei para a Dalva da qualidade agora. Utilizam Kalykim.

Enviar e-mail: dalva.araujo@cemil.com.br"
1546;28/07/2015 14:46;Cemil;Victor;liguei falei com Juliana(laboratório), disse que temos que falar com Dalva Araújo ela que homolga os produtos e faz testes-retornar mais tarde no ramal 1362
1281;24/06/2015 13:56;Cemil;Jessica;Liguei só chamou
1262;22/06/2015 22:32;Cemil;Adriana;Ligar
1533;28/07/2015 14:53;Central de Sabores Patês e Antepastos;Victor;liguei no telefone 997861494 falei com Sr.Rubens já tem um fornecedor e não tem interesse em troca, mesmo assim enviei e-mail de apresentacao para centraldesabores@ig.com.br
939;27/05/2015 19:34;Centroeste;Flavio;Bomba dosadora (Seko) e mangueira
232;15/01/2015 16:54;Cepam;Renan;tem contrato com Ecolab
1927;05/10/2015 12:11;Cepam Panificadora;Simone;06.10 - Falei com Marcos novamente, disse que tem contrato com a Ecolab, e encerra em agosto de 2016, combinei de retornar para ele nessa época.
1962;02/10/2015 17:58;Cepam Panificadora;Adriana;"Marcos está em horário de almoço.
Tentar contato."
1806;24/09/2015 18:15;Cepam Panificadora;Adriana;Liguei. Marcos não está.
1843;22/09/2015 17:28;Cepam Panificadora;Adriana;Marcos está em horário de almoço. Continuar ligando.
1809;17/09/2015 20:39;Cepam Panificadora;Adriana;Liguei hoje, mas o Marcos já tinha ido embora. Falei com o José. Pediu para retornar amanhã.
1754;15/09/2015 17:00;Cepam Panificadora;Simone;15.09 - Marcso está em almoço, retornar
1785;15/09/2015 16:50;Cepam Panificadora;Adriana;Tentar contato.
1775;14/09/2015 20:20;Cepam Panificadora;Adriana;Dia 15 de abril, visitei e conversei com Marcos.
2025;09/10/2015 19:02;Cepera Ind.e Com Alimentos(Catchup/Molhos);Simone;"09.10.2015 - Falei com Roseli não havia visto o e-mail ainda, combinei de rt semana que vem

22.10.2015 - Falei com Roseli, disse que limpeza cip é em Monte Alto, e-mail garantiadaqualidade@cepera.com.br - a/c débora, estou encaminhando e-mail para ela agora"
2098;07/10/2015 20:00;Cepera Ind.e Com Alimentos(Catchup/Molhos);Simone;07.10 - enviado apresentacao por e-mail - Agendar para Vilmar ir
2009;09/10/2015 17:39;Ceratti;Victor;Camila pediu para eu enviar um e-mail pedindo uma data para visita, pois semana que vem ela vai estar enrolada.
1903;06/10/2015 14:35;Ceratti;Victor;Gabriel disse que a Camila é que é a responsável agora, mas não estava na mesa. Ligar mais tarde.
1645;12/08/2015 12:30;Ceratti;Renan;Falei com o Gabriel e eles estão corridos pois a Maria Helena da qualidade e entrou a Natali que saiu de licença e nem deve voltar , deve entrar outra pessoa na segunda feira, pediu para mandar um e-mail para não deixar esfriar as coisas
934;03/06/2015 14:01;Ceratti;Victor;"Vai falar com Marcelo para agendar teste.



Usam da Bell Type.



Enviei e-mail propondo a semana do dia 22."
829;27/05/2015 12:28;Ceratti;Victor;Gabriel informou que Maria Helena está se desligando da empresa. Talvez ele que cuide dessas coisas a partir de agora, mas está enrolado para receber visita. Pediu para ir tentarndo marcar.
2267;04/11/2015 23:29;Cervejaria Petropolis;João Maffei;Aguardando e mail enviado pelo Renan, caso não retornem irei entrar em contato com a Diretoria.
5;07/10/2014 11:35;Céu Azul Alimentos;Victor;Ligar para ver se a JBS já assumiu e aprensetar produtos.
58;07/10/2014 11:34;Céu Azul Alimentos;Victor;Entrei em contato em 07/10, e Mariane informou que a Ceu Azul foi comprada pela JBS. Pediu para aguardar até Novembro para ver como as coisas vão ficar.
2148;15/10/2015 19:12;Chocolate Pan;Simone;"14/01/2014  - FALEI COM CELIA, PEDIU APRESENTACAO POR E-MAIL, E RETORNAR PARA ELA NO FINAL DE FEVEREIRO
COMPRAS@CHOCOLATEPAN.COM.BR
28/03/2014 – FALEI COM CELIA, PEDIU E-MAIL NOVAMENTE DE APRESENTACAO E CADASTRO DA PROAUTO
27/05/2014 – CELIA DISSE QUE ESTA COM UMA NOVA GESTAO, E QUE ESTÁ RESOLVENDO OUTROS ASSUNTOS, COMBINEI DE IR LIGANDO PARA VER SE VAMOS MARCAR VISITA
10/06/2014 – CELIA PEDIU PARA RETORNAR NO COMECO DE AGOSTO
19/08/2014 – FALEI COM CELIA ESTA COM ALGUMAS MUDANCAS NA PARTE DE GESTAO DA EMPRESA, E NÃO PODE COLOCAR NENHUM PRODUTO EM TESTE, PEDIU PARA RETORNAR NA 2ª QUINZENA DE SETEMBRO OU COMECO DE OUTUBRO
01/10/2014 – FALEI COM CÉLIA, PEDIU PARA AGUARDAR MAIS 15 DIAS, ESTAO COM MUDANCA NA DIRETORIA, AÍ ELA ME PASSA PARA O LABORATORIO
12/01/2015 FALEI COM CELIA PEDIU PARA LIGAR LA PRO DIA 28/01 PARA AGENDAR ALGUMA COISA PARA FEVEREIRO
28/01/2015 CELIA DISSE QUE SO VAO LIBERAR DEPOIS DO CARNAVAL
19/03/2015 CELIA DISSE QUE SO VAO LIBERAR DEPOIS DA PASCOA
28/04/2015 – CELIA PEDIU PARA IR LIGANDO
15/10/2015 - Liguei hj estava em reuniao
16/10/2015 - Falei com Célia hoje nem se lembra mais, pediu para encaminhar novamente o e-mail de apresentacao na 2ªfeira dia 19/10 .e ligar para ela"
2126;27/10/2015 16:20;Churrascaria Farroupilha;Alexandre Malhado;Tentativa de contato com o Senhor Flávio (sócio proprietário). O mesmo não se encontrava. Tentarei novamente amanhã.
2135;27/10/2015 16:16;Churrascaria Ventos do Sul;Alexandre Malhado;Visita agendada para dia 28-10-15 com Rebeca. Atualmente a empresa compra produtos da Quimidet.
1030;11/06/2015 19:02;Churrasco Jundiai;Renan;acabou de fazer o trabalho de reducao de custo de produtos de limpeza
1077;08/06/2015 19:12;Churrasco Jundiai;Renan;liguei para o alfredo jr masso volta na quinta
295;15/01/2015 18:00;Churrasco Jundiai;Renan;Tentamos contato no dia 15/03/14 porem ele disse que nao tem constume de trocar fornecedores .... enviei outro e-mail dia 15/01/2015 .... trabalha com Ecolab e Adhetech
1619;10/08/2015 20:13;Cia Muller - Bebidas 51;Renan;Covolan pediu para ligar somente em Dezembro
1626;06/08/2015 12:20;Cia Muller - Bebidas 51;Renan;E-mail enviado para o Covolan pedindo a reunião
1109;12/06/2015 17:54;Cia Muller - Bebidas 51;Renan;Covolan mandou e-mail , disse que estava corrido com a nova estacao de tratamento de agua e é para ligar em agosto.
649;11/05/2015 18:21;Cia Muller - Bebidas 51;Renan;e-mail enviado ao Isaias gerente de vendas pedindo contato do responsavel
2464;01/02/2016 16:08;Clube Primeiro De Maio.;Jessica;Sidnei super carrasco, desisto de falar com ele.
2056;09/10/2015 16:32;Clube Primeiro De Maio.;Jessica;"Falei com o Ademir.
Terça feira pós feriado iremos iniciar com os produtos."
2054;06/10/2015 19:36;Clube Primeiro De Maio.;Jessica;Aguardando próxima semana para iniciar com os produtos.
1824;25/09/2015 17:40;Clube Primeiro De Maio.;Jessica;Zé  Luiz 4993- 7130  comprador
1875;23/09/2015 16:58;Clube Primeiro De Maio.;Jessica;Só aguardando um horário com o Ricardão.
1692;24/08/2015 18:06;Clube Primeiro De Maio.;Jessica;Montar uma cotação dos itens que foram aprovados e levar para Zé Luiz Compras.
1620;20/08/2015 17:27;Clube Primeiro De Maio.;Jessica;Falei com Ademir, aguardando a máquina que esta no conserto para iniciar teste na area da piscina.
1517;04/08/2015 18:34;Clube Primeiro De Maio.;Jessica;Terça feira teste na área da piscina.
1536;29/07/2015 18:21;Clube Primeiro De Maio.;Jessica;"Aprovou cera e removedor, 5000 cl.

Iremos realizar um na área da piscina segunda."
1552;27/07/2015 17:20;Clube Primeiro De Maio.;Jessica;Deixei novas amostras.
1551;27/07/2015 17:20;Clube Primeiro De Maio.;Jessica;Realizado teste.
2617;30/03/2016 14:26;Cobb Vantress;Victor;Leonardo está em viagem. Ligar amanhã.
2439;21/01/2016 14:45;Cobb Vantress;Victor;Leonardo está de férias até dia 10/02.
2058;08/10/2015 12:14;Cobb Vantress;Victor;Leonardo está mexendo nos programas de vacinação e não está podendo ver as questões dos produtos agora. Pediu para ligar no começo do ano que vem.
1550;28/07/2015 14:04;Cobb Vantress;Victor;28/07/2015 - Leonardo está de férias, retorna dia 10/08
671;14/05/2015 13:52;Coca-Cola (Ribeirão Preto);Victor;Programar quando for pra Fortaleza, ou passar na unidade de Ribeirão Preto. Ficar sondando até ter uma brexa.
557;06/04/2015 12:31;Coca-Cola (Ribeirão Preto);Victor;Mandei e-mail para a Karina pedindo o endereço do local no RJ.
533;11/03/2015 19:01;Coca-Cola (Ribeirão Preto);Victor;Desde o dia que a Karina passou o número, não consegui falar. Deixei recado de voz. Se não retornar, tentar novamente.
550;09/03/2015 14:04;Coca-Cola (Ribeirão Preto);Victor;Karina enviou e-mail dizendo para verificar quem é responsável pela homologação com Lucas Amendola, no número (21) 2559-1378
452;09/03/2015 00:22;Coca-Cola (Ribeirão Preto);Victor;Deixado caderno e enviado email para Karina solicitando número para homologação. Cobrar resposta.
488;12/02/2015 12:24;Coca-Cola (Ribeirão Preto);Victor;"Foi deixado caderno e catálogo para Gislaine, que quando conversou por telefone disse que a responsável é a Karina, que estava afastada, e voltaria no dia 09/02.

Parece que eles tem contrato com a Ecolab até o fim do ano."
1739;01/09/2015 16:53;Coco Bambu;Adriana;Enviei também um e-mail aos compradores para reforçar.
1758;01/09/2015 16:36;Coco Bambu;Adriana;"Conversei com a Livia de compras hoje, para que nos de mais uma chance de mostrarmos o nosso trabalho.

Disse que vai conversar com o responsável, já que além de nos, outro fabricante realizou testes e também não entrou.

Mantiveram com o antigo e atual fornecedor."
1766;01/09/2015 16:35;Coco Bambu;Adriana;Início aos testes dia 09 de março de 2015.
1852;24/09/2015 14:39;Colpani Pescados;Renan;24/09/2015 Liguei para falar com o Martinho, por´me não estava, retornar
1203;24/06/2015 14:17;Come Vap - Laticinios;Renan;conversei com o Antonio e disse que estaria na regiao na proxima semana, avisar quando vou, documentar por email
782;26/05/2015 14:07;Come Vap - Laticinios;Renan;Primeiro contato hoje com o Antonio Carvalho, enviado apresentacao, compram da Mundial.
2250;27/10/2015 16:54;Condomínio Portal do Morumbi;Adriana;Liguei 2x para Cecília, só deu caixa postal. Enviei e-mail informando que amanhã levo amostra do detergente.
2195;22/10/2015 14:23;Condomínio Portal do Morumbi;Simone;Cotação enviada novamente para Cecília, com detergente neutro
2160;21/10/2015 12:09;Condomínio Portal do Morumbi;Adriana;Cotação enviada para Cecília.
2034;09/10/2015 17:30;Condomínio Portal do Morumbi;Adriana;Teste agendado para dia 15/10, as 21h.
1910;06/10/2015 14:01;Condomínio Portal do Morumbi;Adriana;Liguei para o Mauro hoje, disse para eu ligar amanhã após as 14h, pois está no interior.
1908;02/10/2015 17:02;Condomínio Portal do Morumbi;Adriana;Conversei hoje com a Cecília. Tudo ok para iniciarmos os testes.
1937;01/10/2015 12:49;Condomínio Portal do Morumbi;Simone;Adriana solicitou amostras
1943;30/09/2015 17:42;Condomínio Portal do Morumbi;Adriana;"Conversei hoje com o Mauro.

O teste será realizado semana que vem no período da noite."
1974;29/09/2015 19:11;Condomínio Portal do Morumbi;Adriana;"Liguei para a Roseli de compras do condomínio, pediu para eu reencaminhar o catálogo.
E-mail enviado."
1957;29/09/2015 18:04;Condomínio Portal do Morumbi;Adriana;Conversei com a Cecília para acertamos o teste no restaurante.
1925;29/09/2015 13:57;Condomínio Portal do Morumbi;Simone;29.09 Simone enviou novamente o catálogo no e-mail da roseli, com cópia para Adriana
1919;29/09/2015 11:16;Condomínio Portal do Morumbi;Simone;25/09 enviado catálogo no e-mail da Roseli
1847;25/09/2015 19:50;Condomínio Portal do Morumbi;Adriana;"Visitei hoje, eu e a Cecília (compras da cozinha) acertamos quais produtos serão testados no próximo sábado. 

Conversei com a Roseli (compras do condomínio) pediu para enviar dados da nossa empresa com os principais fornecedores."
1851;24/09/2015 17:27;Condomínio Portal do Morumbi;Adriana;Conversei com a Cecília hoje por telefone. Marquei visita com ela para amanhã.
1837;24/09/2015 14:48;Condomínio Portal do Morumbi;Simone;24.09 - Cecilia ex.funcionaria da Ciama, solicitou visita da Adriana para apresentar nossos produtos, já enviei e-mail para Adriana
1677;12/08/2015 22:14;Confruty;Jessica;"deixei Pro Klore e grun para teste.

quer um sanitizante sem enxague"
1466;15/07/2015 20:23;Confruty;Jessica;Fez pedido. Amanhã levarei as bombonas e irei instalar o foamer.
2515;17/03/2016 13:46;Consuma;Jessica;Vamos realizar os testes começo de abril
2587;24/02/2016 17:29;Consuma;Jessica;Reunião
1384;01/07/2015 19:44;Coopas Latícinio;Jessica;Falei com a Bruna, ela  disse que o preço do concorrente está melhor do que o nosso. Eu pedi para realizar um teste, ela aprovando conversamos para ser refeito um novo orçamneto. Ela autorizou.
1252;22/06/2015 22:13;Coopas Latícinio;Adriana;Cotação enviada hoje.
1149;22/06/2015 18:10;Coopas Latícinio;Adriana;"Visita dia 18/06.



Falamos com a Bruna."
1154;22/06/2015 18:09;Coopas Latícinio;Adriana;"CIP



Ácido Peracético 

Detergenete Neutro

Alcool Líquido 96

Sapone Bac"
2626;02/09/2016 15:04;Cooper Lat;Renan;Retornar ligacao final de setembro
1259;25/06/2015 21:39;Cooper Rita;Adriana;Dar andamento.
1202;22/06/2015 20:14;Cooper Rita;Adriana;Primeira visita, dia 18/06.
1164;22/06/2015 17:52;Cooper Rita;Adriana;"Enviar cotação para Tatiana.



Peróxido de Hidrogenio

Ácido Nítrico

Soda aditivada 

Detergente Neutro"
1133;22/06/2015 17:50;Cooper Rita;Adriana;"Concorrente: Mundial 



Indicar 05 empresas de Leite UHT que a nossa empresa fornece produtos."
2554;10/03/2016 20:45;Cooperativa Lar;Victor;Ligar amanhã
2215;10/11/2015 14:30;Cooperativa Lar;Victor;Roselaine não pode receber hoje e nem amanhã cedo. Só amanhã a tarde. Se ficar até amanhã, ligar e visitar.
1012;08/06/2015 20:03;Coopetativa Laticinio Sao José;Renan;conversei com a Cintia, conversar com a valdirene de compras para alinhar testes.
619;13/05/2015 18:11;Coopetativa Laticinio Sao José;Renan;conversei com a cyntia, esta interessada.
674;13/05/2015 17:45;Coopetativa Laticinio Sao José;Renan;Primeiro Contato feiro com a Cintia da Qualidade, no dia 5/5 , ela usa produtos da diversay.
1600;28/07/2015 14:31;Cory Alimentos;Victor;28.07.2015 Suelen, enviou reposta do e-mail pedindo para o teste ser feito em alguma sexta-feira do mes de agosto, copiado e-mail Victor,aguardando retorno do mesmo
1562;28/07/2015 14:08;Cory Alimentos;Victor;"28/07/2015 - Suelen pediu para enviar e-mail para ela, deixar registrado, pois precisa ver que pé esta as coisas.

Parece que conversou com Ivan algumas vezes, mas estavam meio tumultuados"
1407;22/07/2015 19:42;Cory Alimentos;Renan;22/07/2015 - Liguei ,mas Suellen já tinha ido embora retornar 23/07
875;28/05/2015 14:02;Cory Alimentos;Victor;Ligar segunda-feira para ver como vai ser a semana. A produção está fraca.
610;12/05/2015 14:00;Cory Alimentos;Victor;Liguei para Suelen, e ficamos de na semana que vem, ou na outra agendarmos o dia do teste.
506;22/04/2015 19:53;Cory Alimentos;Victor;Amostras entregues, testar quando Suelen voltar de férias.
503;30/03/2015 13:46;Cory Alimentos;Victor;Foi pedido para Simone separar amostras.
543;13/03/2015 12:13;Cory Alimentos;Victor;Enviado e-mail para Suelen solicitando quantidade de consumo. Cobrar
432;09/03/2015 00:23;Cory Alimentos;Victor;Já foi feito visita. Vai passar consumo aproximado dos produtos para podermos fazer teste. Cobrar resposta.
435;27/02/2015 17:19;Cory Alimentos;Victor;Marcado visita para quinta-feira, às 14:00 hrs.
414;05/02/2015 18:14;Cory Alimentos;Victor;Suelen está em treinamento. Já foi deixado caderno e cartão. Ligar semana que vem, pois está em treinamento.
285;12/01/2015 16:14;Cory Alimentos;Victor;Conversei novamente com Suelen, ela ficou de responder email para eu levar os produtos para ela testar quando eu estiver por Barretos.
286;04/12/2014 11:49;Cory Alimentos;Victor;Enviado e-mail com catálogo, cotação, FISQPs e Boletins técnicos. Acompanhar e fazer visita quando estiver na região de Ribeirão Preto.
258;26/11/2014 12:01;Cory Alimentos;Victor;Conversar com Suelen
1710;01/09/2015 19:09;Cozin;Adriana;"Tentei contato algumas vezes por telefone e só da caixa postal.

Vistar."
1323;06/07/2015 19:20;Cremo Minas;Adriana;E-mail com catálogo enviado hoje para o Rafael.
1347;03/07/2015 15:22;Cremo Minas;Jessica;Falei com Rafael, enviar uma carta de apresentação.
1229;22/06/2015 19:13;Cremo Minas;Adriana;Ligar para Rafael.
1260;22/06/2015 19:13;Cremo Minas;Adriana;Visitamos dia 18/06.
2237;09/11/2015 17:45;Cucinare;Adriana;Primeiro contato em setembro de 2014. E-mail enviado ao Paulo com apresentação.
1120;12/06/2015 14:43;Curral De Minas;Jessica;Conversei com a Sônia, ela trabalha com a Diversey, no momento fechou contrato mas disse que pode receber a gente na próxima semana para fazer uma visita. Só ligar assim que estiver na região.
1150;12/06/2015 13:35;Curral De Minas;Jessica;Enviado catálogo
2105;27/10/2015 16:04;Cutrale Sucocítrico;Alexandre Malhado;Amostra deixada lá no último sábado (24-10-15) com o próprio Ayr. Estou tentando contato com ele para saber se já usou o produto, mas ainda não foi possível.
2113;21/10/2015 12:27;Cutrale Sucocítrico;Victor;Já conversado com Ayr. Alexandre vai deixar as amostas na sexta-feira.
2071;07/10/2015 19:11;Cutrale Sucocítrico;Victor;Aguardando amostras do peracético.
984;02/06/2015 20:08;Cutrale Sucocítrico;Victor;Thiago enviou e-mail para Ayr. Aguardar resposta para enrolar.
937;30/05/2015 17:02;Cutrale Sucocítrico;Victor;Ver se Thiago já conversou com Ayr para dar uma enrolada e ver o que vai fazer.
769;20/05/2015 13:14;Cutrale Sucocítrico;Victor;Deu tudo errado. Ver se novo peracético já chegou e mandar novamente.
694;12/05/2015 19:10;Cutrale Sucocítrico;Victor;Solicitado novas amostras para Simone e Thiago
505;30/03/2015 13:40;Cutrale Sucocítrico;Victor;Enviado e-mail para Ayr perguntando a quantidade de produto necessária para análise.
542;24/03/2015 13:38;Cutrale Sucocítrico;Victor;Eric pediu para ligar amanhã neste mesmo horário, para ver questões da higienização da produção.
442;27/02/2015 11:58;Cutrale Sucocítrico;Victor;Eric entrou de férias dia 23 e só volta dia 16 de março.
373;04/02/2015 17:04;Cutrale Sucocítrico;Victor;Encaminhado e-mail para Renan, para fazer cadastro de fornecedor. Ver se já está tudo ok.
342;01/02/2015 22:51;Cutrale Sucocítrico;Victor;Foi deixado caderno e AB-AL 200 em 30/01/15. Eric falou para conversar com Fernando Capi, de compras, para vender produtos.
270;12/01/2015 16:47;Cutrale Sucocítrico;Victor;Tem produto em estoque. Vai testar o que tem para ver se funciona. Vai começar a limpeza daqui duas ou três semanas. Acompanhar.
204;07/01/2015 09:49;Cutrale Sucocítrico;Victor;Eric chegou de férias hoje. Vai conversar com o pessoal do Almoxarifado, pois conversou com o pessoal a limpeza, e já vai dar um retorno.
228;09/12/2014 15:39;Cutrale Sucocítrico;Victor;Visitar Eric quando estiver pela região. Já recebeu e-mail com valores.
237;04/12/2014 12:24;Cutrale Sucocítrico;Victor;"Produtos testados: AB - AL 200 (100%), 1000 Decrust (0%), Pro HA - 3000 CL (80%) e Mult 10.000 (85%).



Enviado cotação via Fernando, pois Eric não recebe e-mails externos. Acompanhar."
104;12/11/2014 16:35;Cutrale Sucocítrico;Victor;Confirmar com Eric quando estiver pela região e testar produtos.
159;07/11/2014 16:45;Cutrale Sucocítrico;Victor;Ainda não testou as amostras. Ligar e tentar agendar teste para a outra semana, quando eu estiver pela região, se ele já não tiver testado.
63;07/10/2014 19:29;Cutrale Sucocítrico;Victor;Ver se já conseguiu testar as amostras. / Solicitar amostras para remoção de fuligem de laranja e cana, e visitar Eric na semana do dia 27/10.
1786;01/09/2015 19:29;CVNC - Parmalat;Renan;Liguei para a Soeli pedindo os equivalentes da Kalykim
1234;24/06/2015 14:38;CVNC - Parmalat;Renan;Reuniao dia 30 !
1054;08/06/2015 19:21;CVNC - Parmalat;Renan;conversei com a Soeli, pediu para ligar na quinta que vem para agendar reuniao, compra da Kalykim
708;22/05/2015 12:45;CVNC - Parmalat;Renan;Catalogo deixado a um mes atras, liguei para Soeli agora e ela esta de ferias, volta na semana que vem.
935;02/06/2015 12:53;D'Guste;Victor;Produtos entregues e dosador instalado. Acompanhar para ver se dosador está dosando direito.
954;30/05/2015 16:58;D'Guste;Victor;Entregar produtos e dosador na segunda-feira.
830;27/05/2015 20:35;D'Guste;Victor;Carregar produtos e dosador para entregar sexta-feira.
658;12/05/2015 19:30;D'Guste;Victor;Adriana pediu para instalar nosso dosador pois vai trabalhar com a gente. E o que ela tem, deu pau.
560;30/03/2015 12:21;D'Guste;Victor;"Ir acompanhando com Adriana da Unidade de Estrela D&#039;Oeste. Fizeram um pedido. Trabalhar para atender todas as unidades.



Ver o resultado do Pro Alkim e Alkim CL, limpa alumínio, 3000 CL e Pro Grun."
478;27/02/2015 12:37;D'Guste;Victor;Vilma entrou de férias e só volta dia 23/03.
424;12/02/2015 10:25;D'Guste;Victor;Amostras já deixadas. Ver se gostou.
425;11/02/2015 22:50;D'Guste;Victor;Deixar amostra de produtos cedinho.
356;04/02/2015 16:32;D'Guste;Victor;A visita já foi feita. Vilma informou que até amanhã já vai passar e-mail com os produtos que utiliza, e assim, fazer testes.
381;22/01/2015 15:54;D'Guste;Victor;Vilma pediu para visitar quando estiver pela região.
260;25/11/2014 16:45;D'Guste;Victor;Donizete informou que está mudando a cozinha. Pediu para entrar em contato lá para o meio de Janeiro.
1483;22/07/2015 19:33;Damm Pescados;Renan;22/07/2015 - Barbara está de férias, retorna em agosto
1102;15/06/2015 17:21;Damm Pescados;Flavio;Barbara irá nos passar quantidade dos produtos que precisa para teste do Ultra, Alcool gel 70, 3000 CL, ácido peracetico, cloro e etc
862;27/05/2015 19:15;Damm Pescados;Renan;Enviado e-mail para a Barbara da Qualidade com apresentacao, vai avaliar
446;03/03/2015 13:58;Damm Pescados;Victor;Passei para o Ivan
453;02/03/2015 14:22;Damm Pescados;Victor;Passar para o Ivan.
345;22/01/2015 19:23;Damm Pescados;Victor;Enviado e-mail com cotação. Acompanhar.
2512;21/03/2016 18:37;Danone - Água;Victor;Rafael de férias. Resposta automática. Enviado e-mail para Samara.
2589;21/03/2016 18:11;Danone - Água;Victor;Enviado e-mail novamente.
2598;01/03/2016 12:13;Danone - Água;Victor;Enviado e-mail para retomar conversa. Acompanhar.
606;14/05/2015 13:45;Danone - Água;Victor;Deixar um brinde no fim do ano.
624;14/05/2015 13:45;Danone - Água;Victor;Divisão de águas acabou de fechar contrato com a Kalykim por 12 meses. Ano que vem começar a acompanhar em Março.
632;13/05/2015 18:11;Danone - Água;Victor;Enviado e-mail para Rafael Prado. Eles estão interessado em conhecer novos fornecedores. Ficar em cima.
641;28/04/2015 18:36;Danone - Água;Victor;VAAAAAAAAAAAAAAAIIIIIIIIIIIIIIIIIIIIIIIIIIIIIIIIII!!!!!!!!!!!!!!!!!!!!!!!!!!!!!!!!!
751;22/05/2015 18:11;Danubio - Vigor;Renan;"Conversei com a Nagila que é a resposavel de produtos, eles trabalham com a Mundial; encaminhei o email"
703;21/05/2015 20:51;Danubio - Vigor;Renan;Liguei la e a Juliana nao estava, mandei e-mail.
1075;11/06/2015 17:50;De Marchi Polpa;Renan;tentei ligar, nao me atendeu
749;22/05/2015 20:18;De Marchi Polpa;Renan;liguei hoje, ja vazou
620;04/05/2015 20:36;De Marchi Polpa;Renan;acompanhar
313;28/01/2015 12:47;De Marchi Polpa;Renan;falei com a Elisangela pois a Sidnei estava de ferias , ficou de ver
369;20/01/2015 10:56;De Marchi Polpa;Renan;tentei contato no dia 20/01 porem sem sucesso, mandei e-mail
253;15/01/2015 12:40;De Marchi Polpa;Renan;E-mail enviado no dia 15/01 para sidnéia
1342;29/06/2015 12:09;Di Cunto;Ivan;"Reuniao realizada com Elis e Marco. 

Mandar os produtos equivalentes aos que a ELis quer cotar conosco."
1297;22/06/2015 19:51;Di Cunto;Renan;reuniao maracada para sexta feira as 10H com o Marco
842;28/05/2015 12:03;Di Cunto;Ivan;Estou alinhando com a Elis o teste na matriz e esperando a confirmação da reunião com o Marco que gosta da Ecolab.
1727;10/09/2015 18:13;Dias & Proença( Restaurantes Industriais);Renan;10/09/2015 - Tentando falar com a Chrissie
2553;11/03/2016 17:51;Divine Motel;Alexandre Malhado;Não consigo contato ia telefone. E-mail enviado novamente.
2484;22/02/2016 13:41;Divine Motel;Alexandre Malhado;Nenhuma resposta. Novo e-mail enviado.
2404;02/02/2016 22:17;Divine Motel;Alexandre Malhado;Mariá respondeu e-mail dizendo que essa semana está muito enrolada e provavelmente semana que vem conseguirá me atender. Aguardando agendamento de visita.
2481;29/01/2016 10:27;Divine Motel;Alexandre Malhado;Mariá ainda não respondeu o e-mail dizendo se olhou ou não o catálogo. Mandei outro e-mail pedindo agendamento de visita.
2327;20/01/2016 12:15;Divine Motel;Alexandre Malhado;Mariá respondeu e-mail dizendo que irá olhar nosso catálogo e entrará em contato. Mandar novo e-mail na sexta-feira, caso ela ainda não tenha entrado em contato.
2337;20/01/2016 10:16;Divine Motel;Alexandre Malhado;E-mail enviado para Mariá (atendimento@divinemotel.com.br) para agendamento de visita. Aguardando resposta.
1887;22/09/2015 16:39;Divine Motel;Alexandre Malhado;Falei com a Mariá e ela pediu para que eu retornasse o contato na próxima terça-feira (29-09-15), pois a gerente está de férias e só retornará ao trabalho nesse dia. A empresa possui lavanderia própria. Os produtos de limpeza são fornecidos por duas empresas: Mustang Pluron e a outra ela não lembrou o nome.
2156;21/10/2015 18:00;Divino Fogão;Jessica;"Enviar catalogo, cotação, sobre máquinas lava louças e resto clean para o Luciano com a Renata em cópia.
Renata disse que a equipe está reduzida, então a fase para testes pode demorar um pouco, diversey está sendo homologada. Colocar em obs no email que conversei com Adilmo na unidade de Mauá."
1671;20/08/2015 17:17;Divino Fogão;Jessica;"Falei com o Adilmo.

Está fora por uns dias, mas pediu para encaminhar o catalogo junto com o relatório feito para o Divino Fogão de Mauá.

Irá apresentar esses dados para setor de gastronomia, para a liberação dos testes na unidade Eldorado."
1694;17/08/2015 18:02;Divino Fogão;Jessica;"Fez um pedido, e pediu para apresentar o relatorio.

estou levando hoje."
1511;03/08/2015 11:24;Divino Fogão;Jessica;Colocado neuter super 5 litros
1520;31/07/2015 15:22;Divino Fogão;Jessica;Segunda dia 27 colibri outro neutro super 5 litros
1455;22/07/2015 13:36;Divino Fogão;Jessica;Troquei detergente galão 5 litros super Max.
1474;15/07/2015 21:34;Divino Fogão;Jessica;Troquei detergente mais um galão de 5 litros.
1479;07/07/2015 20:45;Divino Fogão;Jessica;"Estou levando amostras de neuter super max e 3.000 cl

DEixado hoje um neuter super e um 3.000 cl, acompanhar uso para montar relatorio"
888;27/05/2015 18:00;Divino Fogão;Jessica;Ligar
2579;01/03/2016 18:13;Doce Mineiro;Jessica;"Falei com o Tadeu, pediu para retornar em março.
Vai agendar um teste."
2137;21/10/2015 16:43;Doce Mineiro;Jessica;"qualidade@docemineiro.ind.br  encaminhar um email para o Tadeu.
Tivemos uma boa conversa, ele não estava a par da situação do processo de negociação de teste.
Falei todas as datas que estavamos tentando, todas as conversas com o Marcelo.
Ele disse que vai ver o que consegue fazer para dar seguimento, pois precisa de uma autorização para teste, pois foi efetuado um teste com a Diversey e ocorreu algum problema na produção em relação a produto.
Mas prometeu que irá tentar uma data, pediu para eu ligar próxima semana."
2150;21/10/2015 16:28;Doce Mineiro;Jessica;Vou tentar falar com o Tadeu  AGORA, MARCELO SÓ ENROLA.
2086;09/10/2015 18:35;Doce Mineiro;Adriana;Liguei 3x hoje, só deu caixa postal.
2052;06/10/2015 19:03;Doce Mineiro;Jessica;caixa postal.
1993;05/10/2015 17:21;Doce Mineiro;Jessica;Estava em reunião, pediu para retornar depois.
1920;01/10/2015 19:18;Doce Mineiro;Jessica;Conversei com o Marcelo, pediu para retornar amanhã cedo para deixar a data certa para teste, ele irá conversar com o Tadeu para autorizar a nossa entrada na fábrica.
1713;01/09/2015 17:28;Doce Mineiro;Adriana;Enviei e-mail ao Marcelo de compras para registrar as tentativas de contato por telefone.
1715;01/09/2015 16:44;Doce Mineiro;Adriana;Liguei hoje para o Marcelo, não pode atender.
1661;10/08/2015 15:15;Doce Mineiro;Adriana;Enviei e-mail ao Marcelo cobrando produtos para teste.
1682;10/08/2015 13:38;Doce Mineiro;Renan;Enviado e-mail para Marcelo sobre a visita , Adriana vai enviar e-mail para Marcelo
1505;05/08/2015 19:32;Doce Mineiro;Adriana;"Liguei mais uma vez. Deixei recado 2x. 

Ligar de novo."
1596;03/08/2015 14:46;Doce Mineiro;Adriana;"Falei com Marcelo hoje por telefone. 

Estavam passando por auditoria. Ligar amanhã cedo para confirmar a data dos testes."
1437;22/07/2015 15:59;Doce Mineiro;Adriana;"Liguei e mandei e-mail no dia 20/07, sem retorno.

Renan enviou e-mail no dia 21/07 para Marcelo."
1493;20/07/2015 17:22;Doce Mineiro;Renan;Aguardando teste
1339;06/07/2015 19:24;Doce Mineiro;Adriana;"Eu tentei contato nos 2 telefones hoje e só deu caixa postal. 

Ligar!!!"
1375;30/06/2015 15:54;Doce Mineiro;Adriana;"E-mail enviado mais uma vez cobrando o retorno para testes.

Não consegui contato por telefone, só chama até cair na caixa postal."
1227;25/06/2015 21:38;Doce Mineiro;Adriana;"Liguei a tarde e não consegui.

Enviei e-mail hoje cobrando o retorno."
1267;24/06/2015 21:47;Doce Mineiro;Adriana;Ligar para o Marcelo. Agendar teste.
1269;24/06/2015 14:50;Doce Mineiro;Adriana;Liguei para o Marcelo hoje. Enviar Fichas Técnicas.
1209;22/06/2015 21:17;Doce Mineiro;Adriana;Cotação enviada ao Marcelo no final do dia 22/06.
1173;22/06/2015 14:50;Doce Mineiro;Adriana;Enviar cotação para Marcelo.
1176;22/06/2015 14:49;Doce Mineiro;Adriana;Qualidade: Tadeu / Elisangela
1118;22/06/2015 18:52;Doces Colmeia/Caldense;Adriana;Enviar e-mail para Patrícia.
2247;05/11/2015 15:53;Doces Covizzi;Alexandre Malhado;Novo contato e novamente o senhor Mário no estava. Tentarei amanhã.
2006;08/10/2015 19:24;Doces Covizzi;Alexandre Malhado;Novo contato  e novamente o senhor Mário no estava.  Tentarei amanhã.
2097;08/10/2015 16:59;Doces Covizzi;Alexandre Malhado;Tentativa de contato. O Senhor Mário (um dos proprietários) não estava. Tentarei mais tarde novo contato.
2062;07/10/2015 18:40;Doces Covizzi;Victor;Xande
1524;28/07/2015 14:17;Doces Covizzi;Victor;28.07 - mario nao estava
1039;05/06/2015 12:39;Doces Covizzi;Victor;Mario não está na empresa hoje. Deve ter emendado o feriado.
540;24/03/2015 14:42;Doces Covizzi;Victor;Mario casou, está de licença e só volta semana que vem.
330;03/02/2015 15:07;Doces Covizzi;Victor;Foi deixado caderno. Acompanhar.
372;22/01/2015 16:05;Doces Covizzi;Victor;Agendar quando souber a data que vai para Rio Preto.
138;07/11/2014 18:28;Doces Covizzi;Victor;Falar com Mario e agendar visita novamente.
2036;07/10/2015 17:55;Doces Terra;Victor;"Compra os formulados da ATL. Disse que tem medo de mexer nos da limpeza CIP, mas no final deu uma abertura.

Enviado apresentação por e-mail novamente. Dar uma passada quando estiver pela região."
1445;20/07/2015 18:51;Doces Terra;Renan;20/07/2015 Falei com Miriam(qualidade) faz limpeza cip - usa detergente acido/peracético / alcalino - enviado apresentacao por e-mail qualidade@docesterra.com.br
1177;18/06/2015 15:17;Dom Armando;Ivan;Esperar outubro pra agendar o teste.
1042;08/06/2015 19:35;Dom Armando;Ivan;Ela começou com a AresClean em novembro, disse que faz pouco tempo, mas que se quisesse passar lá pra conversar podia passar sim. Ela na verdade deve ta com dó de trocar mas se conversar com ela pessoalmente ela abre pra teste e ai ja era. Ela foi bem gente boa.
761;19/05/2015 21:07;Dom Armando;Renan;"Fui la a 3 meses, compram da AresClean.

estavam precisando de saboneteira, eu disse que dava mesmo sem fornecer produto, acho que ela achou muito agressivo.

falei por email a ultiima vez ha 2 meses."
1329;06/07/2015 13:22;Dom Luis;Alexandre;Ligar e marcar visita
491;05/02/2015 17:28;Dom Pedro Limpeza;Renan;impossivel falar com o marcio , mande outro e-mail
240;15/01/2015 14:41;Dom Pedro Limpeza;Renan;Enviado e-mail 15/01 e volta de ferias no dia 19/01
1093;08/06/2015 16:41;Dori Alimentos;Renan;Marcia, é quem toma conta da limpeza. Mandei catalogo por email e ela disse que ia ver. Victor caso der, tenta passar
965;01/06/2015 18:23;Dori Alimentos;Victor;Tentar agendar com Gustavo. Falar da Gislaine da Jazam.
940;30/05/2015 17:39;Dori Alimentos;Victor;Gislaine da Jazam trabalhava na Dori, e disse que usavam produtos da Diversey. Entrar em contato e organizar tudo.
890;27/05/2015 19:50;Dubhay Terceirização;Jessica;Conversei com o Márcio, enviar cotação.
1822;16/09/2015 19:28;Dunga Biscoitos;Jessica;Foi extremamente grossa, disse que no momento não está fazendo cotação.
1624;24/08/2015 17:02;Dunga Biscoitos;Jessica;acabei de falar com a Ilza, reenviar catalogo, ira ver se consegue um horario.
1273;24/06/2015 13:05;Dunga Biscoitos;Renan;acompanhar
927;03/06/2015 19:38;Dunga Biscoitos;Renan;email de apresentacao enviado para a Ilza, jessica acompanhar
2376;07/01/2016 16:47;EBBA Maguary;Victor;IPT está de recesso. Só semana que vem.
2354;04/01/2016 16:08;EBBA Maguary;Victor;Foco
2353;30/11/2015 16:38;EBBA Maguary;Jessica;"Está analisando a nova proposta.
Achou o valor alto em relação o que a gente estava negociando anteriormente.
Disse que poderíamos testar antes da Start, mas como mudou ela precisa fazer novas cotações."
2291;19/11/2015 15:45;EBBA Maguary;Jessica;Eu e Victor fizemos reunião, a Bruna disse que realmente o que ela aprova para entrar para teste é preço inicial. Start começa a testar 10 de dezembro ate 10 de janeiro com preço inicial a R$2,10. Depois de algumas conversas ela disse que ira nos enviar a ficha técnica dessa soda da start, e nos podemos enviar uma nova proposta e se for aceito iniciar testes em 10 de Janeiro.
2027;06/10/2015 18:57;EBBA Maguary;Jessica;Marcar uma reunião para novembro.
1921;06/10/2015 18:56;EBBA Maguary;Jessica;"Bruna disse que paga hoje 2,48 na soda com a Diversey.
Está para fechar com a Start Química, que foi a que ofereceu um melhor preço até agora."
2000;30/09/2015 15:06;EBBA Maguary;Jessica;"Enviado email para Renan perguntando sobre preços.
Bruna em cópia.
Ligar sexta para perguntar se ela recebeu os valores."
1963;29/09/2015 19:34;EBBA Maguary;Adriana;Jéssica conversou com a Bruna (compras), ela disse que perdemos em preço, para enviarmos uma nova cotação da Soda Caustica até essa semana.
1737;14/09/2015 15:02;EBBA Maguary;Adriana;"Reis enviou um e-mail dizendo que para testes temos que aguardar um pouco.

E que quanto a limpeza CIP precisa ser avaliada sim. Pois há um grande volume dos reservatórios, e não tem como fazer teste com pequena quantidade."
1761;14/09/2015 14:30;EBBA Maguary;Adriana;Jessica foi para Araguari, conversou com o Reis no dia 11/09, sexta feira.
1719;04/09/2015 18:24;EBBA Maguary;Jessica;"liguei e avisei que na proxima.semana estamos indo para realizar os testes.

falei com o maurilio."
1712;01/09/2015 17:34;EBBA Maguary;Adriana;"Conversei por telefone hoje com o Reis. 

Encaminhei e-mail para que ele pudesse responder por lá se estará em Araguari na semana do dia 07 de setembro."
1767;31/08/2015 18:40;EBBA Maguary;Adriana;"Domingo dia 30/08 o Renan enviou e-mail ao Reis cobrando a data para darmos início aos testes.

Já que o Reis ficará fora de novo na cidade de Aracati."
1760;31/08/2015 18:38;EBBA Maguary;Adriana;Renan foi para Araguari dia 27/08, quinta feira, conversou com o Reis.
1631;25/08/2015 20:04;EBBA Maguary;Adriana;"Conversei com Maurilio por telefone, disse que o Reis ainda está viajando, mas que volta ainda essa semana.

Retornar contato."
1676;24/08/2015 21:42;EBBA Maguary;Adriana;"Tentei 3x hoje por telefone e não consegui contato.

Liguei todos os dias na semana passada e também não consegui contato com o Reis."
1643;11/08/2015 18:37;EBBA Maguary;Adriana;"E-mail enviado ao Reis para definirmos a data dos testes.

Pois ele está viajando e não consigo contato por telefone."
1522;03/08/2015 15:06;EBBA Maguary;Adriana;"Conversei com o Reis hoje por telefone.

Ele informou que poderá abrir teste na semana do dia 17/08."
1504;03/08/2015 15:05;EBBA Maguary;Adriana;19/06 E-mail enviado pelo Reis com a relação de produtos para teste.
687;11/05/2015 18:46;EBBA Maguary;Renan;"e-mail enviado para Hugo dia 4/05/2015 ...

encontrei Hugo na APAS ele me passou os contatos dos responsaveis Bruno e Bruna ... compram da ECOLAB"
1021;11/06/2015 19:50;Ebicen - Glico;Renan;flavio ?
806;27/05/2015 18:49;Ebicen - Glico;Renan;Flavio nunca havia ido, falou com o porteiro no numero 3686 7626 ou Valderez compradora Ou Karla.
309;22/01/2015 19:16;Ebicen - Glico;Victor;"E-mail com cotação já enviado.



Simone, solicitar 1 litro de Klinbe, Klin Se7e e Karbox para amostras, por favor.



Levar amostras assim que estiverem prontas."
359;20/01/2015 11:47;Ebicen - Glico;Renan;Reuniao amanha
2433;15/02/2016 20:24;El Botin;Adriana;"Conversei com a Aline sobre os preços. Aguardar primeiro pedido.

E verificar data para instalação."
2440;04/02/2016 14:00;El Botin;Adriana;"Almocei com a Aline na semana anterior. 

Alinhamos os produtos ontem, enviar cotação ainda hoje."
2451;27/01/2016 22:47;El Botin;Adriana;"Conversei hoje com a Aline.

Deixamos um almoço marcado entre 5ª e 6ª feira."
1911;29/09/2015 19:40;El Botin;Adriana;Conversei com a Aline hoje, ela disse que está aguardando o retorno do Kiko (dono) para fazer o primeiro pedido.
1860;17/09/2015 13:29;El Botin;Adriana;Produtos aprovados.
1788;03/09/2015 15:13;El Botin;Adriana;"Conversei hoje com a Aline de compras, disse que estão gostando dos produtos.

Em breve fará o primeiro pedido."
1784;31/08/2015 18:41;El Botin;Adriana;Produtos entregues hoje para teste.
1665;26/08/2015 20:06;El Botin;Adriana;"Aguardando dados cadastrais da empresa.

Conversei com a compradora hoje."
1632;11/08/2015 18:39;El Botin;Adriana;Aguardando retorno. Estou mantendo contato semanal.
1567;04/08/2015 17:45;El Botin;Adriana;E-mail enviado para compras cobrando algum retorno.
1566;03/08/2015 20:07;El Botin;Adriana;"Contato semanal com a compradora Aline.

Aguardando resposta do dono Kiko."
1350;02/07/2015 18:38;El Botin;Adriana;Fui ao El Botin hoje, conversei com a compradora.  Falamos sobre preços e instalações.
1326;01/07/2015 16:39;El Botin;Adriana;"Visitar a Aline de compras.

Ficou muito interessada."
1344;30/06/2015 23:55;El Botin;Adriana;Cotação enviada para compras.
1369;30/06/2015 18:59;El Botin;Adriana;"Conversei com a Aline de compras. 

Enviei o catálogo hoje. 

Elaborar cotação para os 04 restaurantes."
1315;30/06/2015 18:53;El Botin;Adriana;Kiko (dono) pediu meu cartão há 2 semanas.
2032;13/10/2015 11:25;Embrase;Victor;"Eli atendeu e disse que a pessoa responsável é a Léia. O contrato termina em fevereiro de 2016 e ela não quis falar qual empresa era a fornecedora atual. Disse que a empresa entrega ponto a ponto.

Entrar em contato em Dezembro ou Janeiro."
83;08/10/2014 19:05;Embrase;Victor;Tudo
1066;11/06/2015 20:22;Empório Sao Paulo;Renan;ligar dia 20 para agendar reuniao com Fabio
902;02/06/2015 10:52;Enova Foods Catanduva;Victor;Passar fichas técnicas para Jocineia.
951;01/06/2015 02:54;Enova Foods Catanduva;Victor;Enviado cotação. Dar uma passada quando estiver por Catanduva. Consumo baixo.
996;28/05/2015 17:48;Enova Foods Catanduva;Victor;Foi passado o consumo. Enviar cotação.
814;27/05/2015 12:00;Enova Foods Catanduva;Victor;Enviado e-mail novamente pedindo consumo para poder passar cotação.
735;22/05/2015 17:44;Enova Foods Catanduva;Victor;Visitar segunda-feira as 8:30
712;21/05/2015 14:15;Enova Foods Catanduva;Victor;Ana pediu para enviar e-mail solicitando data para visita. Pedi para amanhã ou segunda.
760;21/05/2015 12:27;Enova Foods Catanduva;Victor;Atualizar
1579;27/07/2015 17:48;Euro Foods;Renan;27/07/2015- FERNANDA ENTROU EM CONTATO COM A VANUZA DA QUALIDADE, ELA INFORMOU QUE ACABARAM DE FECHAR COM A KALYKIM, MESMO ASSIM ENVIEI E-MAIL COM APRESENTAÇÃO.
2444;22/02/2016 13:10;Fábricas de Doce Santa Helena;Alexandre Malhado;"O primeiro e-mail enviado dia 21-01-16 não foi respondido. Mandei novo e-mail para francislaine.roberta@santahelena.com
Aguardando resposta."
2350;21/01/2016 12:11;Fábricas de Doce Santa Helena;Alexandre Malhado;Tentativa de contato via telefone. Fui informado que a empresa não marca visitas. É necessário mandar e-mail (compras@santahelena.com) antes pedindo autorização. E-mail enviado e aguardando retorno.
2198;27/10/2015 15:07;Faria Lima Flat;Alexandre Malhado;Visita agendada para dia 03-11-15 as 09:15 com Fátima.
1807;24/09/2015 01:52;Faria Lima Flat;Alexandre Malhado;Contato realizado via telefone.  A pessoa responsável (Fátima) não se encontrava no estabelecimento. Ligarei novamente na próxima sexta-feira (02-10-15).
976;02/06/2015 12:26;Fazenda Bela Vista;Victor;Paulo Cesar disse que encaminhou a informação aos responsáveis pelas plantas, mas ninguém ainda deu retorno. Pediu para eu aguardar para ver se tem algum sinal de algum responsável.
817;28/05/2015 14:50;Fazenda Bela Vista;Victor;Enviado e-mail com catálogo para Paulo Cesar e Maurinho. Agendar visita.
807;27/05/2015 13:06;Fazenda Bela Vista;Victor;Celso informou que quem trata dessas questões é o Maurinho, diretor agropecuário, que não está na empresa. Ligar depois.
1588;27/07/2015 16:25;Fazendinha;Victor;27/07/2015 - Valdir não estava, deixei recado com Adriana, e nosso telefone para retorno
673;13/05/2015 17:38;Fazendinha;Victor;Valdir disse que o pessoal não gostou de nenhum produto, e está fechando com a Biochemical. Ligar daqui a uns meses quando tiver tempo e tentar reverter.
637;23/04/2015 15:29;Fazendinha;Victor;Levar amostras e testar às 9:00
698;23/04/2015 15:29;Fazendinha;Victor;Separar amostras para levar quinta-feira.
1473;21/07/2015 12:51;Ferraspari Bebidas e Refrigerantes;Renan;21/07/2015 - Usa produto da diversey, não recebe visitas, enviei apresentacao por e-mail
1929;05/10/2015 18:50;Festival Ceagesp;Jessica;"Leandro informou que pra esse ano não vai fechar nada com a kimium.
Ele tem contrato até o ano que vem com a Ecolab e a Royal e tem a obrigação com os equipamentos deles.
Pediu pra retornar o ano que vem.
Fernanda."
1618;12/08/2015 22:07;Festival Ceagesp;Jessica;"deixei o nosso produto instalado no diluidor da Ecolab.

proxima semana ligar para o Leandro."
1585;29/07/2015 18:28;Festival Ceagesp;Jessica;"Detergente neutro

Detergente clorado enzimático 

Limpa alumio 

Desincrustante 

Desinfetante"
1409;22/07/2015 20:17;Festival Ceagesp;Jessica;Leandro agendona reunião.
1431;17/07/2015 01:47;Festival Ceagesp;Jessica;"Visitei a unidade hoje e tive a notícia que o Leandro fechou contrato com a ecolab.

Insistir"
1183;11/06/2015 19:41;Festival Ceagesp;Jessica;Falei com a Bruna, ela me dará um retorno semana que vem.
901;28/05/2015 18:07;Festival Ceagesp;Jessica;Conversei com a Bruna. Trabalha com Ecolab, mas tem interesse nos nossos produtos. Enviar ainda hoje cotação
852;27/05/2015 20:16;FGA Foods;Adriana;Teste realizado e aprovado. Mas o cliente tem restrição recente no SPC.
1205;23/06/2015 18:42;Flamboia;Renan;relatorio enviado ao Ricardo e agora temos que aguardar os resultados da Lagoa que a Daniele disse que sai em 15 dias
1086;10/06/2015 14:53;Flamboia;Renan;conversado com a Mirian da Qualidade vai confirmar visita para sexta feira.
963;02/06/2015 18:32;Flamboia;Renan;Visitamos 02.06 com Daniela, Camacho e Ricardo. Agendamos para 09.06 terça as 16:30 com Miriam e após as 20:45
986;02/06/2015 18:27;Flamboia;Renan;"Reunião 02.06 agendamos visita para 09.06 terça as 16:30 e Após 20:45

Miriam 16:30

Daniela tratamento de água"
745;19/05/2015 18:30;Flamboia;Renan;"Apresentacao na reuniao no dia 13/Maio/2015

ficou de ver a melhor data para realizacao dos testes.

compram da Pluron.



liguei hoje e disse que ainda nao teve tempo."
1374;02/07/2015 12:25;Florio Alimentos;Flavio;Estive na Florio, foram testados Ultra, Super, mult10000, mult200, HS, R1 e klinbe. Gostaram do Neuter Ultra e Neuter Super. Levarei hoje 02.07 o 3000CL a pedido da Edna.
1138;15/06/2015 17:14;Florio Alimentos;Flavio;Inicia os testes 16/06 terça com a qualidade. Já enviado Fispq
1011;10/06/2015 14:45;Florio Alimentos;Renan;flavio atualizar !!!!!!!!!!!!!!!!!!!!!!!!!!!!!!!!!!!!!!!
932;03/06/2015 19:45;Florio Alimentos;Renan;teste marcado para segunda feira as 16H, flavio soliticar um pouco de mult 10000
786;26/05/2015 13:23;Florio Alimentos;Renan;Teste marcado para terca feira, solicitado amostras para simone
284;15/01/2015 13:29;Florio Alimentos;Renan;E-mail enviado a Edna 15/01
2286;11/11/2015 14:28;Folha de Uva Restaurante;Adriana;Visitei hoje a unidade de sbc. Conversei com o Giliard. Ele disse que o estoque permanece cheio. E não tem previsão para comprar.
2162;27/10/2015 16:30;Folha de Uva Restaurante;Adriana;"Giliard disse que compra pouco, e que tem estoque muito grande ainda.
Eu disse que não tem problema e que vou fazer uma visita para conversamos pessoalmente."
2161;26/10/2015 18:21;Folha de Uva Restaurante;Adriana;Liguei hoje, mas o Giliard está de folga. Ligar amanhã.
2088;07/10/2015 16:02;Folha de Uva Restaurante;Adriana;"Conversei com o Giliard por telefone, pediu para eu reencaminhar o catálogo.
Enviei mais uma vez via e-mail."
1949;29/09/2015 19:43;Folha de Uva Restaurante;Adriana;"Liguei hoje, o Giliard não está. 
Eu pedi para passar recado."
1778;31/08/2015 19:47;Folha de Uva Restaurante;Adriana;Hoje é folga do Giliard, retornar contato.
1698;25/08/2015 20:45;Folha de Uva Restaurante;Adriana;"Liguei para o Giliard (encarregado). Pediu para eu enviar e-mail.

Enviei cobrando os produtos do concorrente. Aguardar retorno."
1691;25/08/2015 20:45;Folha de Uva Restaurante;Adriana;Última visita, em janeiro.
1180;12/06/2015 19:13;Forno de Minas;Renan;conversei com a adriana, ligar terca feira para avisar dia da visita
741;21/05/2015 19:02;Forno de Minas;Renan;Conversei com a Adriana compradora do Laticinio, pediu para enviar uma apresentacao, pediu para copiar a Flavia supervisora da qualidade.
605;11/05/2015 17:01;Forno de Minas;Renan;Conheci na Feira APAS, compram da diversay, email enviado no dia 11/05/2015
1794;31/08/2015 18:30;Fortlev;Leandro Ribeiro;Contato feito através do Bruno da Start Sul .... o cliente Fortlev usa produtos da Ecolab e Diversay e quer algum cliente que atenda a nivel coorporativo
2149;21/10/2015 11:48;Frango da Villa;Simone;Estou ligando mas celular so chama para verificar se Jackson e Aginaldo podem ir la hoje que estão na região
2179;21/10/2015 11:18;Frango da Villa;Simone;21.10 - Jackson e Aguinaldo estão na região , pediu telefone e nome da pessoa
1751;10/09/2015 17:17;Frango da Villa;Renan;10/09/2015 Não consigo falar com a Edneia, então enviei apresenatcao por e-mail -
2495;25/01/2016 12:24;Frango Facio;Alexandre Malhado;"Primeiro pedido:

• Pro Ha 3000 CL 4 x 50 Litros : R$ 470,00 cada tambor.

• Neuter Use 1 x 50 Litros : R$ 125,00 cada tambor."
2499;25/01/2016 10:00;Frango Facio;Alexandre Malhado;Vitor mandou whatsapp hoje pela manhã perguntando se conseguimos melhorar os preços. Está muito interessado. Irei responder amanhã.
2425;22/01/2016 22:45;Frango Facio;Alexandre Malhado;Visita realizada. Vitor confirmou o que já havia dito: os produtos foram aprovados. Mostrei a ele a economia que a empresa terá com os nossos produtos. Ele quer conversar primeiramente com o fornecedor atual antes de fechar alguma coisa com a gente. Pediu para que aguardemos algumas semanas.
2392;15/01/2016 10:09;Frango Facio;Alexandre Malhado;"Teste realizado no dia 14-01-2016. 

Produtos testados:

• Neuterax Green – 1 x 5. O Vitor só irá testar o nosso quando o dele acabar. Creio que esse produto não será aprovado, uma vez que os colaboradores lavam as botas com as mãos, não usam luvas. Irei verificar com o Victor e o Renan se algum detergente neutro faz a mesma função.

• Sapone Bac – 1 x 5. Também não foi testado, mas esse produto não tem segredo.

• Kimi Kroko (antigo Pro Há 2000 CL) – 1 x 5. Usado 500 ML em um gerador cheio. Produto teve êxito e boa aceitação.

• Pro Há 3000 CL – 3 x 5. Usado 500 ML em um gerador cheio. Produto teve êxito e boa aceitação.

Obs: A quantidade usado no gerador atualmente com o produto do corrente (Detergente Clorado) é de 1200 ML para um gerador cheio.

Ainda sobrou 4 litros no Pro Ha 3000 CL e 4,5 litros do Kimi Kroko, eles irão usar na próxima semana para nos dar um feedback."
2311;14/01/2016 09:32;Frango Facio;Alexandre Malhado;Teste marcado para o dia 14-01-16 às 14h30m.
2332;12/01/2016 10:21;Frango Facio;Alexandre Malhado;Tentativa de contato para marcar o teste. Vitor não estava na empresa.
2343;06/01/2016 17:26;Frango Facio;Alexandre Malhado;"Email enviado para Simone pedindo os seguintes produtos para teste.

• Neuterax Green – 1 x 5
• Sapone Bac – 1 x 5
• Kimi Kroko (antigo Pro Há 2000 CL) – 1 x 5
• Pro Há 3000 CL – 3 x 5

Assim que chegarem, irei marcar o dia para teste com o proprietário Vitor."
2357;18/12/2015 10:24;Frango Facio;Alexandre Malhado;"Visita realizada com sucesso no dia 17-12-2015. O Vitor permitiu fazermos um teste com nossos produtos. Produção de 15 mil frangos/dia.

Atualmente a empresa usa os seguintes produtos da Quimidet:

• Detergente Para Botas - 50 Litros : R$ 225,00 - 2 galões/mês. 
• Sabonete Bactericida - 5 Litros : R$ 66,00 - 4 galões/mês.
• Detergente Clorado - 50 Litros : R$ 302,00 - 5 ou 6 galões/mês.
 
Irei agendar o teste para o mês de janeiro de 2016."
2320;16/12/2015 10:34;Frango Facio;Alexandre Malhado;Tentativa de contato com o Vitor, porém fui informado que hoje pela manhã ele não comparecerá na empresa. Ligarei no período da tarde.
2352;09/12/2015 16:27;Frango Facio;Alexandre Malhado;"Email enviado para o Sr. Vitor com a cotação dos seguintes produtos:

NEUTERAX GREEN     R$ 345,00 - 50 Litros
SAPONE BAC	     R$ 280,00 - 50 Litros
PRO HA 1000 CL     R$ 500,00 - 50 Litros
PRO HA 2000 CL     R$ 300,00 - 50 Litros

Acompanhar a resposta do email."
2326;26/11/2015 16:58;Frango Facio;Alexandre Malhado;Novamente Victor não estava na empresa. Ligarei amanhã.
2399;26/11/2015 14:50;Frango Facio;Alexandre Malhado;Victor não se encontra na empresa. Ligarei as 15 horas
2367;26/11/2015 12:13;Frango Facio;Alexandre Malhado;Ligar hoje após as 13:30
1909;29/09/2015 11:43;Frango Facio;Victor;Não está na empresa hoje. Ligar amanhã
1598;27/07/2015 16:26;Frango Facio;Victor;27/07/2015 - Victor está almoçando, retornar mais tarde
1074;11/06/2015 14:12;Frango Facio;Victor;Ainda não voltou. Talvez semana que vem...
975;02/06/2015 13:20;Frango Facio;Victor;Vitor casou e está de férias. Só semana que vem.
726;21/05/2015 12:58;Frango Facio;Victor;Telefonista disse que Vitor está correndo atrás das coisas do casamento dele até a outra semana, por isso está difícil encontrá-lo na empresa. Ir tentando.
572;13/03/2015 12:33;Frango Facio;Victor;Enviei e-mail pergutando se gostaram. Aguardar resposta.
508;11/03/2015 13:00;Frango Facio;Victor;Visitei Vitor e deixei 3000 CL. Ligar para ver se gostaram.
597;09/03/2015 18:58;Frango Facio;Victor;Visitar Walter Antonio amanhã cedo.
411;03/03/2015 13:07;Frango Facio;Victor;"Vitor disse que é tudo por comprar, com Walter Antonio. Foi enviado email para os dois solicitando visita.



Aguardar."
476;02/03/2015 16:41;Frango Facio;Victor;Ligar para Victor e agendar visita.
2178;13/10/2015 17:47;Frango nutribem;Victor;"Rafael disse que a diretoria não tem interesse. Deve ser mentira.

Xande, tenta lá e ve se vc consegue."
906;03/06/2015 11:43;Frango nutribem;Victor;Enviado e-mail perguntando se tem alguma novidade.
757;22/05/2015 18:15;Frango nutribem;Victor;Rafael disse que passou para o pessoal da diretoria mas não deram resposta. Fica meio com medo de cobrar o diretor, mas vai ver se comenta essa semana. Disse que posso ligar de novo no fim da semana que vem.
685;14/05/2015 12:19;Frango nutribem;Victor;Telefone só chama. Tentar passar lá quando estiver por Rio Preto, ou continuar tentando.
618;23/04/2015 13:25;Frango nutribem;Victor;Rafael está de férias. Volta só em Maio.
518;06/04/2015 13:31;Frango nutribem;Victor;"Enviado email novamente.



Cobrar."
471;09/03/2015 00:15;Frango nutribem;Victor;E-mail já enviado com fichas e fispqs, e solicitação para fazer teste sem custo. Cobrar resposta.
450;05/03/2015 00:43;Frango nutribem;Victor;Passar todas as informações que estão marcadas no caderno.
461;02/03/2015 13:58;Frango nutribem;Victor;Visita marcada para quarta-feira as 16:00
205;25/11/2014 13:01;Frango nutribem;Victor;"Enviado e-mail para Rafael solicitando os produtos que querem que teste. Compram da New Drop e diretor tem resistência a troca.

Trabalhar para mudar isso. Visitar quando estiver por Rio Preto"
1;14/10/2014 14:09;Frango nutribem;Victor;Tudo
2430;22/02/2016 11:36;Frango Ouro;Alexandre Malhado;Débora não se encontra na empresa. Tentar mais tarde.
2076;07/10/2015 18:03;Frango Ouro;Victor;Xande
490;05/03/2015 00:40;Frango Ouro;Victor;Ler todo o histórico antes de ligar para a Débora.
395;04/02/2015 16:39;Frango Ouro;Victor;"Informou que o dono é amigo do dono da Quimidet, e fechou contrato com eles. Débora não está satisfeita.



Tentar falar com o dono e fazer trabalho em alguma unidade para ele ter comparativo."
384;22/01/2015 11:43;Frango Ouro;Victor;Enviado e-mail perguntando se já recebeu as cotações de todos os fornecedores. Tentar agendar teste.
155;18/11/2014 15:12;Frango Ouro;Victor;Está aguardando orçamentos de outros fornecedores. Disse que assim que tiver com todas as cotações o pessoal de compras, ou ela, vai entrar em contato para agendar testes.
151;13/11/2014 10:40;Frango Ouro;Victor;Cotação respondida. Tentar agendar testes.
130;12/11/2014 12:32;Frango Ouro;Victor;Responder cotação e tentar agendar testes se for cliente bom.
105;07/11/2014 11:32;Frango Ouro;Victor;Já teve a visita, deu tudo certo. Na semana que vem, vai estar mais tranquila. Entrar em contato e dar andamento no processo pedindo as quantidades para passar valores.
150;23/10/2014 15:34;Frango Ouro;Victor;Na época da visita (15/10) estava enrolada com problema de temperatura na fábrica, em 23/10 recebei a notícia que vai ter visita do ministério e está enrolada de novo. Ligar em 30/10
2165;21/10/2015 15:32;Frango Rosaves;Victor;Cristiane disse que um gerador está ok, mas o outro não está muito bom. Vai me ligar para falar qual, e falar também sobre as saboneteiras.
2001;07/10/2015 12:36;Frango Rosaves;Victor;Precisam que regule o gerador de espuma. Se programar para passar lá.
1834;24/09/2015 13:12;Frango Rosaves;Ivan;Está tudo certo com os produtos que já vendemos, focar na lavanderia e nos demais. Ligar para o Renato
1481;14/07/2015 12:26;Frango Rosaves;Ivan;"Liguei para Cristiane. Retornar a ligação mês que vem a partir do dia 18



Marcado treinamento dia 31/08 as 14:30 c/Cristiane da qualidade - passado e-mail para Ivan e Renan"
1361;01/07/2015 20:25;Frango Rosaves;Ivan;Ligar para o comprador.
1354;01/07/2015 17:40;Frango Rosaves;Victor;Cristiane está enrolada em alguns relatórios até o dia 10. Após este dia irá definir com Renato.
1355;29/06/2015 12:07;Frango Rosaves;Ivan;Relatório feito, reuniao hoje 29/06/2015 para acertarmos valores.
1233;23/06/2015 12:27;Frango Rosaves;Ivan;Teste em andamento. PRodutos aprovados pelo pessoal e pela Jane encarregada da limpeza. Final da semana fazer o relatório e conversar preço.
1198;21/06/2015 15:32;Frango Rosaves;Victor;Ivan vai iniciar o teste com 3000CL e Neu 200A (neuterax green). Na terça-feira vai trazer mais 3000CL e os outros produtos (Sapone Bac, Pro Bac AL, Pro R1... ou outros que pegar lá na hora)
942;02/06/2015 12:50;Frango Rosaves;Victor;Enviado fichas e boletins técnicos, e pedido produtos que usam para levarmos os equivalentes se já não forem os enviados. Cobrar resposta.
910;29/05/2015 11:16;Frango Rosaves;Victor;Teste agendado para o dia 22/06. Enviar fichas tecnicas e deixar tudo certo.
867;28/05/2015 12:57;Frango Rosaves;Victor;Cristiane vai receber visita amanhã às 6:30
820;27/05/2015 11:41;Frango Rosaves;Victor;Cristiane pediu para eu ligar amanhã, pois está saindo para Botucatu agora.
87;08/10/2014 17:24;Frango Rosaves;Victor;Tudo
1770;03/09/2015 17:30;FrangodaVilla ( São José do Rio Pardo);Simone;03/08 - Eu Simone liguei e falei com Telefonista pediu para enviar e-mail para Edneia
2242;06/11/2015 16:39;Frangoeste;Adriana;Cristiane não está no setor dela hoje à tarde. Liguei duas vezes. Continuar ligando.
2261;03/11/2015 17:50;Frangoeste;Adriana;A Cristiane está em Sorocaba hoje. E o Valter está de férias, retorna dia 09/11.
1451;22/07/2015 12:06;Frangoeste;Ivan;Marcar visita com o Valter.
1364;01/07/2015 20:21;Frangoeste;Ivan;Conversei com a qualidade, Cristiane. Marcar visita com dois dias de antecedência semana que vem.
2526;11/03/2016 18:55;Freskito;Renan;11/03/2016 Marcada novamente visita para dia 21/03 - parte da manhã - usa prodts ecolab, pediu amostra do contratipo topax 67 - detergente quaternário de amônia sem espuma / sapone bac / kimi liquid / neuter / pro hs - Adriana vai visitar
2172;14/10/2015 20:28;Freskito;Simone;Alterado visita para dia 16/10 na parte da manhã, j solicitado amostras - Victor retira
2016;09/10/2015 19:21;Freskito;Simone;09.10 - liguei para AnaEliza,  compra da Ecolab - detergente neutro, e detergente perfumado para o chão, quer produtos para lavanderia, e linha automotiva - marcada visita para 5ªfeira 15/10 - parte da manhã - Cliente prospectado Internet - Passar para Victor
2065;07/10/2015 19:32;Freskito;Simone;07.10 enviado apresentacao por e-mail
1672;10/08/2015 20:18;Friella;Renan;deixamos catalogo no dia 28/7 a cuidados da Raquiel da qualidade, passei os contatos no e-mail do ivan hoje e estou colocando como responsavel do cliente no agendor
707;15/05/2015 15:39;Friella;Renan;e-mail de apresentacao enviado a Vania
2575;17/03/2016 19:25;Frig West;Alexandre Malhado;Rui não se encontra na empresa.
2510;29/02/2016 19:04;Frig West;Alexandre Malhado;Rui não se encontra na empresa.
2477;22/02/2016 13:24;Frig West;Alexandre Malhado;Rui não se encontra na empresa.
2474;12/02/2016 14:23;Frig West;Alexandre Malhado;Ligar após as 15 horas
2424;29/01/2016 10:22;Frig West;Alexandre Malhado;Solicitei o Kimi Kroko para a Simone. Assim que chegar irei marcar o teste com o Ruy. Avisar o Ruy que é do Victor, filho do Gilberto da Sebo Sol.
2069;07/10/2015 18:37;Frig West;Victor;Xande, não me deixa esquecer de amanhã pedir para separar amostra do 2000 CL para testar no Frig West. O Renan vai para Rio Preto nesse fds, e aí ele já deixa com vc.
909;03/06/2015 19:48;Frig West;Victor;3000 CL aprovado. Vão testar o Neuterax na sexta-feira. Cotação já enviada.
978;02/06/2015 13:25;Frig West;Victor;Teste remarcado com Vanda para amanhã.
846;28/05/2015 16:26;Frig West;Victor;Teste agendado para terça-feira 02/06.
880;27/05/2015 20:27;Frig West;Victor;Retomar conversa com Ruy.
1825;24/09/2015 14:02;Frigo Astra;Ivan;Passei pela oitava vez e a Clarissa não pode receber de novo. Documentei e uma hora vai dar certo.
1601;10/08/2015 20:11;Frigo Astra;Renan;passado no agendor para ivan responsavel, agendar visita para segunda ou terca quando estaremos la
860;26/05/2015 20:18;Frigo Astra;Renan;Ligar
823;26/05/2015 20:17;Frigo Astra;Renan;clarissa pediu para segurar até outubro
648;13/05/2015 18:59;Frigo Astra;Renan;Ligar para Clarissa
1441;22/07/2015 12:16;Frigo Cruz;Ivan;Esperando o pedido.
1114;18/06/2015 15:08;Frigo Cruz;Ivan;Relátorio entregue e o Dyonathan entra´r em contato. Continuar pesando na dele. As meninas da higienização amaram os produtos e eu.
1200;13/06/2015 13:18;Frigo Cruz;Ivan;Teste realizado e aprovado. Entregar relatório de consumo
1542;29/07/2015 16:52;Frigo Plus;Victor;29.07 procurei Robson nao voltou do almoço ainda
1312;30/06/2015 18:34;Frigo Plus;Adriana;Liguei hoje para o Robson. Pediu para retornar no final da semana.
1300;24/06/2015 13:02;Frigo Plus;Renan;Retornar dia 15 de Julho
836;27/05/2015 18:20;Frigo Plus;Renan;visita realizada hoje, falamos com o dono, utiliza produtos domesticos, retornar em julho
1804;22/09/2015 17:07;Frigoboi;Alexandre Malhado;Contato realizado com o senhor Antônio Luis. O mesmo relatou que não foi inaugurado a desossa, pois vai esperar passar a crise. Manteremos contato. Ligarei em janeiro de 2016.
1826;24/09/2015 13:17;Frigocruz;Ivan;Liguei para ele e ele estava em reunião, documentei por email e ligarei após o almoço
1320;29/06/2015 12:10;Frigocruz;Ivan;Teste bem avaliado. Discutir preços.
1265;24/06/2015 12:57;Frigocruz;Renan;Ivan acompanhar
1016;08/06/2015 16:37;Frigocruz;Renan;Teste marcado para quarta feira 10/06. A partir das 11:00
898;27/05/2015 14:53;Frigocruz;Victor;Dyonathan disse que está fazendo outros testes agora, e pediu para ligar na segunda-feira para agendar a data do teste.
2325;06/01/2016 15:53;Frigol;Victor;Tratar com André de suprimentos.
2132;16/10/2015 13:36;Frigol;Victor;"Silviane disse que ficou mais caro. Fiz proposta de custo fechado. Silviane disse que vai analisar e vai dar retorno semana que vem.

Não largar!!"
2171;13/10/2015 17:41;Frigol;Victor;"Elaine disse que vai tentar fazer o comparativo de preços ainda hoje.

Acompanhar."
2092;06/10/2015 20:15;Frigol;Victor;Enviado cotação por e-mail. Acompanhar
1617;25/08/2015 19:13;Frigol;Victor;Silviane volta de férias daqui umas 3 semanas. Deixado recado para Tancredo retornar. Letícia em reunião.
1189;21/06/2015 15:55;Frigol;Victor;Estão em auditoria nesta semana. Não estão testando nada. Voltar semana que vem.
1088;05/06/2015 12:34;Frigol;Victor;Teste dos produtos para carretilha foi ruim de novo. Dar um tempo e fazer de um jeito para ir na certeza na próxima vez.
953;02/06/2015 20:02;Frigol;Victor;Ivan vai acompanhar teste dos produtos para carretilha amanhã.
991;30/05/2015 16:56;Frigol;Victor;Ivan vai trazer amostras e deixar na Frigol segunda-feira (01/06)
802;27/05/2015 20:34;Frigol;Victor;Pegar novas amostras para carretilha
677;23/04/2015 14:17;Frigol;Victor;Conversado com Rogério. Agendar visita com Letícia.
337;01/02/2015 22:09;Frigol;Victor;Iniciar processo.
20;18/10/2014 16:49;Frigol;Victor;TUDO
1175;12/06/2015 14:22;Frigorífico Albatroz;Jessica;Falei com o Maciel, ele disse que pode passar para fazer uma visita. Depois das 13 hs
4;06/10/2014 17:11;Frigorifico Angelelli;Victor;Entrar em contato e agendar reunião com Marcos
2616;07/04/2016 12:23;Frigorífico Better Beef;Alexandre Malhado;Jaqueline estava fazendo integração e não poe atender o telefone. Ligarei hoje no período da tarde.
2562;29/02/2016 18:55;Frigorífico Better Beef;Alexandre Malhado;Nova tentativa de contato. Jaqueline pediu para que mandasse novo e-mail. E-mail enviado. Ligarei amanhã cedo para lembrá-la..
2421;15/02/2016 10:54;Frigorífico Better Beef;Alexandre Malhado;Jaqueline estava em treinamento.
2470;05/02/2016 12:14;Frigorífico Better Beef;Alexandre Malhado;Jaqueline disse que o Sandro (Supervisor) voltou ontem de viagem e provavelmente irá responder o e-mail hoje.
2419;22/01/2016 22:49;Frigorífico Better Beef;Alexandre Malhado;Aproveitei a visita na cidade de Rancharia e passei no Frigorífico Better Beff. Não pude entrar, pois não estava com hora marcada, o que já era esperado.  Deixei uma agenda e um catálogo na portaria com o Senhor Davi para que o mesmo entregasse para a Jaqueline.
2371;20/01/2016 10:55;Frigorífico Better Beef;Alexandre Malhado;E-mail enviado solicitando agendamento de visita. Aguardando retorno.
2380;19/01/2016 10:58;Frigorífico Better Beef;Alexandre Malhado;Não consegui contato com o Sandro (Gerente Industrial). Transferiram minha ligação para o Controle de Qualidade e falei com a Jaqueline. Ela solicitou um e-mail com a apresentação da nossa empresa e dos nossos produtos antes de agendar uma visita conosco. jaqueline.silva@betterbeef.com.br
2318;11/01/2016 15:49;Frigorifico Boa Vista;Jessica;Sueid estava em reunião, ligar novamente.
2314;11/12/2015 15:24;Frigorifico Boa Vista;Jessica;"kimi vox

3,000 cl

neuteraxgreen

sapone bac 

hipoclorito

peroxido de hidrogênio

carretilhas"
2264;19/11/2015 15:03;Frigorifico Boa Vista;Jessica;"Agendado teste para 30/11.

Concorrente New Drop/nippon/spartan. 

Neutro, clorado geradores

carretilhas

peracetico,quartenário

linha automotiva, shampoo, intercapio."
2570;14/03/2016 11:30;Frigorífico Boi Mix;Alexandre Malhado;CNPJ 18.715.000/0001-33 foi consultado no dia 11/03/16 e está aprovado.
2508;11/03/2016 18:16;Frigorífico Boi Mix;Alexandre Malhado;"Passar quando estiver indo para Estrela D´Oeste. Contato na empresa com Fernanda (recepcionista e compradora). Atualmente compra produtos do Faria.
Visitar sempre no período da tarde."
1143;12/06/2015 13:29;Frigorífico Cardeal;Victor;"Roberta disse que já fechou com a Limsept, e que a gente nunca demostrou interesse, e que no teste a gente foi só lá um dia, bateu gerador na sala de máquina e foi embora. Não pode mexer em nada até ter a certificação, e só vai poder ver isso em Outubro, pois a certificação é em Setembro.



Ligar e começar do zero."
1002;05/06/2015 12:22;Frigorífico Cardeal;Victor;Roberta disse para eu passar lá quando estiver por São Paulo.
992;03/06/2015 12:24;Frigorífico Cardeal;Victor;Roberta está em reunião. Ligar depois.
858;27/05/2015 11:53;Frigorífico Cardeal;Victor;Roberta só vai estar na empresa semana que vem.
800;21/05/2015 11:57;Frigorífico Cardeal;Victor;Visitar Roberta assim que chegar em Santo André.
684;14/05/2015 13:14;Frigorífico Cardeal;Victor;Roberta só chega mais tarde. Foi enviado e-mail para ver se ela consegue me receber hoje.
654;30/04/2015 01:10;Frigorífico Cardeal;Victor;Renan acompanhou com Adriana testes. Adriana envou e-mail para Roberta solicitando abertura para novo teste, pois Roberta foi emboraantes do fim da higienização no dia do acompanhamento. Ligar para alinhar tudo que precisa.
108;18/11/2014 09:25;Frigorífico Cardeal;Victor;Vai ter auditoria. Pediu para ligar no fim da primeira semana de Dezembor.
116;07/11/2014 09:50;Frigorífico Cardeal;Victor;Ela está analisando valores e tudo, mas está muito enrolada e não está conseguindo focar isto. Pediu para ligar sexta da semana que vem.
123;04/11/2014 11:00;Frigorífico Cardeal;Victor;Ligar para Camila (Qualidade), e ver se ela quer que a gente faça um plano de higienização, instale a máquina para desincrustação, e tal...
2621;06/06/2016 14:29;Frigorifico Friato;Victor;"Luciano está com a agenda apertada nessa semana, mas disse que posso tentar passar na sexta-feira de manhãzinha. Tentar passar perto das 7:30.

Ou ligar e tentar marcar na segunda-feira."
2555;01/03/2016 19:24;Frigorifico Friato;Jessica;Luciano não estava na sala.
2129;21/10/2015 15:38;Frigorifico Friato;Jessica;"Falei com o comprador Roberto, disse que o melhor é falar com o Luciano mesmo, que é qualidade.
Disse que trabalha com a Diversey.
roberto@friato.com.br  vou encaminhar uma apresentação."
1886;23/09/2015 19:19;Frigorifico Friato;Jessica;Tentei novamente Luciano não estava na sala.
1893;23/09/2015 16:54;Frigorifico Friato;Jessica;Estou tentando a muito tempo falar com o Luciano, mas ele sempre está na produção.
1313;01/07/2015 19:29;Frigorífico Frigonossa;Jessica;"Falei com o Pedro Sergio, ele autorizou levar umas amostras, porem acompanhar o teste já é mais dificil.

Falou novamente que gosta muito da new dropp, pq é uma rede indicada para frigorificos.

Pediu para levar os produtos que utilizamos nos frigorificos que atendemos hoje."
1335;01/07/2015 16:36;Frigorífico Frigonossa;Adriana;Liguei, não pode atender. Ligar de novo.
1362;30/06/2015 22:09;Frigorífico Frigonossa;Adriana;"Ligar sem falta para Pedro Sérgio na quarta-feira, dia 01/7,

Cobrar produtos utilizados."
1243;22/06/2015 21:16;Frigorífico Frigonossa;Adriana;Ligar para Pedro Sérgio no período da manhã.
1212;22/06/2015 21:05;Frigorífico Frigonossa;Adriana;"Visitamos dia 18/06.



Suíno 1000 por semana.

Bovino 800 por semana."
1172;12/06/2015 18:17;Frigorífico Frigonossa;Jessica;Falei com o Pedro Sérgio, ele trabalha com uma linha de produtos indicado pela JBS mas autorizou uma visita assim que pudermos.
1169;12/06/2015 18:12;Frigorífico Frigonossa;Jessica;Falei com Pedro Sérgio, ele usa uma linha de produtos ligada ao grupo JBR, mas autorizou a fazer uma visita.
1115;12/06/2015 14:05;Frigorífico Frigonossa;Jessica;Acabei de ligar, retornar no período da tarde.
1165;11/06/2015 23:59;Frigorífico Frigonossa;Jessica;"Uma das donas se chama Claudia Merli 
Pedro Sérgio é primo da Claudia, ela disse para ligar para ele e agendar horário"
1079;09/06/2015 20:09;Frigorífico Frigonossa;Jessica;Enviado cotação, ligar
2188;21/10/2015 15:25;Frigorifico JJZ;Jessica;"Produção está um pouco parada.
Aguardar um pouco mais.
Falei com o Frederico."
1883;23/09/2015 14:26;Frigorifico JJZ;Jessica;Será efetuado teste daqui 3 semanas.
2232;06/11/2015 16:32;Frigorifico Laranjal;Adriana;Fabiano não está na sala. Não atende.
2274;03/11/2015 17:52;Frigorifico Laranjal;Adriana;"Conversei hoje com a Beatriz, mas ela disse que quem autoriza teste é apenas o Fabiano. Hoje ele não está na empresa.
Enviei e-mail com catálogo para os dois."
1623;10/08/2015 13:38;Frigorifico Laranjal;Ivan;Falei com a Beatriz, ela compra da Pluron e disse para eu agendar com o Fabiano de compras primeiro, porém ele vai estar na Feira Tecnocarnes essa semana.
1309;01/07/2015 20:22;Frigorifico Laranjal;Ivan;Agendar semana que vem visita com a Beatriz. Gerente da qualidade
2429;12/02/2016 16:32;Frigorifico Martini Alimentos;Adriana;Enviei e-mail hoje para a Mary cobrando teste.
2449;25/01/2016 17:24;Frigorifico Martini Alimentos;Adriana;A Mary retornou dizendo que até o dia 29/01 informa a data para os testes. Vamos marcar para o começo de fevereiro.
2409;25/01/2016 16:25;Frigorifico Martini Alimentos;Adriana;Hoje enviei mais um e-mail para Mary, pois por telefone não consigo contato.
2379;18/01/2016 17:03;Frigorifico Martini Alimentos;Adriana;Enviei e-mail hoje para a Mary. Continuar cobrando a abertura para os testes.
2335;14/12/2015 19:36;Frigorifico Martini Alimentos;Adriana;Enviei e-mail para a Mary cobrando a confirmação dos testes.
2315;08/12/2015 13:15;Frigorifico Martini Alimentos;Adriana;"Visitei ontem. Conversei direto com a Mary.

Deixamos o teste pré agendado para o dia 12 de janeiro."
2224;17/11/2015 00:12;Frigorifico Martini Alimentos;Adriana;"Visitei dia 12/11. Mary foi muito atenciosa.
Estavam em auditoria. Mas disse que essa semana consegue dar atenção devida. 
Cobrar andamento."
1403;20/07/2015 14:42;Frigorifico Martini Alimentos;Renan;Falei com Mary, pediu para passar lá na 4ª ou 5ªfeira, hj também teve imprevisto não ia poder atender
1411;20/07/2015 14:13;Frigorifico Martini Alimentos;Renan;Agendada visita para 20/07 parte da manhã, remarcar visita para Victor ir no final dessa semana
1373;01/07/2015 20:34;Frigorifico Nosso;Ivan;Passar sexta feira.
859;28/05/2015 15:39;Frigorifico Nosso;Ivan;Thiago é gente boa, gosta do atendimento da New Drop mas vai abrir para testes. Continuar tentando
2471;22/02/2016 11:46;Frigorífico Olhos d'Agua;Alexandre Malhado;Contato realizado via telefone. A pessoa responsável (Mari) está de férias e retornará dentro de 15 dias.
2067;07/10/2015 18:35;Frigorífico Olhos d'Agua;Victor;Xande, eu imagino que esse seja um cliente bom. Não tive tempo de ficar em cima. Vai pra cima.
931;01/06/2015 02:58;Frigorífico Olhos d'Agua;Victor;Visitar quando for para Barretos SEM FALTA!
387;01/02/2015 22:16;Frigorífico Olhos d'Agua;Victor;Visitar quando estiver passando pela região.
61;09/10/2014 12:01;Frigorífico Olhos d'Agua;Victor;Agendar visita
45;09/10/2014 12:01;Frigorífico Olhos d'Agua;Victor;Ismael passou o contato de Nininho, em visita à graxaria Beira-Rio.
2597;01/03/2016 18:56;Frigorífico Santa Lúcia;Jessica;Enviado novamente cotação para Fernando.
2461;01/02/2016 15:48;Frigorífico Santa Lúcia;Jessica;"mudou o comprador que pediu preços, reencaminhei a proposta.
ligar novamente"
2298;19/11/2015 15:41;Frigorífico Santa Lúcia;Jessica;"Agendado teste para semana do dia 30/11. Conversado com Rodrigo qualidade, estão com problema com fornecedor atual.

concorrente Use Química."
1380;03/07/2015 15:20;Frigorífico Santa Lúcia;Adriana;Cotação enviada dia 22/06.
1321;01/07/2015 18:58;Frigorífico Santa Lúcia;Jessica;Falei com Jander, autorizou o teste para semnana que vem, So ligar e avisar o dia, pedir amostras de tudo que foi enviado na cotação.
1191;22/06/2015 14:22;Frigorífico Santa Lúcia;Adriana;Enviar cotação e catálogo para o Jander.
2627;02/09/2016 19:35;Frigorifico Super Frango;Victor;Rose disse que Ricardo está de férias, mas volta dia 12/09 às 7:30 da manhã. Encontrá-lo lá. Se não conseguir, falar com Daniela.
2608;10/05/2016 18:43;Frigorifico Super Frango;Victor;Visita agendada com Ricardo para dia 06/06. Ligar 03/06 para ter certeza.
2609;27/04/2016 13:22;Frigorifico Super Frango;Victor;Enviado fichas técnicas novamente. Pedido visita para a semana de 16/05 ou 23/05. Ficar em cima.
2559;01/03/2016 18:25;Frigorifico Super Frango;Jessica;"Pediu para encaminhar fichas técnicas dos produtos.
Irá responder uma data para teste."
2488;26/01/2016 16:49;Frigorifico Super Frango;Jessica;Nâo estava na sala.
2313;11/01/2016 16:40;Frigorifico Super Frango;Jessica;"Não na sala.
Retornar"
2271;29/10/2015 11:53;Frigorifico Super Frango;Jessica;"Conversei com o Ricardo, trabalha com a empresa Industrial Química, tem intenções de trocar.
Porém como está no final de ano, não irá mexer com isso agora.
controle.qualidade@ssa-br.com
email apresentação...
Muito gente boa, disse que no final de janeiro podemos conhecer o frigorifico e agendar um teste."
2138;21/10/2015 16:08;Frigorifico Super Frango;Jessica;"Conversei bastante com o Fernando, muito gente boa porém com ele só a parte final.
Tentei conversar com o Ricardo da qualidade, mas ele não estava.
Retornar amanhã. 
Enviei um email com apresentação novamente."
1986;29/09/2015 19:14;Frigorifico Super Frango;Jessica;Conversei com o Fernando, disse que no momento em três parceiros, não está cotando, mas no decorrer da conversa pedi para conhecer o frigorifico, ele disse que um pouco mais para frente pode abrir para uma reunião e uma visita.
1839;23/09/2015 17:50;Frigorifico Super Frango;Jessica;Fernando respondeu dizendo que ira analisar para uma futura negociação.
1894;23/09/2015 15:24;Frigorifico Super Frango;Jessica;"Encaminhei um email com catalogo para o Fernando comprador.
Tentar falar com Ricardo qualidade."
1162;15/06/2015 17:33;Frigorifico Wessel;Flavio;Passar preços conforme e-mail da Cibele
1092;11/06/2015 17:52;Frigorifico Wessel;Renan;testando
899;28/05/2015 16:24;Frigorifico Wessel;Renan;Reuniao segunda feira
870;28/05/2015 14:28;Frigorifico Wessel;Renan;mandei e-mail para Cibele pedindo reuniao
781;22/05/2015 17:51;Frigorifico Wessel;Renan;liguei e a mesma ja tinha ido embora
376;28/01/2015 12:30;Frigorifico Wessel;Renan;e-mail enviado no dia 27 de Janeiro e na mesma data conversei com a Juliana da qualidade, disse que havia pego conato com o daniel que é o dono e tambem soubemos atraves da Perola do Frigo Berna que ele comprou uma nova maquina para lavar caixas
183;07/11/2014 18:30;Frigorifico Wessel;Victor;"Cibele - (11) 3107-4561



Renan pegou o contato de outra pessoa. Acompanhar juntos."
2574;01/03/2016 13:39;Frigosul;Alexandre Malhado;Contato via telefone com Marcela. Disse que irá enviar hoje o e-mail com os produtos e quantidade dos produtos usados.
2534;22/02/2016 17:19;Frigosul;Alexandre Malhado;Contato realizado rapidamente por telefone, uma vez que ela estava em reunião. Ela ratificou que irá mandar a quantidade e o nome dos produtos usados atualmente.
2466;19/02/2016 15:36;Frigosul;Alexandre Malhado;E-mail enviado agradecendo a visita e lembrando sobre os produtos.
2435;19/02/2016 15:30;Frigosul;Alexandre Malhado;Visita realizada no dia 17-02-16. Marcela irá passar por e-mail os produtos e a quantidade que utiliza atualmente.
2453;15/02/2016 11:09;Frigosul;Alexandre Malhado;Visita agendada para dia 17/02 às 14h30 com Marcela.
2406;04/02/2016 15:20;Frigosul;Alexandre Malhado;Contato realizado com Marcela. Ela não lembrou dos contatos anteriores. Pediu para que eu retornasse o contato dia 11-02-2016 no período da tarde para conversarmos a respeito.
2157;23/10/2015 16:11;Frigosul;Victor;"Marcela pediu para enviar um e-mail solicitando os itens que consomem. 

Ficar em cima."
520;30/03/2015 12:30;Frigosul;Victor;"Enviei e-mail hoje. Tentar visitar hoje mesmo em Aparecida D&#039;Oeste se der tempo."
492;03/03/2015 16:51;Frigosul;Victor;"Marcela ainda não foi para Aparecida d&#039;Oeste. Disse que talvez vá na quinta-feira. Pediu para ligar na segunda-feira."
389;04/02/2015 15:59;Frigosul;Victor;"Sr. Paulo está com as atenções todas no frigorífico de Aparecida d&#039;Oeste. Marcela vai deixar recado no Skype amanhã para ver a situação de lá, e quem sabe a gente ter uma oportunidade."
301;22/01/2015 18:18;Frigosul;Victor;Visitar quando estiver pela região.
163;25/11/2014 10:41;Frigosul;Victor;Sr. Paulo agendou um treinamento com o pessoal da Diversey para hoje (25/11) pois o consumo estava muito alto. Marcela disse por skype que vai ver daqui a 15 dias se o consumo melhorou. Conforme for, vai tentar abrir para testes.
114;18/11/2014 09:14;Frigosul;Victor;vai ver com o Sr. Paulo para ver o que ele acha, pois faz tempo que falou com ele sobre isso. Pediu para ligar amanhã.
156;07/11/2014 19:00;Frigosul;Victor;Respondeu e-mail falando que auditoria ia até dia 15/11. Vai entrar em contato após esta data. Ligar e acompanhar.
1217;24/06/2015 14:09;Frileste;Jessica;Disse que no momento não há interesse.
1073;11/06/2015 18:05;Frimarchi Linguica;Renan;liguei para camila e reenviei o email
445;05/02/2015 17:26;Frimarchi Linguica;Renan;impossivel falar com o dirceu, so consigo a camila
277;15/01/2015 13:20;Frimarchi Linguica;Renan;Ligar 15/04//2015
229;15/01/2015 13:19;Frimarchi Linguica;Renan;Liguei dia 15/01 , pediu para ligar dia 15/04
1423;22/07/2015 18:19;Frimesa - Capanema;Ivan;Franciele disse que pode passar qualquer dia.
1442;22/07/2015 12:02;Frimesa - Capanema;Ivan;No dia 2 de Fevereiro a Simone falou com a Franciele, mandou email e ficou agendado para 09/02 a visita.
1878;24/09/2015 14:01;Frimesa Marechal;Ivan;Estou tentando agendar o teste com o Juliano, estive a 3 semanas com ele e semana passada passei la e ele estava em tereinamento, documentei tudo. Ele pediu para mandar email para ir lembrando
1412;22/07/2015 17:44;Frimesa Marechal;Ivan;Liguei para falar com o juliano e ele está de atestado, depois das 16:00 ligar para o mauricio
2590;10/03/2016 18:50;Frimesa - Medianeira;Victor;"- Gilson de férias até início de Abril;
- Grazi vai fazer programação de compra dos produtos até 20/03
- Tudo OK
- Tentar passar lá semana que vem"
2443;21/01/2016 13:05;Frimesa - Medianeira;Victor;"Enviado e-mail perguntando se quer que leve produto para semana que vem.

Acompanhar."
2348;05/01/2016 14:58;Frimesa - Medianeira;Victor;"Grazi vai entrar de férias em Fevereiro, mas quer deixar tudo cadastrado até lá para pedir do nosso para ir testando. Disse que algumas roupas estão saindo com algumas manchas esverdeadas.

Tentar passar lá semana que vem, ou ligar."
2094;07/10/2015 17:41;Frimesa - Medianeira;Victor;Teste agendado para a semana do dia 26/10.
1555;24/07/2015 16:17;Frimesa - Medianeira;Ivan;Quarta feira - 29/07 as 9:00
1117;22/06/2015 18:13;Frimesa - Medianeira;Victor;"Grazi respondeu o e-mail dizendo que agora na época de frio é complicado fazer teste, e pediu para em Agosto a gente se programar.



Esperar para ver como as coisas andam e forçar a barra para testar antes, ou aguardar agosto mesmo. Responder e-mail."
1123;22/06/2015 14:30;Frimesa - Medianeira;Victor;"Grazi disse que estão com uma máquina extratora nova e estão usando produto líquido nesta máquina.



Vai ver com o Gilson se a gente pode só trocar os produtos no dosador da Diversey."
1108;18/06/2015 15:26;Frimesa - Medianeira;Renan;Ivan: Fui até a Frimesa de MArechal, conversei com o juliano por telefone da portaria e ele agradeceu a visita e disse que quando abrir pra teste vai nos informar.
955;28/05/2015 18:28;Frimesa - Medianeira;Victor;Grazi disse que a lavanderia está em reforma, e pediu para ligar na metade do mês para confirmar se a gente pode fazer o teste no fim do mês de Junho ou começo de Julho.
964;28/05/2015 18:27;Frimesa - Medianeira;Victor;"Gilson estava muito enrolado em uma reunião, não pode falar comigo direito. Falou meio por cima que resolvendo a questão da lavanderia, a gente poderia testar na produção.



Pediu para tratar com a Grazi"
447;02/03/2015 12:52;Frimesa - Medianeira;Victor;Dar foco assim que terminar HCancer e Estrela Alimentos.
400;29/01/2015 11:06;Frimesa - Medianeira;Victor;Já foi visitado. Fazer acompanhamento para realizar teste na lavanderia, ou se conseguir, na produção.
352;20/01/2015 12:30;Frimesa - Medianeira;Victor;Mandar e-mail antes de ir para região e visitar.
115;04/11/2014 12:22;Frimesa - Medianeira;Victor;"Conversei por telefone, e enviei e-mail com catálogo para Gilson.



Acompanhar."
59;18/10/2014 11:20;Frimesa - Medianeira;Victor;Tentar falar com Gilson Paranhos. Responsável pelos produtos.
2317;11/01/2016 16:25;Frivasa;Jessica;"Larissa foi bem direta informando que não tem interesse de realizar teste.
Agora existe um gerente de compras, tentar falar com ele.
Antonio Cibilli.
Amanda tbm faz parte da qualidade, trabalha junto a Amanda."
2218;29/10/2015 12:55;Frivasa;Jessica;Renan enviou um email, aguardar.
2114;21/10/2015 15:17;Frivasa;Jessica;"Larissa já conversou com o diretor, está aguardando uma resposta para ver quando podemos iniciar os testes.
Comentou que outras empresas tbm irão testar, pediu para termos paciência pq ela está dependendo do diretor.
Mas assim que acertarem entra em contato."
2063;09/10/2015 17:32;Frivasa;Jessica;Larissa estava em reunião.
2096;06/10/2015 19:13;Frivasa;Jessica;Fernanda encaminhou um email com os frigoríficos que atendemos hoje.
1902;01/10/2015 18:46;Frivasa;Jessica;Larissa estava em reunião.
1947;30/09/2015 13:48;Frivasa;Jessica;liguei para Larissa ela nao estava no momento.
1815;23/09/2015 17:17;Frivasa;Jessica;"Larissa  qualidade@frivasa.com.br
Renan irá enviar hoje uma apresentação formal com os nomes de frigoríficos que já implantamos os nossos produtos.
Amanhã ela terá uma reunião com a diretoria e irá falar da gente para abrir uma semana de teste."
1527;03/08/2015 14:47;Frivasa;Adriana;"Renan conversou com a Larissa dia 31/07.

Ela disse que vai enviar por e-mail a data dos testes."
1400;03/07/2015 15:25;Frivasa;Jessica;Entrar em contato com a Larissa depois do dia 21/07.
1379;30/06/2015 23:18;Frivasa;Adriana;"Renan, ligar para a Larissa (qualidade) para agendar visita.

Telefone:     (35)3629-7400  - Ramal: 277"
1332;30/06/2015 23:17;Frivasa;Adriana;23/06 Larissa da qualidade enviou e-mail dizendo que precisa agendar uma visita.
1224;22/06/2015 19:28;Frivasa;Adriana;Visitamos o Claudinei de compras no dia 18/06.
733;22/05/2015 20:40;Frivasa;Renan;Vinha falando com tilander mas o tilander saiu agora esta o Claudinei, mandei email de apresentacao
661;14/05/2015 13:31;Frivasa;Victor;Agendar visita quando for visitar a Yakult ou a Total.
318;28/01/2015 16:35;Frivasa;Renan;falei com o tilander e mandei e-mail de apresentacao 28/01
377;20/01/2015 12:57;Frivasa;Victor;Tentar contato com Tilander no número (35) 3629-7400
221;08/01/2015 17:18;Frivasa;Victor;Tudo
1593;29/07/2015 18:35;FRO Thome Pizzaria;Jessica;Douglas
1278;22/06/2015 20:16;Frutas de Minas;Adriana;Primeira visita, dia 18/06.
1199;22/06/2015 15:12;Frutas de Minas;Adriana;"Enviar cotação para a Tânia.



Detergente Neutro

Soda"
2398;14/12/2015 19:31;Frutiquello Sorvetes;Adriana;Primeiro pedido emitido hoje!!!!
2331;02/12/2015 20:28;Frutiquello Sorvetes;Adriana;"Conversei durante essa semana toda com o João de compras. Ele disse que está avaliando os valores e rendimento. 

Eu implorei para ele fazer um pedido com a gente agora em dezembro. 

Disse que logo me posiciona."
2304;02/12/2015 20:27;Frutiquello Sorvetes;Adriana;"27/11: Visitei e dei continuidade nos testes.

Os produtos foram aprovados. O comprador informou que tiveram que abrir teste também para a Mundial, mas aparentemente está me dando uma força."
2303;24/11/2015 19:58;Frutiquello Sorvetes;Adriana;Teste realizado hoje. Inicialmente tudo certo. Acompanhar até 6ª feira.
2295;23/11/2015 15:55;Frutiquello Sorvetes;Adriana;Confirmado teste para amanhã dia 24/11, as 14h.
2225;17/11/2015 00:14;Frutiquello Sorvetes;Adriana;"Fichas Técnicas aprovadas. Conversei com o Diretor de compras Rogério.
Eu solicitei os Dados Cadastrais para pedir as amostras."
2203;09/11/2015 17:32;Frutiquello Sorvetes;Adriana;Enviei e-mail ao João. Ele respondeu dizendo que ainda não analisou as fichas técnicas, mas que em breve me retorna dando posição sobre teste.
2287;06/11/2015 16:16;Frutiquello Sorvetes;Adriana;Fichas Técnicas enviadas para compras e qualidade.
2252;05/11/2015 17:17;Frutiquello Sorvetes;Adriana;Enviei e-mail aos três formalizando meu contato.
2245;05/11/2015 17:17;Frutiquello Sorvetes;Adriana;"Reunião ontem com a Lucimara, Wesley e João.

Dar andamento para autorizarem os testes para o fim de novembro ou início de dezembro."
2289;04/11/2015 16:07;Frutiquello Sorvetes;Adriana;Visita hoje as 14h30 em Franco da Rocha.
2163;26/10/2015 16:17;Frutiquello Sorvetes;Adriana;Conversei hoje com o João. Deixamos pré agendada a visita para 5a feira, dia 29/10.
2189;22/10/2015 14:58;Frutiquello Sorvetes;Adriana;Liguei hoje algumas vezes e não consegui contato.
2095;07/10/2015 16:19;Frutiquello Sorvetes;Adriana;Enviei e-mail reforçando meu contato ao João Paulo e ao Wesley.
2081;07/10/2015 15:29;Frutiquello Sorvetes;Adriana;"Mayra não trabalha mais na empresa. Não tem alguém responsável ainda pela qualidade.
Mas tentar contato com Weslley ou Perivaldo, que estão em horário de almoço.
João Paulo comprador também está almoçando."
1299;24/06/2015 20:45;Frutiquello Sorvetes;Adriana;Ligar para João Paulo de compras.
1288;24/06/2015 20:44;Frutiquello Sorvetes;Adriana;Compram da Nippon.
1040;11/06/2015 18:26;Frutiquello Sorvetes;Renan;mayra saiu no dia 11/05 , enviei e-mail para os dois encarregados de producao e o comprador, adriana acompanhar
203;15/01/2015 15:49;Frutiquello Sorvetes;Renan;Enviado primeiro e-mail em Setembro/14 e segundo e-mail 15/Jan/2015 para a Mayra que esta de ferias.
2599;02/03/2016 14:29;FSB Foods;Adriana;Liguei agora. Junior está em reunião. Continuar tentando.
2434;27/01/2016 22:48;FSB Foods;Adriana;Tentar agendar visita!!!!
2216;06/11/2015 16:42;FSB Foods;Adriana;O ramal do Junior só cai na caixa postal. Continuar tentando.
2170;26/10/2015 14:23;FSB Foods;Adriana;Junior pediu para ligar na 5a feira confirmando minha visita para 6a feira (dia 30).
2151;21/10/2015 12:03;FSB Foods;Adriana;Conversei com o Junior, retornar 2a feira.
2124;19/10/2015 18:55;FSB Foods;Adriana;E-mail enviado hoje com catálogo de apresentação para o Junior.
2130;19/10/2015 14:44;FSB Foods;Adriana;"Conversei hoje com o Junior, disse que as unidades de Jaguariuna, MG, Juiz de fora e Osasco fecharam há pouco tempo com a Ecolab. E que acredita que a unidade de Santo Amaro também será Ecolab.
Retornar contato na 2a feira para marcar a visita."
2136;19/10/2015 14:37;FSB Foods;Adriana;Concorrente: Mundial e Essencial Clean
1701;14/09/2015 17:42;FSB Foods;Renan;"Conversei com o Washigton, disse que a parte de produtos é apenas com o Junior. Número 2879-4967

Ele está de férias e retorna após o dia 15 de outubro."
1782;14/09/2015 17:04;FSB Foods;Adriana;"Conversei com o Washigton, disse que a parte de produtos é apenas com o Junior. Número 2879-4967

Ele está de férias e retorna após o dia 15 de outubro."
1716;01/09/2015 18:05;FSB Foods;Adriana;"Tentei contato com os dois setores, mais uma vez, não consegui.

Compras: Deixei recado na caixa postal.

Qualidade: Deixei recado com o Leonardo."
1791;28/08/2015 16:38;FSB Foods;Adriana;Liguei hoje para a qualidade e para compras, não consegui contato com nenhum dos dois setores.
1681;06/08/2015 20:07;FSB Foods;Adriana;"Liguei para o setor de compras de Minas Gerais.

Falei com a Eloisa, ela disse que a fábrica fica em São Paulo."
2527;29/02/2016 19:07;Fugini;Alexandre Malhado;Contato realizado.  Atendente pediu para enviar e-mail para Ângelo (setor de compras). E-mail enviado para compras2@fugini.com.br
1413;22/07/2015 18:21;Fugini Alimentos;Victor;"Conversado com Francisco em Abril. Disse que eles tem um &quot;gerador de oxigênio&quot; para limpeza cip que a A&amp;B fornece para eles em comodato. Gosta muito da A&amp;B. Cliente parece distante."
1991;06/10/2015 14:37;Fundação Salvador Arena;Victor;Cobrar contrato da Pamela, e definir as pendencias junto à Cassia da FSA.
969;03/06/2015 11:40;Fundação Salvador Arena;Victor;Instalações não estão ok ainda. Continuar acompanhando.
972;28/05/2015 19:21;Fundação Salvador Arena;Victor;Fez pedido hoje. Acompanhar se pedido foi entregue e instalações feitas tudo ok.
729;21/05/2015 11:39;Fundação Salvador Arena;Victor;"Sexta dia 22 - Integração e instalação na fundação

Segunda-feira dia 25 - Integração e instalação na fundação"
538;22/04/2015 20:09;Fundação Salvador Arena;Victor;Fez pedido. Deixar tudo em ordem.
527;30/03/2015 14:07;Fundação Salvador Arena;Victor;Pamela dissse que vai enviar um e-mail pedindo uma cotação para a gente.
513;24/03/2015 18:01;Fundação Salvador Arena;Victor;Enviado e-mail para Pamela perguntando se precisa de mais alguma informação.
592;13/03/2015 11:53;Fundação Salvador Arena;Victor;Enviado e-mail. Cobrar retorno.
417;03/03/2015 13:50;Fundação Salvador Arena;Victor;Ainda não resolveu nada, e pelo jeito, está enrolado. Acompanhar.
463;27/02/2015 12:25;Fundação Salvador Arena;Victor;Vai resolver esta questão semana que vem. Acompanhar.
383;04/02/2015 15:46;Fundação Salvador Arena;Victor;Renan vai acompanhar o teste do secante e do detergente para máquina.
223;08/01/2015 09:10;Fundação Salvador Arena;Victor;"Vai começar a fazer o levantamento dos produtos agora. Em janeiro a Pamela ou Cristina de compras vão entrar em contato para fazer cotação.

Ligar para Pamela ou Cristina"
121;19/11/2014 16:34;Fundação Salvador Arena;Victor;Já aprovou os testes. Conversei com a Fatima da Termomecanica, e ela disse que iremos participar da próxima cotação em Janeiro. Acompanhar.
124;18/11/2014 08:33;Fundação Salvador Arena;Victor;Teste aprovado. Cobrar e-mail aprovando os testes.
106;13/11/2014 18:42;Fundação Salvador Arena;Victor;Coletar amostra do detergente clorado e secante para novo teste na segunda-feira.
162;12/11/2014 16:49;Fundação Salvador Arena;Victor;Ligar para Fernanda para ver resultado do detergente clorado.
166;12/11/2014 11:56;Fundação Salvador Arena;Victor;Produtos em teste. Acompanhar resultados.
143;23/10/2014 12:36;Fundação Salvador Arena;Victor;Teste de produtos amanhã dia 11/11 as 8:00. Verificar para levar amostras
2300;03/11/2015 18:12;Gendai - Grupo Trend Foods;Adriana;"Conversei com a Giselia. Ela não deixou passar a ligação para a Marli ou Josiane.
Disse que tenho que aguardar o retorno de e-mail.
Continuar tentando."
2281;27/10/2015 18:24;Gendai - Grupo Trend Foods;Adriana;"Enviei e-mail informando que mantive contato por alguns meses com o Bruno. 
Continuar ligando para Marli e Josiane."
2278;27/10/2015 18:08;Gendai - Grupo Trend Foods;Adriana;"Enviar e-mail para: recepcao@trendfoods.com.br

Compras: Josiane / Marli"
2204;27/10/2015 18:05;Gendai - Grupo Trend Foods;Adriana;Bruno não trabalha mais na empresa.
1181;12/06/2015 15:29;Gendai - Grupo Trend Foods;Adriana;Ligar para Bruno.
1147;22/06/2015 18:53;General Brands;Victor;Renan, foi na General Brands que eles estão tercerizando com a Jabuti? Vc chegou a falar com ela depois desse dia?
894;27/05/2015 11:50;General Brands;Victor;Marta pediu para ligar na segunda semana de Junho. Estão em uns processos de terceirização e não conseguem ver nada no momento. Disse que em Junho ela já pode receber visita.
642;04/05/2015 19:54;General Brands;Renan;ligar dia
1646;20/08/2015 18:05;Genuína;Sueli;20/08 - Eu Sueli recebi e-mail da proposta enviado pelo Renan no dia 04/06
785;22/05/2015 19:27;Genuina - Agua;Renan;liguei errado, acabei falando com o Guilherme que é gente boa, falou que ja foi para Ipora no parana , eles trabalham com a Enner Quimica, mandei email
1625;10/08/2015 20:06;Globo Aves;Renan;Passado no agendor como ivan responsavel
1532;23/07/2015 18:02;Globo Aves;Ivan;Vai estar em santa catarina semana que vem. Porém disse que pode ligar e lembrar ele que ele marca sim sem problema nenhum. Foi bem gente boa!
1145;18/06/2015 15:16;Globo Aves;Ivan;Catálogo entregue ao Julio na portaria.
1155;12/06/2015 18:08;Globo Aves;Renan;deixar catalogo e agenda quando estiver na regiao
1047;08/06/2015 14:56;Globo Aves;Ivan;e-mail de apresentacao enviado para o Julio que é da qualidade corporativa
2212;16/11/2015 13:37;Gran Corte;Adriana;"Luana ( controle) 14 99812-9067

Luana (veterinária) ???"
2205;06/11/2015 16:30;Gran Corte;Adriana;Enviei e-mail para a Luana reforçando contato e pedindo abertura para os testes.
2249;06/11/2015 16:22;Gran Corte;Adriana;Luana disse que está muito ocupada. Pediu para enviar e-mail: qualidade@grancorte.com.br
2266;05/11/2015 17:25;Gran Corte;Adriana;Liguei 2x. A Roseli passou a ligação para o ramal da Luana e da Cristina mas não localizou as duas.
2280;03/11/2015 18:01;Gran Corte;Adriana;Luana da qualidade está na produção, o ramal só chama. E a Cristina de compras foi embora mais cedo hoje.
1816;24/09/2015 13:13;Gran Corte;Ivan;Reunião com a Cristina e agendamos uma visita a partir do dia 5 após a auditoria para falar com a Luana.
1630;11/08/2015 18:30;Gran Corte;Ivan;"Liguei para falar com o Leni ou o Jorge, ambos não estavam. 

Consegui falar com a Cristina de compras e marcamos uma visita para quinta feira com ela e com a gerente da qualidade Luana."
2246;27/10/2015 17:09;Gran Rio Hotel;Alexandre Malhado;Não consegui falar com o Pedro, porém, fui informado que não é preciso marcar horário. Ele atende fornecedores todas as quintas-feiras na parte da manhã. Irei visitá-lo.
1900;24/09/2015 02:02;Gran Rio Hotel;Alexandre Malhado;Contato realizado via telefone com o Senhor Pedro, responsável pelo setor de compras. Ele relatou que compra da empresa Ecolab há 22 anos, mas disse que tem interesse em conhecer nossos produtos. Visita agendada para o dia 01 de Outubro as 15 horas.
426;09/03/2015 00:26;Grill Hall;Victor;Renan visitou. Dilamar disse que vai passar algumas coisas para a gente. Cobrar.
443;03/03/2015 14:34;Grill Hall;Victor;Renan vai visitar amanhã as 10:00.
498;02/03/2015 14:51;Grill Hall;Victor;Dilamar está em viagem. Ligar amanhã.
303;04/02/2015 15:45;Grill Hall;Victor;Disse que a outra empresa que nunca deu problema, está começando a dar problemas. Parece interessado em testar no Grill Hall, ou no outro bar que eles vão abrir daqui 40 dias. Acompanhar para ver se não quer começar no Grill Hall.
299;04/12/2014 16:28;Grill Hall;Victor;"Disse que fechou com outra empresa antes de testarmos. Tinhamos produto melhor, preço melhor. TUDO!



Tentar vender em alguma outra unidade..."
218;26/11/2014 11:49;Grill Hall;Victor;Fazer acompanhamento com Roseli.
1485;20/07/2015 13:17;Grupo Fix (Pão de Queijo Raro;Victor;Vai passar cotação ainda hoje.
957;01/06/2015 02:06;Grupo Fix (Pão de Queijo Raro;Victor;Enviado e-mail para Camila perguntando qual será o pedido do próximo mês. Ficar em cima.
773;21/05/2015 13:01;Grupo Fix (Pão de Queijo Raro;Renan;cotacao reenviada
756;20/05/2015 20:04;Grupo Fix (Pão de Queijo Raro;Victor;"Camila informou que produtos foram aprovados, mas não pode enviar no caminhão que vem com comida junto. Precisa enviar por transportadora.



Vai passar o consumo dos produtos para enviarmos cotação."
792;14/05/2015 14:04;Grupo Fix (Pão de Queijo Raro;Victor;Ligar para Camila depois do meio-dia. Está em horário de almoço.
24;06/10/2014 18:52;Grupo Fix (Pão de Queijo Raro;Victor;E-mail já enviado. Mantendo contato para agendar visita
2002;07/10/2015 18:41;Grupo Hinomoto;Victor;Xande
1043;11/06/2015 13:13;Grupo Hinomoto;Victor;Cícero disse que o Mult 10.000 limpou bem mas não tirou o corante. Levar um clorado ou o Pro R1.
947;03/06/2015 13:43;Grupo Hinomoto;Victor;Cícero disse que vai testar este final de semana. Passar lá segunda-feira e ver se testou.
883;28/05/2015 14:25;Grupo Hinomoto;Victor;Pegar uma amostra do lubrificante de esteira que eles usam para levar equivalente. Ligar na quarta-feira para ver se Cícero já usou o Mult 10.000 na limpeza de produção de pimenta.
614;14/05/2015 12:12;Grupo Hinomoto;Victor;Enviado e-mail para Fernando para perguntar se já testaram o lubrificante de esteira.
699;23/04/2015 13:46;Grupo Hinomoto;Victor;Retirar amostras na Proauto.
535;06/04/2015 14:44;Grupo Hinomoto;Victor;Solicitado amostras para Simone. PRECISO PASSAR COTAÇÃO.
532;30/03/2015 12:17;Grupo Hinomoto;Victor;Enviado email para Fernando perguntando a quantidade e onde ele usa os produtos: Derust SM (Santa Monica), Dicolube 200 (Diversey) e Removil Liquid (AEB). Cobrar resposta para agendar teste.
495;09/03/2015 12:35;Grupo Hinomoto;Victor;A pessoa retorna de férias dia 16, e não hoje. Tentar agendar junto com o Bon-Mart, que vai estar tranquilo depois do dia 18.
422;02/03/2015 20:05;Grupo Hinomoto;Victor;"Joel disse que está disposto a receber visita. A pessoa que usa os químicos está de férias e retorna semana que vem. Disse que fica mais fácil receber visita junto desta pessoa.



Foi reencaminhado e-mail de Novembro que estava voltando."
464;27/02/2015 20:17;Grupo Hinomoto;Victor;retomar
101;12/11/2014 16:14;Grupo Hinomoto;Victor;e-mail enviado para Milena. Acompanhar.
110;06/11/2014 15:32;Grupo Hinomoto;Victor;Funcionário vai começar dia 11/11
13;07/10/2014 01:06;Grupo Hinomoto;Victor;Ver quem é a pessoa que entrou no lugar da Naiane, para cotar produtos.
475;03/03/2015 17:10;Grupo Ionic;Victor;Combinado com João Marcelo para quinta-feira.. Só pediu para ligar um pouquinho antes de ir para ver se ele está por lá.
401;02/03/2015 19:37;Grupo Ionic;Victor;Davi pediu para ligar amanhã de manhã para combinar com o João Marcelo.
486;27/02/2015 17:40;Grupo Ionic;Victor;A ligação com Davi caiu. Tentar novamente.
1008;03/06/2015 20:08;Grupo Palazzo;Victor;"Ana Paula da qualidade da Frupic também usa a máquina da Tetra Pak que precisa usar produtos da Ecolab ou Diversey.



Homologar na porra da TETRA PAK!"
974;02/06/2015 20:44;Grupo Palazzo;Victor;Ana Paula e Celso já foram embora. Vão as 17:15. Ligar mais cedo.
1426;22/07/2015 20:00;Grupo Petropolis - Assepsia;Renan;Contrato com a Diversay acaba em Dezembro, retornar em outubro.
1478;21/07/2015 20:22;Grupo Petropolis - Assepsia;Renan;Conversado com a Claudia que compra itens de escritorio , voltei a falar com a Cristina que é coordenadora.
777;22/05/2015 18:34;Grupo Petropolis - Assepsia;Renan;mandei email
701;22/05/2015 18:30;Grupo Petropolis - Assepsia;Renan;liguei la , falei com a Lilian, ela disse qu passou o  recado para o George, vamos aguardar.
727;21/05/2015 13:37;Grupo Petropolis - Assepsia;Renan;Liguei la, falei com a Lilian e o George estava em reuniao.
651;13/05/2015 18:37;Grupo Petropolis - Assepsia;Renan;Entrei em contato com o Jorge diretor de compras e enviei catalogo.
666;13/05/2015 18:36;Grupo Petropolis - Assepsia;Renan;"20/01/2014 - Cotacao enviada para Everton - consumo de 7 TN de Esteira e Peracetico

10/02 - Everton disse que compra de quimicos é com Jeferson

15/02 - Jeferson disse para esperar até a baixa que é Julho

7/5 - quimcos nao sao a prioridade do momento

entrei em contato com Evaldo que disse para entrar em contato na primeiro semana de Julho

Julho - Industria nao quer testar"
1434;22/07/2015 20:17;Grupo Petropolis - Consumo;Renan;Conversado com a Mariana, que disse ter contrato em diversos itens quimicos.
1923;30/09/2015 15:04;Grupo RS Terceirizada;Jessica;"Acabei de falar com o Diego.
Ele disse que irá mudar o fornecedor próximo mês, para aguardar que ele e o diretor virá para SP para conversar com a gente.
Tudo aprovado, documentado, agora só aguardar essa reunião."
1842;25/09/2015 20:07;Grupo RS Terceirizada;Jessica;A Tania me ligou hoje dizendo que aprovou o desinfetante, agora preciso fechar preço com Diego.
1702;14/09/2015 17:26;Grupo RS Terceirizada;Jessica;Acabei de falar com o Diego, aguardando conversar com a Tania.
1738;04/09/2015 17:01;Grupo RS Terceirizada;Jessica;"Foi aprovado todos os produtos, menos o desinfetante.

Deixei o remocola para testar, agora entrar em contato com o Diego sobre a questão dos preços."
1745;26/08/2015 13:11;Grupo RS Terceirizada;Jessica;"ontem foi deixado amostras para teste.

Acompanhar."
1609;24/08/2015 18:29;Grupo RS Terceirizada;Jessica;"Amanhã levar as amostras para São Paulo.

Conversei com o Diego, irá liberar um teste na unidade de Sorocaba com um produto para retirar resina."
1592;05/08/2015 13:38;Grupo RS Terceirizada;Jessica;"Na reunião Diego disse que na próxima semana passará quantidades de produtos e nome de cada um, para assim darmos seguimento ao trabalho. 

Cliente muito interessado em reduzir custo da Empresa."
1554;04/08/2015 18:45;Grupo RS Terceirizada;Jessica;Reunião amanhã, às 8 hs.
1553;03/08/2015 14:33;Grupo RS Terceirizada;Jessica;Liguei para o Diego, retornar amanhã para o escritorio de São Paulo.
1576;03/08/2015 11:26;Grupo RS Terceirizada;Jessica;Falei com Diego para agendar uma reunião.
1492;22/07/2015 17:00;Grupo RS Terceirizada;Jessica;Visitei hoje, porém não consegui falar com a Gabriela. Estava em reunião. Deixei o catálogo na recepção.
1857;24/09/2015 17:33;GT Foods Group;Ivan;Catálogo entregue semana passada para o Diony.
1038;11/06/2015 18:47;GTP Paulista Servicos;Renan;antes da monalisa era adriana
1062;11/06/2015 18:45;GTP Paulista Servicos;Renan;monalisa nao esta mais em compras, reenviei email para Keyla
238;15/01/2015 17:18;GTP Paulista Servicos;Renan;Enviado e-mail para Monalisa 15/01/15 ligar na proxima semana.
2618;23/03/2016 14:32;Guabi Petcare;Victor;Alderley só amanhã.
2582;18/03/2016 14:15;Guabi Petcare;Victor;Estava viajando e deixou para testarem os produtos. Vai ver se fizeram os testes e vai dar retorno.
2588;10/03/2016 18:53;Guabi Petcare;Victor;Alderley disse que reprogramaram testes.
2438;22/02/2016 17:14;Guabi Petcare;Victor;Alderley disse que testarão no início de Marco.
2329;21/01/2016 12:50;Guabi Petcare;Victor;Solicitado data de teste para Fabio. Aguardando resposta de Alderley.
2307;06/01/2016 17:01;Guabi Petcare;Victor;Reginaldo recebeu o email. Vai retornar.
2324;06/01/2016 14:29;Guabi Petcare;Victor;E-mail solicitando visita.
2351;29/12/2015 15:58;Guabi Petcare;Victor;Ligar para Reginaldo
39;06/10/2014 18:32;Guabi Petcare;Victor;Visitado em Setembro. Contrato com a Nippon irá terminar em Maio de 2016. Manter contato até lá.
1955;29/09/2015 16:48;Guaraná Mineiro;Jessica;Liguei para o Francisco para lembrar que estamos aqui, qualquer produto que ele precise e queira testar diferente podemos bonificar.
1706;14/09/2015 14:33;Guaraná Mineiro;Adriana;Jessica visitou dia 12/09, sábado.
1793;14/09/2015 01:09;Guaraná Mineiro;Jessica;"visitei a fabrica.

francisco tem.contrato com a diversey, mas se interessou.

Acabei de enviar um email insistindo em fazer um teste, entrar com lubrificante de espuma."
1762;10/09/2015 13:38;Guaraná Mineiro;Jessica;Falei com o Roberto, tentar um contato com francisco, gerente de produção.
1305;30/06/2015 19:21;Guaraná Mineiro;Adriana;"Entrei em contato com o Fabricio da qualidade também, ele pediu para eu entrar em contato direto com o Roberto (qualidade).

Mas ele estava na produção.

Enviei catálogo por e-mail. Retornar ligação."
1231;24/06/2015 21:17;Guaraná Mineiro;Jessica;Enviar uma apresentação e tentar contato
1289;22/06/2015 19:03;Guaraná Mineiro;Adriana;"Visita dia 17/06.
Conversamos com o Roberto pelo telefone da portaria."
1151;22/06/2015 15:22;Guaraná Mineiro;Adriana;Ligar para Roberto ou Francisco.
2560;08/03/2016 13:16;Guimaconseco;Adriana;Enviei e-mail para a Marisa cobrando andamento.
2561;02/03/2016 14:38;Guimaconseco;Adriana;"Conversei com a Marisa hoje.

Ela disse que está bem atrasada com os nossos produtos da lavanderia, pois esteve muito tempo afastada.

Eu reencaminhei a cotação para que ela avalie ainda essa semana."
2411;16/02/2016 11:15;Guimaconseco;Adriana;Liguei hoje para a Marisa, mas ela está ocupada e não pode atender. Enviei e-mail em seguida reforçando o contato.
2420;27/01/2016 22:49;Guimaconseco;Adriana;Marisa retornou e-mail dizendo que está afastada, semana que vem provavelmente estará de volta e entrará em contato comigo.
2480;25/01/2016 16:27;Guimaconseco;Adriana;Enviei e-mail para a Marisa cobrando retorno quanto à cotação da Lavanderia, pois por telefone não consegui.
2342;18/01/2016 16:53;Guimaconseco;Adriana;Confirmar data para teste com a Valéria / Gerente da estação Brás.
2395;18/01/2016 16:49;Guimaconseco;Adriana;Reenviei hoje a cotação dos produtos para a Lavanderia. Ficar em cima!
2388;21/12/2015 23:32;Guimaconseco;Adriana;"Visita hoje em sp com a Marisa.

Enviar Fichas Técnicas dos produtos."
2368;14/12/2015 19:31;Guimaconseco;Adriana;"Enviei e-mail à Marisa hoje cobrando uma reunião para darmos andamento na proposta. 

Testes ok em Campinas."
2383;11/12/2015 10:00;Guimaconseco;Adriana;Dia 09/12: iniciamos os testes. Em todas as lavagens dessa data os produtos foram aprovados. Continuar acompanhando.
2309;08/12/2015 13:15;Guimaconseco;Adriana;"Visitei ontem, mas é feriado em Campinas.

Iniciaremos os testes amanhã dia 09/12."
2382;26/11/2015 10:01;Guimaconseco;Adriana;Enviei e-mail hoje para a Marisa e para a Cida cobrando início dos testes.
2339;23/11/2015 16:46;Guimaconseco;Adriana;Enviei e-mail com a cotação dos produtos para lavanderia.
2270;23/11/2015 16:14;Guimaconseco;Adriana;Liguei 2x para a Marisa. Não tive retorno.
2240;17/11/2015 00:11;Guimaconseco;Adriana;Hoje enviei e-mail cobrando andamento para testes na lavanderia.
2268;17/11/2015 00:11;Guimaconseco;Adriana;"Visita dia 12/11. Conversei direto com a Cida.
Gostou da ideia de testes. Ficar em cima."
1406;13/07/2015 18:00;Guimaconseco;Renan;13/07/2015 - enviado apresentacao ao depto de compras, vários compradores
1697;24/08/2015 18:44;Gvinah Ind.e Com.Alim.Panif.Ltda;Renan;"24/08 - Eu Simone enviei apresentacao por e-mail

01/09/ - Liguei mas Rogerio estava com ramal ocupado"
970;30/05/2015 17:07;Hercules Leite;Victor;Tentar homologar na Tetra Pak.
919;30/05/2015 17:00;Hercules Leite;Victor;"Geisi disse que tem contrato com a Diversey e só pode comprar produtos da diversey ou da Ecolab, pois tem uma máquina da Tetra Pak que só dá garantia se usarem produtos destas marcas. Disse que pode comprar sabonete bactericida, alcool gel e detergente neutro de outras empresas.



Ivan vai trazer produtos para testarem.



TENTAR HOMOLOGAR NA TETRA PAK."
839;28/05/2015 16:32;Hercules Leite;Renan;reuniao marcada com a Geisi
2529;08/03/2016 13:43;Hikari;Renan;08.03.2016 Falei com Alice, pediu apresentação por e-mail – alicemurai@hikari.com.br – trabalha com duas empresas mas não me passou o nome
2517;07/03/2016 20:09;Hikari;Renan;07.03.2016 Prospectei hoje, falei com Raquel da qualidade pediu p/retornar amanhã e falar com a Alice(qualidade)
1696;14/08/2015 18:10;Home Cooking;Simone;"Jackson e Aguinaldo fizeram visita no final do mes de julho, porém Priscila alegou que gerente estava de férias.

14/08 - Eu Simone liguei hoje e Priscila não falou com gerente ainda, combinei de retornar final da semana que vem

20/08 - Falei com Priscila disse que gerente Adriano, está vindo na Empresa, só à noite, tenão retorno amanhã"
1498;17/07/2015 17:31;Homemade;Renan;ligar no dia 3 de agosto para marcar, ela vai ter auditoria mas vai marcar
1204;24/06/2015 14:44;Homemade;Renan;Visita marcada para dia 30
1051;11/06/2015 17:13;Homemade;Renan;e-mail de apresentacao enviado para a Katia
2535;10/03/2016 19:31;Hospital Austa;Alexandre Malhado;Contato por telefone não foi possível. Novo e-mail enviado.
2576;23/02/2016 12:34;Hospital Austa;Alexandre Malhado;"Email enviado dos produtos com o número da ANVISA, FISPQ e Boletins Técnicos.
Aguardando retorno."
2497;15/02/2016 14:44;Hospital Austa;Alexandre Malhado;Pediu para enviar e-mail com as fichas técnicas e o número de registro da ANVISA.
2375;21/12/2015 18:35;Hospital Austa;Alexandre Malhado;Visita marcada para dia 22/12/2015 às 15 horas com Nutricionista Juliana.
2253;12/11/2015 15:44;Hospital Austa;Alexandre Malhado;Na terça-feira (10-11-2015) falei com a nutricionista Juliana por telefone para tentar marcar um horário. Ela informou que durante o mês de novembro não poderá me atender, porém, pediu para que eu retornasse o contato em meados de dezembro. Ela quer muito conhecer nossos produtos.
2256;12/11/2015 15:42;Hospital Austa;Alexandre Malhado;Fui atendido pela Fabiana (Coordenadora de Compras) na última segunda-feira (09-1-2015). Ela relatou que a parte de hotelaria é terceirizada. A empresa que cuida da hotelaria é a São Luiz. Pediu para que eu procurasse a enfermeira Gislaine para conversar a respeito. O setor da cozinha é administrado pelo próprio hospital. Fui orientado a procurar a nutricionista Juliana.
2283;05/11/2015 17:25;Hospital Austa;Alexandre Malhado;Contato realizado com sucesso. A responsável pelas compras é a Fabiana (coordenadora de compras). Ela atende de segunda e quarta-feira a partir das 14:30. Os atendimentos não necessitam de hora marcada e são feitos por ordem de chegada.
1961;02/10/2015 19:15;Hospital Austa;Alexandre Malhado;Contato realizado via telefone. Não consegui falar diretamente com o responsável pelas compras. Entretanto, mandei e-mail e vou entrar em contato novamente.
2206;27/10/2015 19:11;Hospital Beneficência Portuguesa SCS;Adriana;Conversei com o Murilo agora, ele informou que recebeu meus e-mails e já encaminhou para o responsável do setor.
2229;27/10/2015 17:31;Hospital Beneficência Portuguesa SCS;Adriana;Liguei para o Murilo agora, mas ele pediu para eu retornar mais tarde, pois está muito ocupado.
2181;22/10/2015 14:48;Hospital Beneficência Portuguesa SCS;Adriana;Reencaminhei e-mail para o Murilo. Mandei mensagem no celular dele.
1928;29/09/2015 18:52;Hospital Beneficência Portuguesa SCS;Adriana;Falei com o Murilo hoje, ele disse que até o final da semana ele dá uma resposta.
1918;29/09/2015 18:51;Hospital Beneficência Portuguesa SCS;Adriana;22/09 Conversei com o Murilo. E encaminhei um e-mail para facilitar.
2333;18/12/2015 16:51;Hospital Beneficiência Portuguesa;Alexandre Malhado;"Produtos usados são da Diversey:

• Brilho Inox ? Usado nas portas e interior dos elevadores.
• Sapólio Radium ? Usado em vasos sanitários, nas pias. Tira também marca de caneta de mesa e telefones.
• Álcool Gel ? Usado nas portarias, nas salas de espera. Produto pouco usado.
• View ? Limpa vidros.
• Carefree ? Cera
• Pros Trip ? Removedor de cera.
• Aniosurf NPC ? Desinfetante

Agendar teste com Dona Vera."
2220;12/11/2015 15:37;Hospital Beneficiência Portuguesa;Alexandre Malhado;Hoje tive um breve bate papo com a Dona Vera Lúcia (Chefe da Hotelaria) e ficou acordado que ela irá me passar na próxima terça-feira (17-11-15) a relação dos produtos usados na hotelaria. Atualmente os produtos usados são da Diversey.
2228;12/11/2015 15:35;Hospital Beneficiência Portuguesa;Alexandre Malhado;No dia 10-11-2015 tive uma reunião com a Sônia e ela autorizou a fazermos os testes. Relatou que nenhuma área do hospital (hotelaria, cozinha e lavanderia) é terceirizada. Pediu para que eu entrasse em contato com a Dona Vera Lúcia (Chefe da Hotelaria) para combinarmos a data do teste.
2265;05/11/2015 17:34;Hospital Beneficiência Portuguesa;Alexandre Malhado;Responsável por compras é a Sônia.  As segundas e quartas-feiras os atendimentos são das 7:30 às 11:30. Nos demais dias são das 14:00 às 16:30. Não é necessário agendar horário, os atendimentos são por ordem de chegada.
2241;13/11/2015 11:13;Hospital Bezerra de Menezes;Alexandre Malhado;Visita agendada com Vanda para dia 17-11-2015 no período da manhã.
811;27/05/2015 19:42;Hospital Cruz Azul;Jessica;Já foi levado amostras em dezembro, ligar para saber o resultado
2299;05/11/2015 17:30;Hospital de Base;Alexandre Malhado;Pessoa responsável pelas compras é Ferdinando. Os atendimentos são feitos todas as quartas-feiras das 14 às 16 horas. Não é necessário agendar horário.
2507;10/03/2016 19:40;Hospital do Cancer de Barretos;Victor;Denise vai fazer uma cirurgia semana que vem, e vai estar afastada até o fim de Março. Dar uma passada lá para alinhar início do novo trabalho.
1256;25/06/2015 19:47;Hospital do Cancer de Barretos;Victor;Se não receber de todas as unidades, ligar para Patricia
1965;02/10/2015 19:03;Hospital Ielar;Alexandre Malhado;Contato via telefone com a Juliana do setor administrativo. Não consegui agendar uma visita pessoalmente. Pediu para enviar e-mail de apresentação da empresa. E-mail enviado e aguardando resposta.
2581;11/03/2016 17:31;Hospital São Francisco de Assis;Alexandre Malhado;Reunião realizada dia 08/03/16. Irei mandar documentação para agendarmos o teste com os produtos.
2545;03/03/2016 10:12;Hospital São Francisco de Assis;Alexandre Malhado;Não mandaram o e-mail com a data da reunião. Mandei um e-mail solicitando uma data.
2519;25/02/2016 13:37;Hospital São Francisco de Assis;Alexandre Malhado;Contato realizado via telefone com Giselda. Ela irá marcar uma reunião para a próxima semana. Me avisará por e-mail.
2524;23/02/2016 12:48;Hospital São Francisco de Assis;Alexandre Malhado;Giselda estava em uma reunião e só poderá atender amanhã.
2445;04/02/2016 15:10;Hospital São Francisco de Assis;Alexandre Malhado;Giselda não retornou o e-mail. Passei no hospital dia 03-02-2016 e deixei uma agenda para Giselda e outra para Ludmila.  Giselda pediu para entrar em contato com ela por e-mail no dia 15-02-2016.
2448;29/01/2016 13:17;Hospital São Francisco de Assis;Alexandre Malhado;Contato realizado com  a Gizelda. E-mail encaminhado sobre o nosso desinfetante sem enxágue (Pro Bac Bi). Aguardando retorno.
2372;20/01/2016 12:38;Hospital São Francisco de Assis;Alexandre Malhado;E-mail enviado para Gizelda e Ludmilla com as Fichas Cadastrais dos Produtos. Aguardando retorno.
2302;18/12/2015 16:58;Hospital São Francisco de Assis;Alexandre Malhado;A coordenadora Ludmila relatou que não poderá passar os preços que o hospital paga atualmente. Irei preencher o formulário que o hospital precisa para marcarmos um teste.
2269;18/11/2015 10:25;Hospital São Francisco de Assis;Alexandre Malhado;"Visita realizada com sucesso na data de ontem (17-11-2015). O Hospital São Francisco de Assis administra 15 hospitais espalhados pelo Brasil, à grande maioria desses hospitais fica no Estado de São Paulo. 

Produtos usados atualmente (a coordenadora de limpeza irá passar os preços praticados dos produtos abaixo):
• NI FLEX 300: CERA - 5 LITROS
• NI FLEX 100: REMOVEDOR - 5 LITROS
• MUNDCLEAN 7000: USADO PARA LAVAR CHÃO; BANHEIROS -50 LITROS
• INCIDIN: DESINFETANTE DE SUPERFÍCIE - 5 LITROS
• AROMATIZANTE: FRAGRÂNCIA GOLD - 5 LITROS
• ÁLCOOL 70 - 5 LITROS
• HIPOCLORITO: USADO NOS RALOS - 50 LITROS"
2277;12/11/2015 17:10;Hospital São Francisco de Assis;Alexandre Malhado;Carlos Eduardo passou o telefone da Coordenadora de Serviços de Limpeza (Ludmila - 17 - 3202-1717 ). Ficou agendada visita para o dia 17-11-2015 as 16 horas no Hospital João Paulo II, o qual fica localizado em frente a represa de São José do Rio Preto.
2202;09/11/2015 17:34;Hospital São Francisco de Assis;Alexandre Malhado;Carlos Eduardo irá passar por e-mail relação dos produtos que utilizam atualmente.
2214;05/11/2015 17:39;Hospital São Francisco de Assis;Alexandre Malhado;Agendada visita para próxima sexta-feira (06-11-2015) com Carlos Eduardo às 14:30,
2039;09/10/2015 17:20;Hospital São Lucas;Victor;Levar amostras do AB-AL 2000, 3000 CL, Vox 1 e Klinbe. Conferir como foi o resultado do Neuter Super.
1140;21/06/2015 15:33;Hospital São Lucas;Victor;Quando estiver por Santo André ir lá arrumar a lavanderia, porque o Rodrigo ir lá está impossível.
1100;05/06/2015 13:02;Hospital São Lucas;Victor;Já solicitado amostras para Simone. Levar assim que estiver por Santo André.
938;03/06/2015 12:46;Hospital São Lucas;Victor;Marcos disse que vai passar e-mail com copia para Valeria, e Valeria vai passar os produtos que usa com cópia no e-mail.
948;02/06/2015 20:08;Hospital São Lucas;Victor;Aguardando posição de manuteção com a Simone.
809;27/05/2015 20:08;Hospital São Lucas;Victor;Levar produtos para a cozinha. Alinhar com a resposável.
866;27/05/2015 20:07;Hospital São Lucas;Victor;"Rodrigo precisa fazer a manutenção com o Nestor. Já solicitado para a Simone por e-mail.



Importante ser feito na terça-feira."
753;21/05/2015 11:39;Hospital São Lucas;Victor;Levar produtos para cozinha.
583;30/03/2015 13:51;Hospital São Lucas;Victor;Fizeram pedido. Acompanhar entrega e troca de selastic.
548;09/03/2015 12:47;Hospital São Lucas;Victor;Vai testar a Ecomaster. Ligar semana que vem.
397;03/02/2015 18:31;Hospital São Lucas;Victor;"Conversado com a Eliete. Informou que a lavanderia está bem, e Nestor irá amanhã acompanhar.



Continuar acompanhando para atender o hospital todo."
275;12/12/2014 16:08;Hospital São Lucas;Victor;Produto para limpar pedra encardida e piso da lavanderia
220;09/12/2014 15:39;Hospital São Lucas;Victor;Acompanhar todos os dias.
172;24/11/2014 17:20;Hospital São Lucas;Victor;Resolver as questões de diluidor e da lavanderia. Instalar tudo na semana do dia 01/12
2176;23/10/2015 16:24;Hotel Fazenda dos Ipês;Alexandre Malhado;Produtos testados e aprovados. O gerente pediu uma visita para falar sobre valores. Irei visitá-lo na terça-feira (27-10-15).
2139;21/10/2015 20:51;Hotel Fazenda dos Ipês;Alexandre Malhado;"No dia 20-10-15 foram deixados os seguintes produtos para testes:
• Neuter Ultra: 1 litro
• Multi E A: 1 litro ? Veja
• Pro HS: 1 litro ? Kiboa
• Pro Há 3000 CL: 1 litro
• Duox: 5 litros: Amaciante
Entrarei em contato na próxima segunda-feira (26-10-15) para saber a resposta."
1970;02/10/2015 19:35;Hotel Fazenda dos Ipês;Alexandre Malhado;Visita agendada para dia 05-10-2015 as 9 horas com Ronaldo. Atualmente a empresa não compra produtos de nenhuma empresa específica. As compras são feitas em supermercados atacadistas.
2164;27/10/2015 16:10;Hotel Fênix;Alexandre Malhado;Contato realizado com Rose. Os produtos foram testados, mas ainda não sentou com o pessoal da limpeza para tomar uma decisão. Pediu para que eu retornasse na quinta-feira (29-10-15).
2147;21/10/2015 20:50;Hotel Fênix;Alexandre Malhado;"No dia 20-10-15 foram deixados os seguintes produtos para testes:
• Neuter Ultra: 1 litro
• Multi E A: 1 litro / Veja
• Pro HS: 1 litro / Kiboa
• Pro Há 3000 CL: 1 litro
Entrarei em contato na próxima segunda-feira (26-10-15) para saber a resposta."
1811;24/09/2015 19:56;Hotel Fênix;Alexandre Malhado;"Visita agendada para a próxima segunda-feira (28-09-15) às 9:30 com a Senhora Rose (Gerente). O hotel, atualmente, não compra produtos de limpeza de nenhum fornecedor. As compras são feitas todas em mercado como Atacadão ou Makro, ambos de São José do Rio Peto. Lembrando também que o hotel não possui lavanderia.
__________
28-09-15. Visita realizada com sucesso.  Atualmente a empresa usa 24 litros de Detergente Neutro / 12 litros de Veja / 48 litros de Desinfetante / 90 litros de Kiboa.  Vamos mandar uma amostra de cada para ela testar nossos produtos."
1954;28/09/2015 21:24;Hotel Savana;Alexandre Malhado;28-09-15. Visita realizada com sucesso. Contato com a Dona Malu (proprietária).  Produtos usados atualmente: Sabonete líquido / Água sanitária / Detergente Neutro / Multi Uso / Desinfetante / Produto para tirar odor de tabaco. Na lavanderia usa-se amaciante / alvejante / detergente ou sabão em pó. Na lavandeira os produtos não podem ter a cor amarela.
2450;04/02/2016 14:01;Hotel Unique;Adriana;Enviei e-mail hoje ao Waldir cobrando nossa reunião. Tentei contato por telefone.
2465;27/01/2016 22:49;Hotel Unique;Adriana;Tentar agendar visita!!!!
2362;18/01/2016 17:12;Hotel Unique;Adriana;Enviei e-mail hoje ao Waldir para agendarmos uma reunião.
2297;19/11/2015 15:19;Hotel Unique;Adriana;"Visitei hoje. 

Waldir pediu para eu voltar a procurá-lo em Janeiro ou Fevereiro, por consequências do contrato com a Ecolab."
2288;17/11/2015 19:41;Hotel Unique;Adriana;Enviei e-mail hoje para o Waldir.
2187;26/10/2015 17:56;Hotel Unique;Adriana;Eu tentei contato algumas vezes hoje, e o ramal só chama.
1938;29/09/2015 19:22;Hotel Unique;Adriana;Enviei e-mail ao Waldir reforçando minha tentativa de contato.
1992;29/09/2015 19:18;Hotel Unique;Adriana;Liguei 3x e não atendeu.
1771;15/09/2015 12:13;Hotel Unique;Simone;"15.09  Telefonista passou outros numeros de telefones - direto do Waldir 3660.6781

liguei hoje Waldir não está somente amanhã"
1744;14/09/2015 17:40;Hotel Unique;Renan;14/09/2015 Adriana enviou e-mail para agendar teste
1709;01/09/2015 17:58;Hotel Unique;Adriana;Enviei e-mail hoje ao Waldir cobrando andamanto.
1525;04/08/2015 16:42;Hotel Unique;Adriana;"Waldir respondeu pedindo um pouco mais de tempo.

Ligar daqui 20 dias."
1502;03/08/2015 20:06;Hotel Unique;Adriana;E-mail enviado hoje para o Waldir. Continuar cobrando data para testes.
1324;25/06/2015 22:41;Hotel Unique;Adriana;"Waldir enviou e-mail hoje dizendo que o hotel está em um processo de mudança interna.

Retornar contato daqui 20 dias."
1266;25/06/2015 22:13;Hotel Unique;Adriana;"12/03 Conversamos com Gilberto pessoalmente.

Visitamos todos os pontos de uso de produto do Hotel."
1268;25/06/2015 22:11;Hotel Unique;Adriana;Primeiro contato em Fevereiro/2015.
1187;12/06/2015 15:48;Ice Fruit;Adriana;Ligar para Clemente.
2208;12/11/2015 16:45;Incor Rio Preto;Alexandre Malhado;Visita agendada para 17-11-2015 às 14:30 com Daniel (Departamento de Compras).
2275;28/10/2015 20:37;Ingredient Alimentos;Adriana;Arnaldo respondeu ao e-mail dizendo que no momento não tem interesse em adquirir estes produtos.
2201;27/10/2015 18:00;Ingredient Alimentos;Adriana;"Liguei para o Arnaldo, mas ele já foi embora. Conversei com Cristina.
Enviei e-mail a ele reforçando meu contato."
1161;12/06/2015 14:54;Ingredient Alimentos;Adriana;"Arnaldo está de férias.



Retornar contato dia 18 de junho."
2578;17/03/2016 13:54;Integral Alimentação;Jessica;3660-1660
2528;17/03/2016 13:53;Integral Alimentação;Jessica;3215-7019   Gildete
2102;21/10/2015 21:01;Ipê Park Hotel;Alexandre Malhado;"Foram deixados os seguintes produtos para testes:
• Neuter Ultra
• Pro Ha 3000 CL
• Pro Bac AT
• Sapone Bac
Hoje não foi possível fazer os devidos testes. Ficou agendado para a próxima segunda-feira (26-10-15) às 13 horas. Irei acompanhar o teste,"
2046;08/10/2015 16:46;Ipê Park Hotel;Alexandre Malhado;Visita realizada com sucesso. O comprador (Rafael) ficou bem contente com a visita. Creio que serão nossos clientes. Atualmente eles adquirem produtos da Mundial, Ecolab e Tamanduá. Irei mandar amostras de Neuter Ultra / Sabonete Liquido / Sabonete Espuma / Detergente AZ (vou pesquisar o nosso equivalente) / Odorizador de Ambiente / Pro Ha 3000 CL. O hotel não tem lavanderia própria.
1990;02/10/2015 18:40;Ipê Park Hotel;Alexandre Malhado;Visita reagendada para o dia 08-10-2015 as 10 horas. Não consegui visitá-lo no dia 01 de Outubro.
1898;24/09/2015 23:06;Ipê Park Hotel;Alexandre Malhado;Visita agendada para 01-10-15 às 10 horas com Rafael.
1023;05/06/2015 12:10;ISS;Victor;Telefone (11) 5523-8183 só chama. Devem ter emendado o feriado. Tentar semana que vem, ou outro número.
1037;04/06/2015 17:24;ISS;Victor;ISS é a empresa que faz todo o processo de higienização da Zabet. Pegar todas as informações.
1232;23/06/2015 18:01;Itaiquara;Renan;mandei email para a Paula e esta fechada com a kalykim e New Drop, ir ligando.
1001;08/06/2015 17:37;Itaiquara;Renan;volta de ferias no dia 15
709;22/05/2015 17:57;Itaiquara;Renan;"Conversei com o Flavio que disse que o Wagner esta de ferias; eles trabalham com a Kalykim, Wagner volta de ferias daqui duas semanas"
1627;10/08/2015 20:12;Jagua Frangos;Renan;passado no agendor ivan responsavel
1418;22/07/2015 20:12;Jagua Frangos;Ivan;Liguei várias vezes e só chamou. Ligar amanhã
1121;18/06/2015 15:09;Jagua Frangos;Ivan;Catálogo entregue ao gerente da Qualidade Felipe. Ele não pode atender mas pediu o catálogo. Lugar bem grande
1979;29/09/2015 19:40;Jao;Jessica;"Tentei contato com Marcel, ele nunca fica na sala e não tem ramal.
Deixei recado.
Fernanda Gomes"
1476;13/07/2015 19:33;Jao;Jessica;"Impossivel contato com Marcel, Ivan deixou um catalogo na portaria.

Falei com a Flávia, ela ira tentar agendar uma reunião com o Mracel, ela pediu para eu solicitar via email, já encaminhei"
832;27/05/2015 18:52;Jao;Jessica;Visitar cliente.
2537;21/03/2016 18:23;Jazam Alimentos;Victor;Produtos deixados para teste. E-mail enviado perguntando qual foi mais eficiente para limepeza dos tachos.
2523;08/03/2016 12:46;Jazam Alimentos;Victor;E-mail perguntando qual produto está sendo utilizado agora. Ficar em cima.
2031;07/10/2015 13:19;Jazam Alimentos;Victor;Gislaine disse que estava aguardando a amostra dos produtos para limpar o tacho, e os produtos que eles estão usando, não estão agradando muito. Gostaram dos nossos. Hoje é feriado em Pompéia e não consegue falar com os diretores, mas vai ver se ainda essa semana consegue fazer um pedido pelo menos do detergente.
1432;22/07/2015 19:45;Jazam Alimentos;Ivan;Mandar cotação e amostra do AB AL 200
1142;21/06/2015 16:15;Jazam Alimentos;Victor;Neste final de semana a produção rodou direto. Semana que vem Gislaine vai dar treinamento. Pré agendou para o final de semana dos dias 03 e 04 de Julho.
1078;11/06/2015 11:24;Jazam Alimentos;Victor;Teste acabou ficando pré agendado para o outro sábado. Ligar durante a semana para confirmar.
946;02/06/2015 13:34;Jazam Alimentos;Victor;Retirar tudo na casa do Pigão e levar para a Jazam e Bon-Mart.
999;30/05/2015 17:23;Jazam Alimentos;Victor;"Gislaine passou consumo de produtos e Ivan vai trazer na seunda-feira e deixar na casa do pigão, que está morando em Marília.



Teste agendado para a semana do dia 08/06."
834;28/05/2015 13:23;Jazam Alimentos;Renan;Visita marcada para amanha.
611;11/05/2015 18:26;Jazam Alimentos;Renan;e-mail enviado para a Maria José da Qualidade e pegamos o contato com o Willian na APAS
2580;25/02/2016 14:20;Jin Jin Sushi;Adriana;Liguei para a Fatima do shopping Golden. Deixamos teste pré agendado para 2ª feira, dia 29 às 15h.
2548;25/02/2016 14:19;Jin Jin Sushi;Adriana;Liguei para o Flavio hoje. Ele disse que a Adriana está cumprindo aviso prévio, e que a Ana Paula vai ficar no lugar dela no Cidade Jardim. Esperar até semana que vem.
2296;11/11/2015 14:27;Jin Jin Sushi;Adriana;"Visitei hoje a unidade de sbc. Conversei com a Fátima. Pois a Adriana não estava. 

Ela disse que vai reforçar com a Adriana o meu contato."
2217;03/11/2015 18:15;Jin Jin Sushi;Adriana;Conversei com a Adriana hoje. Ela disse que não tem interesse por enquanto em inicar um trabalho. Para eu entrar em contato com a Fátima gerente da loja de SBC para verificar se ela tem interesse.
2159;27/10/2015 16:45;Jin Jin Sushi;Adriana;"Liguei na Paulista. A Adriana não está. Em sbc também não.
Tentar contato mais tarde com a Ana."
2106;26/10/2015 18:16;Jin Jin Sushi;Adriana;"Liguei na unidade Paulista, a Adriana está em reunião.
Continuar ligando."
2119;22/10/2015 14:16;Jin Jin Sushi;Adriana;Liguei 2x ontem e não consegui. Hoje liguei de novo e não consigo contato.
2048;09/10/2015 17:46;Jin Jin Sushi;Adriana;"Tentei contato com a Adriana por telefone, mas não está.
Enviei e-mail em seguida."
1995;29/09/2015 20:35;Jin Jin Sushi;Adriana;"A Adriana retornou contato, disse que verificou os produtos e valores.
Pediu para retornar contato na segunda semana de outubro. Disse que os valores estão compatíveis com o da TEM CLEAN."
1945;29/09/2015 19:47;Jin Jin Sushi;Adriana;Conversei com a Adriana hoje, ela disse que está com a nossa cotação aberta, vai fazer o comparativo dos preços e retorna o contato.
1866;24/09/2015 17:36;Jin Jin Sushi;Adriana;"Liguei hoje, mas hoje a Adriana não foi trabalhar. 
Retornar amanhã."
1832;22/09/2015 18:41;Jin Jin Sushi;Adriana;Conforme combinado com a Adriana (gerente), enviei cotação dos produtos para avaliação.
1801;17/09/2015 20:56;Jin Jin Sushi;Adriana;"Falei hoje com a Adriana. 

Ela disse que prefere não testar, para enviar cotação e no final do mês ela avalia."
1718;31/08/2015 18:49;Jin Jin Sushi;Adriana;"Falei com a Melissa hoje de novo. E o Carlos e a Adriana não estão.

Encaminhei um e-mail para registro."
1684;25/08/2015 20:30;Jin Jin Sushi;Adriana;"Liguei hoje, falei com a Melissa.

Ela disse que o Carlos e Adriana não estão lá, tentar contato outro dia."
1641;25/08/2015 20:28;Jin Jin Sushi;Adriana;Estive lá no dia 28/janeiro e conversei com o Carlos (gerente).
2334;11/01/2016 15:50;JJZ;Jessica;"Relatório enviado.
Enviar Cotação para Frederico Analisar."
2282;19/11/2015 19:12;JJZ;Jessica;"Efetuado testes.

Montar relatório e enviar para o Frederico. Relatório de consumo do que eles usavam e de como foi com os nossos produtos."
2233;29/10/2015 12:20;JJZ;Jessica;Enviado email  pedindo o consumo para o teste na próxima semana.
2294;29/10/2015 12:09;JJZ;Jessica;"custos@jjzbeef.com.br
Felipe. tel 3433-7500   11 98381-6063.
Teste com previsão para semana que vem."
1810;24/09/2015 17:38;JJZ;Ivan;Reunião no dia 21 com Frederico e Felipe. Confirmar teste para daqui 3 semanas
2389;02/12/2015 20:26;JLA Alimentação;Adriana;"Liguei ontem e hoje para a Sandra, conversamos sobre a proposta.  Ela disse que precisa da autorização do Amancio.

Ficar em cima!!!!"
2387;02/12/2015 20:25;JLA Alimentação;Adriana;"30/11: Conversei pessoalmente com a Sandra. 

Ela informou que o que falta para fecharmos todos os hospitais é reduzir o faturamento mínimo.

Dei a ideia de fazermos um custo fechado para todos os hospitais."
2396;24/11/2015 19:59;JLA Alimentação;Adriana;Reunião agendada com a Sandra para o dia 30/11 (2ª feira), às 15h.
2381;23/11/2015 23:45;JLA Alimentação;Adriana;"Liguei hoje 2x para falar com a Sandra. Estava ocupada.
Continuar tentando. Visitar."
2231;09/11/2015 17:35;JLA Alimentação;Adriana;"Enviei e-mail para a Sandra, pois não consegui por telefone.
Cobrei sobre o início do trabalho em outros hospitais."
2213;27/10/2015 17:01;JLA Alimentação;Adriana;"Liguei hoje, a Sandra está afastada por 1 semana. 
E a Barbara não está agora no período da tarde. Conversei com a Milena."
2180;26/10/2015 18:19;JLA Alimentação;Adriana;Enviei e-mail hoje para a Sandra cobrando a abertura das outras unidades.
1513;03/08/2015 14:41;JLA Alimentação;Adriana;Primeiro pedido em Julho para 04 unidades!  Venda OK
1385;02/07/2015 18:41;JLA Alimentação;Adriana;"Testes em andamento em São Matheus. Tudo ok. 

Manter contato diário."
1356;01/07/2015 16:41;JLA Alimentação;Adriana;"Hoje os equipamentos foram instalados no Hosp São Matheus no período da manhã, treinamento ok, DOCs enviados.

Acompanhar diariamente."
1358;30/06/2015 15:35;JLA Alimentação;Adriana;Instalar equipamentos no Hospital São Matheus dia 01/07.
1249;25/06/2015 21:42;JLA Alimentação;Adriana;"Visitar Hospital São Matheus.

Nutricionista: Fernanda."
1275;25/06/2015 21:41;JLA Alimentação;Adriana;"Visita ao Hospital Padre Bento. 

Todos estão satisfeitos com os produtos."
1251;25/06/2015 21:41;JLA Alimentação;Adriana;Cotação enviada para compras dia 24/06.
1201;24/06/2015 14:37;JLA Alimentação;Adriana;Produtos aprovados. Enviar cotação para Sandra. Hoje!!!
1168;12/06/2015 15:49;JLA Alimentação;Adriana;"Testes em andamento.

Instalacão realizado dia 05/06."
864;27/05/2015 20:43;JLA Alimentação;Adriana;"Última visita em abril/2015. Entrei em contato com Sandra.



Tentar contato com o Amancio."
1068;11/06/2015 19:13;Jumirim Frigorifico;Renan;reenviado email para o marcio e camila
261;15/01/2015 17:38;Jumirim Frigorifico;Renan;Vinha conversando com a Gislaine desde Outubro / Setembro , ela se desligou da empresa , conversei com a Camila no dia 15/01/2015 e ela me disse para entrar em contato com Marcio que volta de férias no dia 19/01/15
1855;17/09/2015 19:32;Junior Alimentos;Victor;Eduardo (qualidade) disse que tem contrato com a Diversey até o fim do ano que vem. Quem trata essas questões é o Coordenador de Melhoria Contínua Reinaldo Correia no número  4615-4400.
1056;11/06/2015 12:47;Junior Alimentos;Victor;Dani entra às 10:00
907;03/06/2015 14:31;Junior Alimentos;Victor;Dani não está na empresa hoje. Ligar segunda-feira.
905;03/06/2015 12:22;Junior Alimentos;Victor;Anderson disse que é melhor eu ir tratando com a Dani, da qualidade no ramal 4459. Tentou transferir mas a ligação voltou. Tentar depois.
717;22/05/2015 19:30;Junior Alimentos;Victor;Anderson começou a cuidar disso agora dia 05/05. Está com algumas visitar marcadas para a próxima semana, e disse que ainda está meio perdido no departamento. Pediu portifólio por email. Vai dar uma olhada e agendar uma data.
747;22/05/2015 19:05;Junior Alimentos;Victor;Ver se é esse Anderson o responsável.
2505;08/03/2016 19:26;Jussara Leite;Renan;08/03/2016 Liguei mas Wesley estava com ramal ocupado
2145;14/10/2015 13:10;Keleck (Jales);Alexandre Malhado;"Visita realizada com sucesso diretamente com a proprietária (Cristina). Ela relatou que já possui uma empresa na nossa frente que irá enviar produtos para testes. Mas podemos enviar os nossos também. Os produtos que ela usa atualmente são: desengraxante para tirar gordura carbonizada, produto para tirar gordura comum, 200 kg de detergente neutro (pronto uso), limpa vidros, limpa pedras e desinfetante. Os produtos não podem prejudicar o inox. Irei aguardar para ver se o CNPJ será aprovado.
Obs: Ácido cítrico (neutralizador do produto alcalino)."
2051;08/10/2015 19:32;Keleck (Jales);Alexandre Malhado;Contato realizado com a própria Cristina. Visita agendada para terça-feira (13-10-2015) às 15:30.
2028;08/10/2015 17:06;Keleck (Jales);Alexandre Malhado;Tentativa de contato. A proprietária (Dona Cristina) não estava no estabelecimento. Ligarei ainda hoje.
2077;07/10/2015 18:39;Keleck (Jales);Victor;Xande
49;13/10/2014 15:19;Keleck (Jales);Victor;Falar com cristina
1035;11/06/2015 17:47;Ki Delicia Sorvetes;Renan;thaisa saiu, mandei email para elisangela
300;15/01/2015 12:29;Ki Delicia Sorvetes;Renan;mandei o e-mail de apresentacao
1220;22/06/2015 19:39;Ki Sabor;Renan;deixado amostras do 5000 CL, MULT 10.000 e PRO BAC AP .... compram da Larkin o Ultralab Foam 660 que é o Alcalino Clorado mas falou que nao esta removendo toda gordura, indiquei o 5000 CL por ter muita detergente e o 10.000 por ter solvente, Flavio passar quando for em Valinhos
2078;09/10/2015 19:03;Kim Alimentos(Frangos Temperados);Simone;09.10.2015 - liguei para falar com o Calixto, estava em reunião - marcar para Vilmar visitar
2082;07/10/2015 19:48;Kim Alimentos(Frangos Temperados);Simone;07.10 - enviado apresentacao por e-mail
1157;15/06/2015 17:28;Kim Paes;Flavio;Sol 200 e Mult 200 foram reprovados. O ALC foi bem, mas cheiro muito forte. Tratar com Fernando Mesquita
1080;11/06/2015 19:49;Kim Paes;Renan;flavio esta acompanhando
833;27/05/2015 19:13;Kim Paes;Renan;Flavio deixou amostra do SOL 200 e PRO HA ALC
316;20/01/2015 10:23;Kim Paes;Renan;"contato comecou no dia 21/07/14 com Paulo de compras que compra produtos da Mundial Quimica.

Desincrustante BR Mund Clean e Desincrustante 107 - A



Ivan entregou brindes em dezembro"
2416;21/01/2016 14:36;Kodilar;Victor;"Nathalia disse que já montaram algumas tubulações. Visitar e ver se consegue acompanhar higienização quando estiver por Rio Preto.

Ligar e agendar."
2390;06/01/2016 14:23;Kodilar;Victor;Nathalia está de férias. Volta semana que vem.
1983;02/10/2015 11:30;Kodilar;Victor;"Nathalia disse que ainda não montaram as tubulações, mas deixou aberto para fazer uma visita e conhecer a fábrica.

Agendar quando estiver por Rio Preto com tempo."
1221;25/06/2015 13:49;Kodilar;Victor;Pasteurizador ainda não está pronto. Pediu para eu ligar daqui umas 2 semanas para ver se ela já tem uma ideia de quando estará montado.
929;30/05/2015 17:16;Kodilar;Victor;Nathalia enviou e-mail dizendo que os pasteurizadores estão desmontados, e vão pedir para a gente fazer o acompanhamento assim que remontarem.
810;27/05/2015 13:57;Kodilar;Victor;Nathalia disse que estão com dificuldade para limpar o pasteurizador de molhos para salada. Vai passar o consumo assim que o diretor industrial voltar de viagem hoje ou amanhã.
754;20/05/2015 13:20;Kodilar;Victor;"Nathalia disse que estão movimentando algumas máquinas na fábrica e não estão fazendo a higienização noturna. Disse que gostaria de programar para fazer os testes no começo de Junho.



Foi enviado e-mail solicitando os produtos e consumo mensal. Cobrar."
645;13/05/2015 17:12;Kodilar;Victor;Enviei e-mail perguntando se tem alguma novidade.
622;23/04/2015 14:12;Kodilar;Victor;Gerente Industrial já voltou de viagem mas ainda não deu resposta para Nathalia. Cobrar para voltar com os produtos para teste.
586;06/04/2015 19:07;Kodilar;Victor;Gerente industrial ainda está em Portugal. Não desistir.
545;24/03/2015 13:18;Kodilar;Victor;Nathalia disse que o diretor estava viajando e retornou hoje. Ela não sabe se ele analisou a proposta. Assim que souber, me retorna.
524;13/03/2015 12:10;Kodilar;Victor;Foi enviado proposta por escrito. Vai ver com diretor industrial.
522;09/03/2015 13:30;Kodilar;Victor;Aguardar resposta da Nathalia para agendar visita. Se não responder, cobrar.
481;02/03/2015 19:35;Kodilar;Victor;Ligar no meio da semana para agendar visita.
434;02/03/2015 12:43;Kodilar;Victor;Deixado caderno para Patrícia. Agendar visita.
2498;29/01/2016 10:33;Kodilar Rio Preto;Alexandre Malhado;Entrei em contato com o Bruno por telefone e ele relatou que no momento não está atendendo fornecedores. Pediu para entrar em contato em meados do mês de março..
2328;20/01/2016 12:13;Kodilar Rio Preto;Alexandre Malhado;E-mail enviado para Bruno (setor de compras). Aguardando retorno.
2613;30/03/2016 15:09;Kopenhagen;Victor;Reunião marcada para amanhã!!
2611;30/03/2016 14:33;Kopenhagen;Victor;Ricardo vai falar com Andreia e retornar para confirmar se pode me receber na segunda-feira (04/01).
2563;21/03/2016 18:18;Kopenhagen;Victor;Andre não trabalha mais na empresa. E-mail encaminhando para Ricardo Ishikawa. Vai responder com data da visita.
2386;04/01/2016 16:47;Kopenhagen;Victor;Enviado email para Andre para reagendar visita.
2169;26/10/2015 16:51;Kopenhagen;Victor;Visita agendada para 28/10 às 8:00.
1946;29/09/2015 12:18;Kopenhagen;Victor;Quem cuida é André, que está de férias e volta no fim de Outubro. Ligar no ramal 9012 que é direto o dele.
1509;23/07/2015 10:47;Kopenhagen;Victor;Andrea disse que parte de comrpas, no ramal 9013. Eles aprovando custo, passam para ela aprovar.
1065;11/06/2015 20:15;Kopenhagen;Victor;Andrea disse que estão vendo de cotar outras empresas de químicos mesmo, e vai ver se consegue conciliar com compras para a gente visitar na sexta-feira quando estiver indo para a Total. Vai responder e-mail dizendo data.
467;02/03/2015 18:07;Kopenhagen;Victor;"Andrea Nascimento - (11) 4689-9033 entrou no lugar da Tassia.



Passei e-mail com catálogo e ficamos de agendar uma visita."
157;18/11/2014 15:32;Kopenhagen;Victor;E-mail enviado perguntando se tem alguma previsão de visita. Acompanhar.
191;14/11/2014 15:10;Kopenhagen;Victor;Disse que vai responder o e-mail. Qualquer coisa, ligar.
187;07/11/2014 16:39;Kopenhagen;Victor;E-mail enviado para Tassia em 07/11. Ligar para acompanhar e marcar visita.
136;05/11/2014 16:15;Kopenhagen;Victor;Ligar (11) 4689-8170
1933;29/09/2015 19:44;Koscher;Jessica;"Taimara esta ausente desde sexta feira, ligar amanhã
Fernanda Gomes"
1495;22/07/2015 20:03;Koscher;Jessica;Liguei e a Taimara não estava.
1656;11/08/2015 18:58;Kosher;Jessica;"Usa Nippon a mais de dez anos.

Falei com a Taimara, ela irá falar com o gerente dela para autorizar um teste.

Pediu para retornar para ela na sexta feira que já terá uma posição."
1907;29/09/2015 19:42;Kroschs Biscoitos;Jessica;"Tatiana em reunião
Fernanda Gomes"
2418;26/01/2016 17:32;L' Alegro;Jessica;Reginaldo disse que esta em mudança a parte de diretoria para ligar daqui duas semanas.
1670;24/08/2015 18:16;L' Alegro;Jessica;"Disse que o preço que foi enviado na cotação não é interessante para ele.

Enviar uma nova proposta."
1642;06/08/2015 13:33;L' Alegro;Jessica;Éricom JR Diversey
1452;23/07/2015 13:03;L' Alegro;Jessica;Reunião dia 6 às 10 hs
1170;15/06/2015 14:46;LALLEGRO ALIMENTAÇÃO;Aguinaldo;LIGAR DIA 20-06
1159;15/06/2015 14:45;LALLEGRO ALIMENTAÇÃO;Aguinaldo;ENVIADO APRESENTAÇÃO REGINALDO COMPRAS
2008;07/10/2015 13:34;Lanchero;Victor;Telefone de merda só chama. Tentar outro dia.
1216;24/06/2015 13:06;Lanchero;Renan;atualizar tambem dados da empresa pois nao tem nada
1280;24/06/2015 13:00;Lanchero;Renan;ivan e Victor estao na regiao, acompanhar e atualizar
1060;08/06/2015 19:08;Lanchero;Renan;Liguei e me passaram o email do Vitor da qualidade. Mandei a apresentação. Ele não estava, ligar de novo
2543;03/03/2016 16:44;Lat. Tiro;Alexandre Malhado;Contato realizado com Patrícia, setor de compras. Ela solicitou um e-mail com nossos produtos e pediu para entrarmos em contato novamente no fim desse mês.
772;15/05/2015 15:31;Latco;Renan;"cotacao enviada 30/03/15

relatorio de visita e acompanhamento enviado 13/03/2015

aguardando Paulo Luk para iniciar."
711;21/05/2015 14:30;Latco - Beltrao;Renan;Falei com o Roberto, pediu um e-mail com parecer dos acontecimentos passados.
743;21/05/2015 14:16;Latco Realeza;Renan;ligar larissa
2194;13/10/2015 18:03;Laticinio Xando;Victor;"Silvia disse que ainda não chegou a testar os outros produtos. Usou o Ferrx, disse que o produto limpou bem o piso, mas ela fica com medo de usar, e o produto tirar a proteção do piso.

Vai testar os outros e vai dar uma posição."
2050;07/10/2015 19:23;Laticinio Xando;Victor;Silvia está com ramal ocupado. Não esquecer de ligar d novo.
1207;24/06/2015 13:44;Laticinio Xando;Renan;"trocando e-mail com Erik da qualidade, enviado cotacao de Pro Glass, Pro Ferrx, Pro Ha - OIL , Pro Inox, Pro Ha - 1000 Decrust, Pro Bac AP ; somente o item Pro Bac AP que ele disse que é para esperar a Dra Silvia Busani engenheira de alimentos pois foi ela que fechou.



visitar"
1222;24/06/2015 13:43;Laticinio Xando;Renan;"trocando e-mail com Erik da qualidade, enviado cotacao de Pro Glass, Pro Ferrx, Pro Ha - OIL , Pro Inox, Pro Ha - 1000 Decrust, Pro Bac AP ; somente o item Pro Bac AP que ele disse que é para esperar a Dra Silvia Busani engenheira de alimentos pois foi ela que fechou.



visitar"
1394;06/07/2015 17:48;Laticínios Aviação;Adriana;E-mail com catálogo enviado hoje para o Junior (compras)
1392;01/07/2015 20:35;Laticínios Aviação;Jessica;"Falei com o Junior compras, disse que no momento não está fazendo cotação.

Trabalha com Ecolab e Diversay, mas autorizou enviar apresentação e fazer uma visita."
1304;30/06/2015 20:47;Laticínios Aviação;Adriana;"Liguei hoje e conversei com a Deise.

Ela informou que algum parente do Junior faleceu, tentar contato no final da semana."
1433;08/07/2015 16:23;Laticínios Baby;Adriana;"E-mail enviado novamente solicitando os produtos.

Não consegui por telefone."
1316;01/07/2015 13:37;Laticínios Baby;Adriana;Falei com Fernando agora no período da manhã. Ele disse que vai encaminhar e-mail com os produtos que devemos levar para teste.
1378;30/06/2015 19:14;Laticínios Baby;Adriana;"Entrei em contato com o Luís agora, ele pediu para retornar a ligação amanhã cedo para falar direto com a Adriana (resposável da limpeza).

Em seguida cobrar a data que podemos realizar os testes."
1276;25/06/2015 21:32;Laticínios Baby;Adriana;"E-mail enviado com o catálogo mais uma vez.

Aguardar o retorno com os produtos equivalentes."
1272;22/06/2015 21:24;Laticínios Baby;Adriana;Ligar para Caio ou Neto.
1166;18/06/2015 17:37;Laticínios Baby;Jessica;"Falei com o Fernando e o Luiz.

Visitamos, aguardar"
1148;16/06/2015 23:56;Laticínios Baby;Jessica;Falei com o Luiz Carlos, irá receber a gente na quinta feira.
1464;07/07/2015 02:23;Laticinios Brava;Jessica;ligar
1343;07/07/2015 02:23;Laticinios Brava;Jessica;Enviado email com catalogo para Lucia.
1382;01/07/2015 16:48;Laticínios Bretuti;Adriana;Ligar e confirmar o recebimento da cotação.
1264;22/06/2015 22:04;Laticínios Bretuti;Adriana;Cotação enviada por e-mail hoje.
1228;22/06/2015 18:58;Laticínios Bretuti;Adriana;Enviar e-mail para a Daniete.
1223;22/06/2015 18:57;Laticínios Bretuti;Adriana;"Visita 18/06.



Concorrente: Sandet



Ácido Peracético

Detergente Neutro

Detergente Clorado

Cloro

Sabonete

Alcool"
2183;27/10/2015 16:48;LATICÍNIOS CARLIN LTDA;Fernanda;"Fiz contato com o Sr. Fernando, responsável por produtos é a Sra. Evandra.
Quando estiver na região esta aberto para visita com a Evandra somente no horário das 08:00 as 12:00.
Compra produtos da HIGIPLUS (Distribuidor da Diversey)e tem equipamento em comodato.
Endereço: Sítio Nossa Senhora Rosário, 190, Andradas - MG, 37795-000"
2591;11/03/2016 18:01;Laticínios Carolina;Alexandre Malhado;Vinícius não se encontra na sala.
2564;29/02/2016 18:17;Laticínios Carolina;Alexandre Malhado;Contato realizado com Vinícius. Visita agendada para dia 04-03-16 às 16h00.
2542;28/02/2016 19:32;Laticínios Carolina;Renan;Já que o Vinícius não atendeu devia ter tentado falar com o Gerente Industrial de acordo com histórico que eu te falei, eu nunca falei com Vinicius, nós já estamos atrasados no cliente pois estavam trocando , espero não termos demorado demais, liga na segunda e agenda de irmos lá.
2516;26/02/2016 21:51;Laticínios Carolina;Alexandre Malhado;Contato realizado via telefone. O responsável pelo setor de higienização (Vinícius) estava em uma reunião e não foi possível me atender.
2175;15/10/2015 17:22;Laticinios Costa;Simone;Liguei, mas Polianna está na fábrica, retornar mais tarde
2520;29/02/2016 18:32;Laticinios Estrela D Oeste;Alexandre Malhado;"Contato realizado com Laércio para verificar o resultado do teste:

PRO HA 3000 CL: Foi usado 700 ml para cada gerador de espuma. Resultado satisfatório.

ÁCIDO PERACÉTICO: Laércio está esperando terminar a reforma no laboratório para poder fazer os teste laboratoriais. O uso desse produto está suspenso até a reforma terminar. Essa reforma irá demorar mais duas semanas.

PRO HA ALC: Não apresentou resultado satisfatório. Iremos fazer novo teste."
2538;25/02/2016 12:55;Laticinios Estrela D Oeste;Alexandre Malhado;"Teste realizado no dia 24-02-2016.

Nesse dia foi testado o PRO HA 3000 CL no chão da produção do laticínio. Usamos 500 ml para cada gerador de espuma. O resultado foi satisfatório, porém o encarregado do setor (Senhor Deva) disse que irá usar 700 ml.

ÁCIDO PERACÉTICO  será usado no dia de hoje. Após o uso o laboratório do próprio laticínio irá fazer testes para verificar se foi aprovado ou não.

PRO HA ALC também será usado hoje. Na data de ontem eles já haviam higienizado os latões."
2441;19/02/2016 15:28;Laticinios Estrela D Oeste;Alexandre Malhado;Teste marcado para o dia 24-02-16 às 14h30.
2403;12/02/2016 14:21;Laticinios Estrela D Oeste;Alexandre Malhado;Laércio fez uma viagem de trabalho e só voltará para a empresa na próxima quarta-feira
2459;29/01/2016 10:15;Laticinios Estrela D Oeste;Alexandre Malhado;Aguardando os produtos chegar pela transportadora para marcar o dia do teste com o Senhor Laércio.
2391;16/12/2015 10:47;Laticinios Estrela D Oeste;Alexandre Malhado;"Visita realizada com sucesso no dia 14/12/2015. Laércio autorizou fazermos um teste. Ele disse que caso venha a aprovar nossos produtos ele irá ficar com dois fornecedores de produtos de limpeza. Dividirá o pedido entre a empresa que ele compra atualmente e a nossa.

Produtos e quantidades usados atualmente:
• Alcalino Clorado 2 x 50 Litros
• Soda Aditivada para limpar latões de leite 3 x 50 Litros
• Acido Peracético 1 x 20 Litros
• Sanitizante Biguanida 1 x 20 Litros
• Álcool Gel 2 x 50 Litros
• Sabonete Bactericida 2 x 50 Litros

Obs: Temos ácido fosfórico. O Senhor Laércio disse que usa para limpeza de tanques de inox. De preferência puro.

Irei programar com a Simone a entrega dos produtos para teste."
2197;27/10/2015 15:34;Laticinios Estrela D Oeste;Alexandre Malhado;Contato realizado com o Laércio. Autorizou uma visita. Pediu para ligar pra ele assim que eu estiver passando por Jales.
2100;07/10/2015 18:33;Laticinios Estrela D Oeste;Victor;Xande, esse cara é enrolado. Tem que ficar em cima. Eu acredito que ele vai comprar com a gente, mas tem que ficar bem em cima mesmo.
1583;27/07/2015 17:40;Laticinios Estrela D Oeste;Victor;27/07/2015 - Laércio esta de férias, retorna semana que vem
722;21/05/2015 11:51;Laticinios Estrela D Oeste;Victor;Laercio disse que passou a nossa cotação para a frente, e até o fim do mês vão ligar para a gente. É esperar pra ver...
519;12/03/2015 11:29;Laticinios Estrela D Oeste;Victor;Recebeu a cotação. Vai comprar com alguém entre esta semana e a que vem. Visitar quando estiver por Estrela.
472;12/02/2015 10:47;Laticinios Estrela D Oeste;Victor;Já visitei ontem e passei cotação. Ligar e não deixar comprar com outro.
327;04/02/2015 16:37;Laticinios Estrela D Oeste;Victor;Laércio disse que vai cotar produtos lá para o dia 15. Ligar para cotar com a gente.
380;01/02/2015 22:22;Laticinios Estrela D Oeste;Victor;Entreguei caderno. Laércio disse que vai comprar com a gente. Manter contato para um dia ele comprar.
244;25/11/2014 17:08;Laticinios Estrela D Oeste;Victor;Manter contato com Laércio
173;14/11/2014 17:29;Laticinios Estrela D Oeste;Victor;Está difícil falar com Laércio no número da empresa e por celular. Está em Rio Preto. Ligar segunda-feira durante a tarde que ele já vai ter voltado.
69;28/10/2014 18:36;Laticinios Estrela D Oeste;Victor;Ver próxima cotação com Laércio. Em 28/10 ele disse que gostou do detergente clorado.
1314;07/07/2015 01:49;Laticinios Hué;Jessica;"Enviado email com catalogo.

Retornar a ligação."
2074;09/10/2015 18:46;Laticínios Jussara;Victor;Olirio pediu para enviar FISPQs e Boletins por e-mail para ele começar a conhecer os produtos. Pediu para quando eu estiver pela região agendar uma visita com ele e com Helio.
1934;06/10/2015 13:56;Laticínios Jussara;Victor;"Olirio (gerente industrial) ou Helio (gerente de compras)

Claudio disse que nenhum dos gerentes está com interesse em conhecer novos fornecedores. As decisões vem dos gerentes industriais ou de compras, que não estão pensando em trocar."
1420;21/07/2015 19:25;Laticínios Jussara;Victor;Claudio disse que não tem previsão, e disse que pediu para o pessoal informá-lo quando o contrato estiver para acabar para testar novos fornecedores. Ligar todo mês.
1353;26/06/2015 14:26;Laticínios Jussara;Victor;Claudio entrou de férias. Ligar daqui 3 semanas.
925;28/05/2015 19:06;Laticínios Jussara;Victor;Claudio acha que o contrato acaba no meio do segundo semestre. Continuar acompanhando para programar teste.
775;21/05/2015 14:03;Laticínios Jussara;Victor;E-mail enviado para Claudio.
714;21/05/2015 12:27;Laticínios Jussara;Victor;Atualizar e ver a data que termina o contrato.
1366;07/07/2015 01:39;laticinios lara;Jessica;"Enviado email com catalogo.

Retornar ligação"
1331;06/07/2015 18:49;Laticínios Leitsul;Adriana;"Ligar!

Estava fechado na segunda-feira."
1421;07/07/2015 02:31;Laticinios Mania;Jessica;"Enviado email com catalogo.

Ligar para Alcione"
1436;08/07/2015 16:24;Laticínios Roseira;Adriana;"Qual o telefone e o contato para ligar?

Não achei no cadastro aqui"
1396;07/07/2015 02:03;Laticínios Roseira;Jessica;ligar
1389;06/07/2015 18:29;Laticínios Sta Marina;Adriana;"Contato por telefone com a Juliana de compras. Não foi muito receptiva,

Enviei e-mail com catálogo."
1360;06/07/2015 18:44;Laticínios Tapicó;Adriana;"Entrei em contato hoje por telefone, mas conversei apenas com a recepção.

Enviei catálogo por e-mail.

Visitar quando estivermos em Poços."
1537;03/08/2015 20:08;Laticínios Tatitania;Adriana;Ligar para agendarmos a data para teste.
1327;01/07/2015 19:16;Laticínios Tatitania;Jessica;Liguei falei com o Luiz Alberto, autorizou um teste para semana que vem! Já passou os produtos utilizados!!
1333;01/07/2015 16:49;Laticínios Tatitania;Adriana;Ligar!!!
1291;22/06/2015 21:00;Laticínios Tatitania;Adriana;Visitamos dia 18/06.
1136;16/06/2015 15:54;Laticínios Tatitania;Jessica;Enviado catálogo retornar a ligação
1107;16/06/2015 15:25;Laticínios Tatitania;Jessica;Falei com a Eliana. Responsável Luiz Alberto, retornar depois das 14
2011;07/10/2015 14:34;Laticínios Tirolez;Victor;"Conversa foi boa de novo. Amanda disse que está com problema para comprar soda, e vai querer conhecer novos fornecedores.

Disse que até semana que vem vai passar uma lista dos produtos que usa, para a gente passar os equivalentes e talvez dar andamento nos testes. Disse que se ela não me passar até quinta-feira, eu volto a ligar."
307;01/02/2015 22:49;Laticínios Tirolez;Victor;"Conversado com Natalia na fábrica em Monte Aprazível.



Renan vai conversar com Amanda, de compras, no endereço &quot;Rua Quitanduba, 400 - Caxingui - São Paulo - Brasil - CEP 05516-030&quot;"
305;28/01/2015 23:34;Laticínios Tirolez;Victor;Ligar, encontrar a pessoa da qualidade e visitar.
2127;27/10/2015 12:08;Lc Restaurantes;Jessica;"pedro.augusto@lcrestaurantes.com.br
Enviar apresentação."
2238;27/10/2015 16:07;Le garçon;Jessica;"cozinha com 3 mil refeiçoes. parte de baixo 8 saboneteira 2 diluidores 2 bicos 1 gerador espuma no açougue parte de cima parte de frios 1 diluidor 2 bicos. 8 saboneteiras banheiros 6 total. 12 sabonetes bactericida parte de cima montagem de 12 mil kit de lanche. 



desincrustante forno AB Al 200 3000 cl neutrax green

neutro

sabonete bactericida álcool líquido álcool gel sanitizante verdura 

desinfetante"
2143;27/10/2015 13:35;Le garçon;Jessica;visita hoje para instalação de equipamentos em três unidades.
2566;02/03/2016 14:13;Le Garcon Itaquacetuba;Jessica;"instalar 1 diluidor 2 bicos.

6 saboneteiras 



neuteraxgreen

3.000 cl

mult 10.000

sapone bac

alcool liquido

alcool gel

pro grun"
1440;22/07/2015 19:40;Lider Alimentos;Ivan;Conversei com a Marcela e eles estão primeiro estruturando a parte dos produtos que eles vendem e depois vão focar nos demais produtos. Mas é para ir falando com ela.
755;22/05/2015 19:54;Lider Alimentos;Renan;Ivan passou na unidade de Lobato conversou com a Marcela e com Rafael Gerente, compram da porra mundial estao satisfeitos, mas nao conhecem a KIMIUM !!!!!!!!!!
799;15/05/2015 14:27;Lider Alimentos;Renan;ligar para marcela na terca feira e tentar agendar para quinta que estaremos em Maringa
724;15/05/2015 14:26;Lider Alimentos;Renan;conversei com a Marcela hoje e eles compram da mundial quimica.
626;13/05/2015 19:34;Lider Alimentos;Renan;Falei com qualidade, tentar falar com Marcela de Compras que fica em maringa
944;28/05/2015 17:49;Life Company;Renan;aguardar e-mail deles com produtos ligar em 3 semanas
877;26/05/2015 14:26;Life Company;Renan;emai enviado a Ellen gerente de producao
1018;11/06/2015 14:55;Liotécnica;Renan;nicholas falou que ja validou as certificacoes deste ano com produtos da ecolab, pediu para entrar em contato no fim do ano.
1095;11/06/2015 14:13;Liotécnica;Renan;conversei com nicholas rapidamente por telefone ontem, ele disse que estava corrida e que era para retornar hoje para agendarmos, liguei mas ele nao estava, enviei email pendindo reuniao
553;06/04/2015 20:49;Liotécnica;Victor;Passei para a Adriana
256;25/11/2014 17:02;Liotécnica;Victor;Falar com Nicolas, da qualidade. Iniciar conversa.
171;07/11/2014 18:38;Liotécnica;Victor;Buscar informações.
1830;16/09/2015 19:42;Lips Sorvetes;Jessica;ligar amanhã e falar com a Bruna.
2064;09/10/2015 18:28;Livenza Massas;Adriana;Liguei agora, Vinícius está em reunião.
1841;17/09/2015 19:58;Livenza Massas;Adriana;"Falei com o Vinícius. Disse que fechou parceria com a RB Quality, e que comparou os nossos preços e ainda assim compensa comprar da distribuidora. 

Falei que vou procurar por eles daqui alguns dias, já que entrará um comprador para tomar conta dessa parte."
1867;17/09/2015 13:28;Livenza Massas;Adriana;Liguei hoje 10h. A telefonista disse que o Vinicius não está.
1711;15/09/2015 16:58;Livenza Massas;Adriana;Enviei e-mail para compras e qualidade.
1757;15/09/2015 16:52;Livenza Massas;Adriana;Liguei para o Vinícius. Está em horário de almoço.
1799;01/09/2015 19:05;Livenza Massas;Adriana;"Liguei algumas vezes hoje e não consegui. Sempre ocupado.

Encaminhei e-mail ao Vinicius comunicando minhas ligações."
1774;31/08/2015 20:03;Livenza Massas;Adriana;"Liguei 3x hoje para falar com o Vinicius e não consegui contato.

Horário de almoço, em outra ligação e no final da tarde em reunião."
1680;26/08/2015 20:03;Livenza Massas;Adriana;Conversei com Vinicius hoje, reenviei a cotação de todos os produtos que foram aprovados.
1690;25/08/2015 20:08;Livenza Massas;Adriana;"Tentei contato com o Vinícius, a Andréa disse que ele já foi embora.

Retornar amanhã."
1548;05/08/2015 19:25;Livenza Massas;Adriana;Reenviei a cotação para o novo responsável de compras Vinícius ou Fábio.
1573;04/08/2015 19:32;Livenza Massas;Adriana;"O Luis de compras não trabalha mais na empresa.

A Marina já tinha ido embora. Ligar amanhã."
1302;02/07/2015 18:32;Livenza Massas;Adriana;"Conversei com o Luis de compras.

Disse que está avaliando a cotação. 

Retornar semana que vem."
1390;01/07/2015 16:38;Livenza Massas;Adriana;"Conversei com a Marina hoje.

Ela disse que a parte da qualidade está tudo ok.

Luis de compras passou ao Diretor os nossos preços. 

Retornar ligação."
1381;30/06/2015 20:36;Livenza Massas;Adriana;"Enviei e-mail cobrando o retorno da cotação.

Ligar para Luis."
1294;24/06/2015 21:50;Livenza Massas;Adriana;Ligar para confirmar o recebimento da cotação.
1292;24/06/2015 17:33;Livenza Massas;Adriana;Cotação enviada para Luis e Marina hoje.
1279;24/06/2015 17:33;Livenza Massas;Adriana;Último teste realizado em 01/06.
1128;15/06/2015 14:31;Llinea Alimentacao;Aguinaldo;ligar cesar dia 20
1110;15/06/2015 14:30;Llinea Alimentacao;Aguinaldo;enviado apresentacao, agendar
1089;11/06/2015 19:47;Lobits - Milho de Ouro;Renan;acompanhar
1076;11/06/2015 19:36;Lobits - Milho de Ouro;Renan;conversei com a Sueli por telefone, enviado apresentacao, compra da Diversey Neutro e Clorado, flavio acompanhar
1526;04/08/2015 17:38;Long Way Alimentos;Jessica;"Liguei para Andrea, ela não pode atender. 

Irá retornar."
1523;27/07/2015 18:10;Long Way Alimentos;Renan;"27/07/2015---Eu Fernanda, conversei com a Andréia.

Segundo ela, precisa da autorização do diretor para poder fechar com a Proauto, pediu pra retornar dia 03/08/2015."
1135;12/06/2015 13:54;Long Way Alimentos;Jessica;Efetuado teste, aguardando resposta da Andrea
1003;09/06/2015 19:51;Long Way Alimentos;Jessica;Teste amanhã as 14 hs
828;27/05/2015 18:35;Long Way Alimentos;Jessica;Enviar cotação, esperar resposta para iniciar o teste
1293;22/06/2015 19:47;Los Caldense Paletas Mexicanas;Adriana;Visitar a próxima vez que estivermos em MG.
2152;22/10/2015 14:36;Lual Alimentos;Adriana;Michelle está em horário de almoço.
2121;15/10/2015 17:17;Lual Alimentos;Simone;Liguei novamente Michelle está em reunião, retornar
2110;15/10/2015 13:16;Lual Alimentos;Simone;15.10 Liguei porém telefone só chama no ramal 4 que é de compras
578;06/04/2015 20:44;Lual Alimentos (Brassuk);Victor;Passei para a Adriana.
165;25/11/2014 10:50;Lual Alimentos (Brassuk);Victor;Michele está de férias e retorna dia 13/12. Ligar.
197;18/11/2014 15:38;Lual Alimentos (Brassuk);Victor;Michele - qualidade
198;07/11/2014 18:52;Lual Alimentos (Brassuk);Victor;Tudo
1629;20/08/2015 18:36;Lyndoia Original;Sueli;20/08 Renan ficou de mandar cotação
287;16/01/2015 09:49;Macarrão Siena;Renan;16/01/2015 enviado catalogo por e-mail para Marcelo ( Qualidade)
1610;24/08/2015 18:41;Macrozen Produtos Naturais e Integrais;Renan;"24/08/2015 Eu Simone enviei apresentacao por e-mail



01/09 - Compra poucos produtos direto com tio deles...Empresa Familiar...."
962;03/06/2015 19:17;Mae Terra;Renan;conversei com a Daniela, esta enrolada com projetos, ligar no dia 12/06
700;04/05/2015 18:14;Mae Terra;Renan;"falei com ela hoje ; fui mega simpatica ligar no dia 1//6"
617;04/05/2015 16:57;Mae Terra;Renan;"compra da Lure Quimica

Lure Alclor

Luregan"
686;04/05/2015 16:47;Mae Terra;Renan;estamos se falando desde o dia 14/07/2014 ... desaceleramos devido a ela achar que estamos acelerados.... tentei contato hoje
2080;06/10/2015 20:44;Maks Fruit;Jessica;"Davi Qualidade
Retornar amanhã."
1459;13/07/2015 17:55;Mama Refeicoes;Renan;Renan enviou apresentacao por email retornar daqui 10 dias
2632;19/05/2016 18:02;Marfrig;Victor;"Sandro informou que a Diversey saiu e entrou a New Drop. Laércio não está mais na empresa. Tatiane que está no setor de compras.

Ligar"
1915;29/09/2015 12:14;Marfrig;Victor;Sandro pediu para ligar na sexta-feira para ver se vai conseguir me receber segunda.
1999;29/09/2015 12:13;Marfrig;Victor;Laercio disse que eu posso ir começando a cozinhar o Sandro em Promissão se eu quiser.  Ligar para Sandro e tentar passar lá dia 05/09.
1488;08/07/2015 12:09;Marfrig;Victor;Laercio disse que Sandro está enrolado com reformas na fábrica de Promissão e só quer testar no fim do ano. Passar na fábrica quando estiver passando por Promissão para conhecer esse Sandro e tentar agilizar teste.
1308;26/06/2015 14:00;Marfrig;Victor;"Laercio enviou e-mail para Sandro da unidade de Promissão. Acompanhar com Sandro para inicar testes.



Telefone de Promissão: (14) 3543-9600"
1242;24/06/2015 20:43;Marfrig;Victor;Enviado e-mail perguntando se já alinhou com o pessoal da qualidade.
1124;21/06/2015 15:51;Marfrig;Victor;Conversa com Laercio foi boa. Disse que ia falar com o pessoal da qualidade ainda esta semana. Ficar em cima para não deixar esfriar.
1010;10/06/2015 12:34;Marfrig;Victor;Juliana disse que o pessoal da Diversey foi lá falar que se a Marfrig encerrar o contrato com eles, vão ter que pagar todo o parque industrial que a diversey montou. Eles estão verificando.
903;03/06/2015 14:28;Marfrig;Victor;Juliana disse que os preços da Diversey estão defasados e o vendedor da Diversey vai lá hoje para conversar. Já está alto, provavelmente vai aumentar. Disse para eu ligar na segunda-feira pois vai ver o que a Diversey vai passar para eles hoje.
915;02/06/2015 12:20;Marfrig;Victor;Juliana não foi trabalhar hoje. Ligar amanhã.
897;26/05/2015 19:45;Marfrig;Victor;Juliana disse que vai tentar agendar visita com o gerente dela para sexta-feira.
740;20/05/2015 19:15;Marfrig;Victor;Cotação enviada ontem. Juliana vai sentar amanhã com gerente dela para definir qual estratégia vão tomar.
612;14/05/2015 12:50;Marfrig;Victor;Precisamos passar cotação.
675;12/05/2015 12:33;Marfrig;Victor;Laércio está de férias. Menina ficou de enviar BID para participarmos dos testes e concorrência.
1427;22/07/2015 19:34;Marfrig - Promissão;Victor;Sandro disse que posso passar lá para bater um papo, mas semana que vem estará enrolado e pediu para ligar antes.
2605;26/04/2016 17:38;Marilan;Victor;Irineu passou o contato do Alexandre da Pluron. Transferiu e deu liberdade para conversar com o Edemir, mas a ligação caiu.
2623;30/03/2016 14:09;Marilan;Victor;Edemir vai falar com a Silvana e com o Irineu. Vai retornar para falar se podem receber visita amanhã.
2594;10/03/2016 18:57;Marilan;Victor;"Edemir disse que ia passar planilha para Leticia com os produto aprovados, mas Irineu disse que ele ainda não passou.

Passar lá semana que vem quando estiver indo embora de Rio Preto"
2584;01/03/2016 12:51;Marilan;Victor;Reencaminhado e-mail para Irineu. Ficar em cima.
2422;21/01/2016 14:43;Marilan;Victor;"Irineu disse que Edemir aprovou alguns produtos mas ainda não gerou ordem de compra. Vai falar com Edemir para ver o que está acontecendo.

Passar lá semana que vem."
2349;06/01/2016 10:15;Marilan;Victor;Irineu está de férias. Volta dia 20 de Janeiro.
2190;21/10/2015 11:06;Marilan;Victor;Irineu disse que vai me ligar, que conversou com o Edemir, e Edemir ainda não tinha validado tudo. Ficar em cima.
2112;13/10/2015 19:41;Marilan;Victor;Irineu disse que o processo está andando. Falei que vou continuar acompanhando e ligar semana que vem.
2010;07/10/2015 12:51;Marilan;Victor;Irineu disse que não haviam passado nada para ele. Enviado e-mail para ele com cópia para Edemir. Ficar em cima.
1377;01/07/2015 20:28;Marilan;Ivan;Combinar de ligarmos e forçar uma amizade.
1334;26/06/2015 17:30;Marilan;Victor;Edemir já encaminhou tudo parar Irineu. Irineu não está na empresa hoje. Tentar outro dia.
1101;22/06/2015 18:22;Marilan;Victor;Edemir disse que está mais caro. Pedi para passar o consumo aproximado para talvez ver desconto. Pediu para ligar na quarta-feira se ele não tiver me passado essas info.
1059;08/06/2015 16:46;Marilan;Renan;Teste realizado com o Pro R1 e o 3000 CL. Eles gastam 30 Litros do pluron 489 por dia. O r1 limpou mais, o 3000 CL também foi eficaz mas gostaram mais do R1. Precisamos testar o 5000 CL. Victor passa lá e fala com a Silvana e diz que você esta com o 5000 ai para testar.
1004;05/06/2015 14:03;Marilan;Victor;Enviado cotação de 3000 CL, Pro R1, Sapone Bac e Mult 10.000
994;30/05/2015 17:17;Marilan;Victor;"Visita feita e teste de alguns produtos agendados para segunda-feira 01/06. Ivan vai ajudar!



- Pro HA – 5000 CL (2 x 5l)

- Neuter Ultra (5l)

- Klinbe (5l)

- Pro R1 (2 x 5l)

- AB – AL 200 (5l)

- Sapone Bac (5l)

- Pro Ha – Gel 70 (5l)"
863;28/05/2015 16:22;Marilan;Victor;Visitar Edenir as 11:00
536;30/03/2015 14:32;Marilan;Victor;Edenir estava afastado. Voltou hoje. Ainda não recebeu catálogo e caderno. Ligar mais para o final da semana.
201;15/01/2015 10:42;Marilan;Renan;Conversado no dia 15/01 com a vanessa e ligar para a Marta que é a responsavel do setor no dia 19/01
1286;22/06/2015 19:04;Marvi;Victor;Flavia disse que a produção rodou direto neste final de semana. Vai ver no próximo como vai ser e avisar se a gente quiser acompanhar o faxinão.
1141;21/06/2015 15:57;Marvi;Victor;No horário do teste só trabalha um funcionário da higienização que aprovou o 3000 CL e o Neuter Super. Foi colocado o diluidor no lugar do da New Drop que estava todo fudido. Este diluidor de dois bicos novo pega ar. Trocar por um outro, mas já foi deixado lá para eles irem usando nossos produtos. Ficar em cima e não deixar esfriar. Testar Pro HA ALC.
1027;11/06/2015 11:05;Marvi;Victor;Enviado e-mail perguntando se já tem alguma data para os testes.
993;01/06/2015 14:10;Marvi;Victor;Flavia pediu para ligar até o fim desta semana, pois ainda não viu data.
720;22/05/2015 18:07;Marvi;Victor;Flavia pediu para ligar na primeira semana de Junho para marcar a data dos testes.
723;14/05/2015 15:01;Marvi;Victor;Solicitado amostras para Simone.
796;14/05/2015 14:43;Marvi;Victor;Aguardando e-mail com melhor data para testes.
695;12/05/2015 13:23;Marvi;Victor;Enviado outro e-mail para Robson.
635;28/04/2015 18:01;Marvi;Victor;Enviei e-mail para Robson solicitando consumo de cada produto. Cobrar.
601;23/04/2015 14:03;Marvi;Victor;Passar cotação
1717;14/09/2015 14:38;Mata Boi Alimentos;Adriana;Dia 10/9 Enviei e-mail ao Wellington reforçando que a Jéssica estava na região, para atender pessoalmente.
1750;10/09/2015 13:30;Mata Boi Alimentos;Jessica;"Adriana encaminhar novamente, reforçar que eu acabei de falar com ele.

Que vou estar na região."
1792;10/09/2015 13:23;Mata Boi Alimentos;Jessica;Enviar novamente apresentação.
1756;01/09/2015 17:22;Mata Boi Alimentos;Adriana;"Welington respondeu ao e-mail dizendo que atualmente não estão cotando a compra de produtos químicos.

Disse que fecharam recentemente um BID de compras, até meados de 2016."
1755;01/09/2015 16:57;Mata Boi Alimentos;Adriana;Enviei um e-mail para o Wellington para reforçar nosso contato.
1708;01/09/2015 16:51;Mata Boi Alimentos;Adriana;"Conversei hoje por telefone com o Wellington de compras.

Ele disse que o primeiro contato tem que ser com ele mesmo, e depois ele passa para a qualidade.

Informei que estaremos por lá na próxima semana, ele disse que irá nos atender."
1800;27/08/2015 22:49;Mata Boi Alimentos;Adriana;"Renan deixou um catálogo na unidade de Araguari.

Enviou e-mail para as veterinárias e o encarregado."
1535;04/08/2015 19:26;Mata Boi Alimentos;Adriana;Liguei e o Wellington estava ocupado. Enviei e-mail.
1296;22/06/2015 20:41;Mata Boi Alimentos;Adriana;"Liguei para o comprador Wellington hoje.

Disse que está com o nosso catálogo em mãos.

Ligar quando estivermos em Uberlandia para conversarmos pessoalmente."
1285;22/06/2015 20:39;Mata Boi Alimentos;Adriana;"Deixamos catálogo no Escritório em Uberlândia, dia 17/06.



A/C de Wellington (compras)."
1257;22/06/2015 20:38;Mata Boi Alimentos;Adriana;Visitamos a Matriz em Araguari, dia 17/06.
2478;11/02/2016 11:15;Matilat;Alexandre Malhado;Contato realizado com a própria Ana Carolina e a mesma relatou que no momento não está aberta para testes com produtos de higienização. Pediu para entrar em contato futuramente.
2456;05/02/2016 14:45;Matilat;Alexandre Malhado;Mais uma vez falei com a Ingrid e a mesma me disse que passou o recado para Ana Carolina e que a mesma iria entrar em contato. Aguardando.
2407;04/02/2016 15:45;Matilat;Alexandre Malhado;Fui atendido mais uma vez pela Ingrid. A mesma disse que irá pedir para que a Ana Carolina verifique os e-mails que foram enviados.
2455;29/01/2016 16:24;Matilat;Alexandre Malhado;Nova tentativa de contato. Ana Carolina não se encontrava na sala. Deixei recado com Paloma.
2491;25/01/2016 10:06;Matilat;Alexandre Malhado;Tentativa de novo contato. Fui atendido novamente pela Ingrid, a qual pediu que eu mandasse novamente outro e-mail. Aguardando resposta.
2306;20/01/2016 10:24;Matilat;Alexandre Malhado;E-mail enviado para Ana Carolina (Departamento de Desenvolvimento). Aguardando retorno.
2338;19/01/2016 16:47;Matilat;Alexandre Malhado;Ana Carolina estava em reunião durante a tarde toda. Retornarei amanhã.
2312;07/01/2016 10:45;Matilat;Alexandre Malhado;Passei na empresa no dia 06-01-2016 e deixei uma agenda de lembrança para a Ana Carolina (Departamento de Desenvolvimento).  Ligarei semana que vem para tentar agendar uma visita.
950;02/06/2015 19:50;Matilat Laticínios;Victor;"Paula disse que é primeiro com compras com Paulo Adriano.



Paulo Adriano disse que é com Ana Carolina do desenvolvimento. Foi enviado e-mail para Ana Carolina.



Ana Carolina - desenvolvimento@matilat.com.br"
882;27/05/2015 12:11;Matilat Laticínios;Victor;Já deixei catálogo na portaria e conversei com Paula, que trabalhou no Minerva de Barretos. Vai marcar comigo outro dia. Ligar quando estiver em Rio Preto.
526;24/03/2015 13:33;Matilat Laticínios;Victor;Alessandra saiu da empresa. Continuar tentando até a pessoa nova entrar.
406;03/03/2015 12:58;Matilat Laticínios;Victor;Está disposta a receber visita na segunda quinzena do mês. Ligar para agendar.
485;02/03/2015 20:18;Matilat Laticínios;Victor;Alessandra entra as 7:00 ligar neste horário.
429;27/02/2015 12:05;Matilat Laticínios;Victor;Alessandra está afastada. Só volta segunda-feira, dia 02/03
444;05/02/2015 17:03;Matilat Laticínios;Victor;Visitar Alessandra
1241;24/06/2015 14:02;Max Brill;Renan;"Falei com Thiago, sempre simpatico, esta testando um produto Incedin que substitui Alcool e Bactericidas, ele tem um diluidor eletronico que sai uma etiqueta com a validade; falou que vai nos testar. ligar no fim do proximo mes."
1137;12/06/2015 18:06;Max Brill;Renan;Ligar para o Tiago na segunda
1930;29/09/2015 19:45;Max Food;Jessica;"Ana não quer dar uma cozinha para testar os produtos.
Fernanda Gomes"
845;27/05/2015 19:32;Max Food;Jessica;Ligar para Ana para ver se consegue pegar uma cozinha.
1518;27/07/2015 17:38;Mendonça Distribuidora;Victor;27/07/2015 - Liguei várias vezes, mas Gislaine está em reunião
1015;11/06/2015 13:19;Mendonça Distribuidora;Victor;Ramal da Gislaine não está atendendo. Ligar daqui umas 2 horas.
370;20/01/2015 10:18;Mendonça Distribuidora;Victor;Pedido entregue em 19/01. Acompanhar para ver se precisam de mais produto.
276;12/12/2014 10:16;Mendonça Distribuidora;Victor;Acompanhar processo de instalação de diluidor.
235;09/12/2014 15:45;Mendonça Distribuidora;Victor;Está em Reunião. Ligar as 16:00
227;25/11/2014 17:13;Mendonça Distribuidora;Victor;Ligar quinta-feira à tarde, que é o horário mais tranquilo para falar com a Rosana, e perguntar do PK Wash.
169;18/11/2014 15:14;Mendonça Distribuidora;Victor;"Pedido entregue. Costuma durar 20 dias. Entrar em contato novamente para fazer novo pedido após 20 dias.



Não esquecer de frisar que produto deve ter durado mais."
142;13/11/2014 18:36;Mendonça Distribuidora;Victor;Pedido feito. Ver se já entregou.
168;12/11/2014 16:03;Mendonça Distribuidora;Victor;Verificar se recebeu e-mail com pedido.
126;07/11/2014 18:47;Mendonça Distribuidora;Victor;Ver com Renan se já foi deixada amostra do PK Wash, como ele havia dito no e-mail, e separar as amostras.
961;28/05/2015 18:19;Mezzani Massas;Renan;enviado o email de apresentacao o Gerson, compram da New Drop
629;11/05/2015 17:44;Mezzani Massas;Renan;Pegamos contato do Gerson da Gerente Industrial, quando chegamos no stand ele havia acabado de sair
1184;12/06/2015 13:51;Mg Entreposto;Jessica;Enviado catálogo para Toni
1063;08/06/2015 18:37;Mil Green;Ivan;Falei com o Diogo, ele disse que testou outros produtos já e teve reação química e disse que está bem com o produto dele e também disse que em time que está ganhando não se mexe.
887;28/05/2015 12:15;Mil Green;Ivan;A Daniela diz que vai analisar e entrar e contato, mas nunca faz isso. Compra da Ericon.
546;09/03/2015 13:39;Minalice;Victor;"Valquíria disse que Sandro é da parte da manipulação, e seria o responsável.



Foi enviado e-mail para Sandro, que disse para passar lá quando estiver por Ribeirão Preto."
497;05/02/2015 17:16;Minalice;Victor;Visitar quando estiver pela região de Ribeirão Preto
322;16/01/2015 12:32;Minalice Bolachas;Renan;16/01/2015 enviado apresentacao por e-mail para compras - a/c Paulo - pmelo@minalice.com.br
2254;19/11/2015 15:50;Minas Castro;Jessica;"Passei hoje lá, conversei com o Elcio qualidade, teremos teste no frigorifico próximo. Podemos fazer teste lá, semana dia 30.

Pedir produtos para teste, 

Soda aditivada

Detergente Neutro

Detergente Clorado

Ácido Nítrico

Acido Peracetico

Sabonete Bactericida

Gerador Espuma."
1336;01/07/2015 18:50;Minas Castro;Jessica;liguei 2 x e só deu caixa postal
1349;01/07/2015 16:50;Minas Castro;Adriana;Ligar para a Vanda.
1152;22/06/2015 18:22;Minas Castro;Adriana;"Visita dia 17/06



Falamos com Vanda.



Concorrente: Start Química"
2629;06/06/2016 12:55;Minerva Foods;Victor;Reunião agendada para quarta às 9:00
2606;19/05/2016 18:51;Minerva Foods;Victor;Vitor vai ajudar Juliana nas próximas semanas, pediu para receber visita no início de junho.
2624;10/05/2016 17:38;Minerva Foods;Victor;Vitor está enrolado nessa semana com questões da BPF e pediu para ligar no fim do mês para definir os testes. Ligar no final da semana do dia 16 para passar lá na semana do dia 23.
2452;12/02/2016 17:24;Minerva Foods;Victor;Vitor estará indo para Araguaína na semana que vem. Tentar visitar na outra semana. Está interessado em alinhar o teste logo, mas ainda não tem tudo que precisa resolvido.
2417;05/02/2016 12:38;Minerva Foods;Victor;Ligar sexta.
2363;05/01/2016 15:31;Minerva Foods;Victor;Vitor vai ter reunião com compras e diretoria nesta semana. Assim que tiver uma posição vai me passar. Está fechando o teste da Start.
2361;04/01/2016 16:10;Minerva Foods;Victor;Foco
1972;06/10/2015 14:52;Minerva Foods;Victor;"Vitor disse que não entendo porque nós não estamos entrando nas cotações da barreira sanitária e vai conversar com Haroldo.

Já está com todas as questões definidas com relação ao teste da Start, e assim que passar uma auditoria dos EUA este mês, nós poderemos fazer nosso teste na indústria."
1828;11/09/2015 13:10;Minerva Foods;Victor;Vitor disse que até o dia 20 já pode ter tudo finalizado.
1605;25/08/2015 20:12;Minerva Foods;Victor;Vitor disse que provavelmente semana que vem já vai alinhar os testes com a gente. Está aguardando os resultados dos testes da Start.
1500;21/07/2015 20:24;Minerva Foods;Victor;Tatiane da qualidade do corporativo disse que ainda não está homologado no corporativo. Tentar ver com a Juliana e já fazer os testes na produção.
79;06/10/2014 18:35;Minerva Foods;Victor;Visitado no fim de setembro. Entrar em contato para agendar testes.
1045;11/06/2015 19:20;Mn Propolis;Renan;ligar amanha cedo e ve se a camila recebeu email
1052;11/06/2015 19:19;Mn Propolis;Renan;Noemi esta de lincenca e a Camila esta responsavel, reenviei apresentacao, adriana acompanhar
234;16/01/2015 09:41;Mn Propolis;Renan;16/01/2015 enviado catalogo por e-mail compras@mnpropolis.com.br - a/c Srta Noemi
266;16/01/2015 09:40;Mn Propolis;Renan;16/01/2015 - enviado catalogo por e-mail: compras@mnpropolis.com.br
848;28/05/2015 12:08;MNM Refeições;Ivan;Já levei os produtos para teste, porém tem uma nutricionista muito chata que ama a Pluron. A Marcia está dando migué e não responde email.
2244;29/10/2015 12:58;Mococa Laticinios;Jessica;Liguei, só chamou retornar amanha
1247;22/06/2015 19:32;Mococa Laticinios;Renan;meninas visitar quando estiverem na regiao
1058;11/06/2015 18:57;Mococa Laticinios;Renan;falei com o everton, falou para manter contato, mas tem contrato com a ecolab até o fim do ano
211;15/01/2015 17:22;Mococa Laticinios;Renan;Enviado apresentacao por e-mail 15/01
219;15/01/2015 17:21;Mococa Laticinios;Renan;15/01 enviado apresentação por e-mail
2509;17/03/2016 14:06;Moinho Santa Clara;Jessica;Ligar proxima semana
2099;06/10/2015 20:02;Moinho Santa Clara;Jessica;"Gerson está dando sequencia.
Aguardar pedido."
1827;23/09/2015 19:34;Moinho Santa Clara;Jessica;"Falei com o Gerson, irá conversar com o Francisco para dar sequencia ao trabalho.
Necessário instalar o restante das saboneteiras para dar seguimento ao trabalho.
Na parte de piso mudaram o processo, então não usam mais removedor e nem cera."
1873;23/09/2015 18:23;Moinho Santa Clara;Jessica;"Cliente parou de comprar pq mudou o setor de compras.
Reativar o cliente tratando agora com o Gerson."
1424;13/07/2015 19:56;Moinho Santa Clara;Jessica;"Aprovou o sabonete, pediu um orçamento 

Encaminhei"
1255;24/06/2015 21:54;Moinho Santa Clara;Jessica;Levar saboneteiras e conversar com o Francisco
827;27/05/2015 19:18;Moinho Santa Clara;Jessica;Levar saboneteiras, assinar comodato
2015;07/10/2015 19:12;Mondelez;Victor;Suelen está de licença maternidade até 25/02/2016.
2107;27/10/2015 14:58;Motel Millennium;Alexandre Malhado;"Os seguintes produtos foram entregues:
• Pro Ha 5000: 1 x 5 = R$ 120,00
• Pro Ha 3000: 1 x 5 = R$ 66,00
• Neuter Ultra: 1 x 5 = R$ 108,00"
2155;19/10/2015 15:29;Motel Millennium;Alexandre Malhado;"Pedido efetuado: 
• Pro Ha 5000: 1 x 5 = R$ 120,00
• Pro Ha 3000: 1 x 5 = R$ 66,00
• Neuter Ultra: 1 x 5 = R$ 108,00"
1853;22/09/2015 17:16;Motel Millennium;Alexandre Malhado;"Contato realizado via telefone com Dona Lucélia. Marquei uma visita para hoje no período da tarde. Ela trabalha na empresa há 14 anos. Relatou que compra poucos produtos de limpeza, uma vez que o movimento do motel não é intenso. Trabalha com o Mundclean 7000 da Mundial Química.
__________
Visita realizada com sucesso. Fomos bem recebidos pela Dona Lucélia. Iremos enviar alguns produtos para que ela faça o teste.  Grandes chances de se tornar um cliente.
__________
28-09-15. Contato via telefone para pegar dados cadastrais. Produtos usados atualmente. Detergente Neutro / Detergente para chão Mundclean 7000 (azul) / Produto para bater hidromassagem. Ligar para ela na quarta-feira (30-07-15) para passa o preço dos produtos. Talvez não seja necessário mandar amostras grátis. Ela vai adquirir os produtos direto."
1892;22/09/2015 16:54;Motel Parati;Alexandre Malhado;"Contato realizado via telefone com a Juliana. A mesma me disse para retornar no dia 25-09-2015 na parte da manhã, uma vez que o proprietário Ricardo só fica na empresa nas sextas-feiras na parte da manhã.
__________
28-09-15. Ainda não consegui falar com o proprietário. Tentarei na próxima sexta feira.  Horário mais fácil para contato é das 7 as 8 de segunda  sexta."
719;22/05/2015 18:27;Muraro Bebidas;Renan;Fredereico me mandou o e-mail copiando o comprador para nos dar oportunidade, mandei email de apresentacao
788;21/05/2015 13:19;Muraro Bebidas;Renan;Conheci o Frederico em uma feira , ele é o dono pedi o contato da pessoa certa
249;15/01/2015 17:03;Nacon Laticinio;Renan;Ligar no celular do Antonio apos as 18h ....16 997813756
243;15/01/2015 12:56;Nacon Laticinio;Renan;E-mail enviado no dia 15/01 , verificar se receberam e ver o proximo passo a ser dado
1597;04/08/2015 17:46;Naw Ind;Jessica;Conversei com a Luciana, Está comprando produtos do Leandro, mas pediu uma cotação. Estou enviando um e-mail para ela agora.
1457;21/07/2015 20:20;Naw Ind;Jessica;"Fui até a indústria conversei com o Julio, ele irá verificar pedido. 

Para eu dar um retorno via fone."
2622;07/04/2016 12:18;Neolat;Alexandre Malhado;"Fui informado pela empresa que o Senhor Gerson não faz mais parte da equipe. Mandei e-mail para Luciano para darmos continuidade.

lucianoguimaraes@queijosipanema.com.br"
2569;23/02/2016 13:03;Neolat;Alexandre Malhado;Gerson não mandou o e-mail que havia prometido. Tentei entrar em contato e não foi possível.
2475;11/02/2016 11:19;Neolat;Alexandre Malhado;Consegui contato com Gerson e o mesmo me disse que irá passar o relatório com os produtos de higiene usados atualmente.
2413;04/02/2016 15:49;Neolat;Alexandre Malhado;Idem observação anterior.
2468;29/01/2016 17:42;Neolat;Alexandre Malhado;Gerson ainda não respondeu e-mail. Tentativa de contato via telefone, porém o mesmo não se encontrava na empresa.
2405;29/01/2016 16:17;Neolat;Alexandre Malhado;Gerson ainda não respondeu e-mail. Tentativa de contato via telefone, porém o mesmo não se encontrava na empresa.
2476;22/01/2016 22:38;Neolat;Alexandre Malhado;"Visita realizada na Unidade de Rancharia. Fui muito bem recebido pelo Gerson. Ele irá passar por e-mail a relação dos produtos e a quantidade de cada um usados no mês. 
Aguardando e-mail."
2365;07/01/2016 10:33;Neolat;Alexandre Malhado;"Renan me passou os e-mails que havia trocado com o Senhor Raul.
Mandei novo e-mail pedindo uma visita.
Aguardando retorno do e-mail."
1290;22/06/2015 19:16;Neolat Laticinios - Queijos Ipanema;Renan;enviado email para o Raul perguntando qual setor de cada pessoa
1034;11/06/2015 16:59;Neolat Laticinios - Queijos Ipanema;Renan;Raul parece ser o dono, ja encaminhou o e-mail para as pessoas responsáveis que sao Marcos, Gerson e Jair
1009;11/06/2015 14:43;Neolat Laticinios - Queijos Ipanema;Renan;havia enviado um email para o Raul que conheci na APAS este e-mail foi no dia 11 de Maio, liguei para ele hoje e o mesmo vai direcionar para as pessoas corretas do laticinio
2369;08/01/2016 12:04;Nestlé Purina PetCare;Victor;Ligar para Odelço
2366;04/01/2016 16:17;Nestlé Purina PetCare;Victor;Foco
2033;07/10/2015 12:11;Nestlé Purina PetCare;Victor;Já encaminhado e-mail para Odelço. Aguardando resposta. Ficar em cima!!
1823;17/09/2015 17:41;Nestlé Purina PetCare;Victor;Aguardar resposta do e-mail do Jeferson e passar informação para Odelço. Cobrar Jeferson. Não esquecer!!
1044;10/06/2015 12:46;Nestlé Purina PetCare;Victor;Odelço entrou de férias e volta daqui 40 dias.
1072;03/06/2015 19:55;Nestlé Purina PetCare;Victor;Enviado e-mail novamente para Odelço.
702;21/05/2015 13:18;Nestlé Purina PetCare;Victor;Enviado e-mail perguntando se já tem outra data para visita.
692;14/05/2015 13:35;Nestlé Purina PetCare;Victor;Enviado e-mail pergutando qual melhor semana para visita.
696;23/04/2015 14:33;Nestlé Purina PetCare;Victor;Reunião marcada para segunda-feira (11/05) às 9:30.
511;06/04/2015 12:36;Nestlé Purina PetCare;Victor;Odelço disse para reencaminhar e-mail e vai ver uma data para visita ainda em Abril. Cobrar retorno.
416;02/03/2015 17:07;Nestlé Purina PetCare;Victor;Conversado com Odelço. Ele não tinha recebido o e-mail, mas agora já recebeu e vai responder. Manter contato, pois não é sempre que a central abre para novos fornecedores. Tentar ligar sempre às segundas-feiras que é mais fácil de encontrá-lo.
427;12/02/2015 11:28;Nestlé Purina PetCare;Victor;"Enviado e-mail para odelco.balieiro@br.nestle.com, que foi informado por Eloisa, no número (11) 5515-8500.



Achei no Google que Odelço participou de um workshop na Fundação Salvador Arena. Não largar nunca!"
412;05/02/2015 16:22;Nestlé Purina PetCare;Victor;Tentar conversar com Odelcio Balieiro, que está na Bahia esta semana.
1211;23/06/2015 16:55;New Age Bebidas;Jessica;Liguei falei com Max compras, fechou contrato com a Mundial e Diversey, porém foi bem atencioso e passou o contato do Trevine qualidade. Liguei mas ele não estava
1158;12/06/2015 13:54;New Age Bebidas;Jessica;Enviado catálogo, tentando marcar horário
2504;10/03/2016 13:46;New Italian;Victor;Entrar em contato no início de Abril para agendar testa com André.
2540;10/03/2016 20:23;New Millen;Victor;Prima, lembrei de novo só no fim da  tarde. Está aí.
971;28/05/2015 18:34;New Millen;Victor;Fabiana está acompanhando uma auditoria. Acompanhar semana que vem.
691;23/04/2015 18:41;New Millen;Victor;Enviado outro e-mail.
537;11/03/2015 19:57;New Millen;Victor;"Fabiana respondeu ao e-mail dizendo que ainda estão analisando.



Ligar para cobrar."
566;09/03/2015 14:45;New Millen;Victor;Enviado e-mail para Fabiana pedindo uma posição. Acompanhar.
421;02/03/2015 17:27;New Millen;Victor;Fabiana estava ocupada. Disse que vai retornar.
338;04/02/2015 15:50;New Millen;Victor;Fabiana disse que o processo está parado porque a diretoria está resolvendo outras coisas. Pediu para ligar daqui duas semanas para ver se já conseguiu ver isso.
254;13/01/2015 11:09;New Millen;Victor;Cotação enviada por Renan para entregar em mãos. Acompanhar.
273;09/01/2015 12:04;New Millen;Victor;"Cliente visitado. Passar cotação:

- Detergente Neutro

- Alcool Gel

- Hipoclorito

- 

-"
263;04/12/2014 12:55;New Millen;Victor;Conversamos, e ela pediu para agendar visita em Janeiro. Foi enviado catálogo. Agendar visita.
2593;02/03/2016 15:24;Nexx Móteis;Adriana;Enviei e-mail para o Antônio Carlos como solicitado.
2577;02/03/2016 15:15;Nexx Móteis;Adriana;"Liguei para o Antonio Carlos.

Ele disse que está super ocupado hoje em um motel. Pediu para enviar e-mail."
2292;04/11/2015 23:20;Nexx Móteis;João Maffei;Foi enviado a proposta para introdução com 15 dias de produto sem custo, iremos entrar no jornal da associação para divulgação de nossa empresa para o Brasil na rede de motéis e hotéis. aguardar retorno do Antônio Carlos até próxima semana.
2035;07/10/2015 14:07;Ninfa;Victor;Ivanzinho, como está lá?
1463;22/07/2015 18:36;Ninfa;Ivan;Liguei para a Andressa. Semana que vem é semana de auditoria e ela disse que estará corrido e pra tentar passar lá depois do dia 8 de agosto
1192;21/06/2015 15:41;Ninfa;Victor;Por telefone não adianta. Visitar quando estiver indo para o Frimesa.
547;24/03/2015 17:17;Ninfa;Victor;"Andressa disse que está sendo bem assessorada nos produtos de limpeza. Cotou alcool gel e sabonete liquido e disse que os preços estão bons, mas o problema é o pedido mínimo.



Disse que quando houver necessidade, vai entrar  em contato."
577;13/03/2015 19:05;Ninfa;Victor;Enviado email. Vai responder pedindo cotação.
436;02/03/2015 12:48;Ninfa;Victor;Ivan visitou Andressa. Conversou, e ela vai passar os produtos para cotação.
348;03/02/2015 17:34;Ninfa;Victor;"Enviado e-mail para Adilson, pois quando liguei, ele estava na produção, e pediu e-mail.



Ligar de novo se ele não responder."
767;21/05/2015 18:25;Norac do Brasil - Atelie do Sabor;Renan;Conheci na feira, liguei e nao atendeu
2108;23/10/2015 16:09;Nosso Tempero;Alexandre Malhado;CNPJ pesquisado e reprovado.
2153;14/10/2015 13:03;Nosso Tempero;Alexandre Malhado;A empresa é de porte pequeno. Atualmente eles compram produtos de limpeza em supermercados. Hoje eles utilizam apenas detergente neutro.  Caso o CNPJ seja aprovado, iremos mandar alguns produtos para teste, como: Neuter Ultra, Pro Ha 3000 CL.
2059;08/10/2015 18:22;Nosso Tempero;Alexandre Malhado;Contato realizado com a proprietária (Dona Leila) para terça-feira (13-10-15) às 14 horas.
2093;07/10/2015 18:34;Nosso Tempero;Victor;Xande
353;03/02/2015 14:45;Nosso Tempero;Victor;Visitar quando estiver em Estrela
73;15/10/2014 11:37;Nosso Tempero;Victor;Tudo
2003;09/10/2015 17:59;Nutri Nipo- Nutri Serv;Jessica;Mirian estava externo.
1884;25/09/2015 17:57;Nutri Nipo- Nutri Serv;Jessica;"mirian  -  compras@nutrinipo.com.br
Enviar email sobre locação de máquina e Kimi Energy."
1538;05/08/2015 19:06;Nutri Nipo- Nutri Serv;Jessica;"Liguei para Miriam, estava afastada.

Vai cotar valores, ir mantendo contato."
1408;22/07/2015 18:56;Nutri Nipo- Nutri Serv;Jessica;"Visitei hoje, entreguei cotação em mãos.

Mirian mostrou muito interesse.

Irá abrir preços."
1465;21/07/2015 18:45;Nutri Nipo- Nutri Serv;Jessica;"Fui hoje conversar pessoalmente com a Miriam, mas ela não estava. 

Amanhã retorno. 

Empresa aparenta ser grande!"
1402;17/07/2015 17:16;Nutri Nipo- Nutri Serv;Jessica;"compras@nutrinipo.com.br

cotacao de maquina de lavar em comodato   

desincrustante

sanitizante po

limpa alumino 

detergente pronto uso

dergente clorado

 2.800 refeiçoes diarias"
2308;14/12/2015 08:46;Nutribem;Alexandre Malhado;"Visita realizada com sucesso no dia 11-12-15. Falei com o Rafael (Setor de Qualidade). O mesmo disse que atualmente a empresa compra produtos da Newdrop e que dificilmente a empresa irá permitir fazer testes com os nossos produtos, uma vez que eles possuem uma lista de fornecedores com a intenção de fazer testes e a empresa não permite. Ficarei acompanhado o cliente para tentar.
Os produtos usados são:
• Detergente para botas;
• Produto para retirar sujidade de inox;
• Sanitizante Biguanida;
• Sanitizante Peracético;
• Detergente clorado pos operacional."
2322;09/12/2015 16:35;Nutribem;Alexandre Malhado;"Visita agendada para dia 11-12-2015 às 9h30m com Rafael

Rodovia SP 355 - Km 12,5"
2177;23/10/2015 16:32;Nutribem;Alexandre Malhado;Tentativa de contato, porém não consegui contactar o Rafael.
2111;19/10/2015 15:54;Nutribem;Alexandre Malhado;Tentativa de contato para agendar uma visita. A pessoa responsável (Rafael) não estava. Tentarei novamente amanhã.
2227;27/10/2015 17:20;Nutriline Alimentação;Adriana;Liguei para reforçar a cotação, mas todas já foram embora.
2259;27/10/2015 17:17;Nutriline Alimentação;Adriana;Enviei e-mail com nova cotação para a Daniela e Mariana.
1348;30/06/2015 18:39;Nutriline Alimentação;Adriana;"Elaborar outra cotação e enviar no e-mail

producao@nutriline.com.br

A/C: Daniela e Mariana"
1328;30/06/2015 18:38;Nutriline Alimentação;Adriana;"Visitei dia 25/06.

Conversei com a Daniela e com a Mariana. A Claudia está de férias."
1048;08/06/2015 18:30;Nutriline Alimentação;Renan;liguei la, a pessoa da recepcao me disse que a claudia conversou com o supervisor e ambos falaram que estavam caros, eu disse que daria 30% de desconto e a ligacao caiu, montar nova cotacao
861;27/05/2015 20:38;Nutriline Alimentação;Adriana;"Visita com Renan. Catálogo entregue mais uma vez.



Testes realizados em outubro de 2014.



Retornar ligação dia 01/junho."
339;22/01/2015 11:56;Nutrimix;Victor;Conversado com Aline. Usam limpa alumínio, água sanitária, detergente, multiuso, alcool, mas compram R$ 500,00 por mês, de distrubuidor, e incluindo saco de lixo e descartáveis...
262;12/12/2014 15:26;Nutrimix;Victor;Tudo
1238;24/06/2015 14:15;Oetker;Renan;Conversei com a Regina que está no lugar da Andreia que saiu de liçenca maternidade, mandei e-mail a mesma disse que se houver interesse no procura.
715;22/05/2015 13:13;Oetker;Renan;Conversei com a Andreia, disse que nao recebeu catalogo que deixamos na portaria, reenviei o e-mail que havia mandado no dia 29/04/15
660;04/05/2015 20:32;Oetker;Renan;acompanhar
2235;27/10/2015 17:07;Ofner;Adriana;"Liguei e perguntei qual o melhor horário para falar com a Mariana. 
A atendendo muito grosseira disse que não tem horário."
1942;29/09/2015 20:15;Ofner;Adriana;Liguei e a mais uma vez a Mariana pediu para enviar e-mail.
1803;22/09/2015 17:14;Ofner;Adriana;Tentei contato hoje mais uma vez. A atendente disse que essa parte é apenas com a Mariana.
1891;21/09/2015 13:01;Ofner;Adriana;Liguei hoje cedo, a Mariana está ocupada. Pediu para enviar e-mail. Falei com Débora.
1877;17/09/2015 20:06;Ofner;Adriana;Liguei hoje a tarde. A atendente disse que a Mariana não pode atender, para enviar e-mail.
1820;15/09/2015 17:06;Ofner;Simone;retornar
1733;15/09/2015 15:51;Ofner;Adriana;Enviei e-mail para Mariana (compras), reforçando o meu contato e anexando o catálogo.
1730;15/09/2015 15:51;Ofner;Adriana;Liguei 2x hoje, mas a Mariana de compras estava ocupada.
1764;15/09/2015 14:57;Ofner;Simone;15.09 - cadastro
1454;14/07/2015 19:09;Oggi Sorvetes;Ivan;"Elizabeth é do controle de qualidade agora.

Ela estava em teste e a mayara pediu pra retornar amanha.

Encaminhei email de apresentação."
1208;24/06/2015 13:03;Oggi Sorvetes;Renan;ivan atualizar os dados das pessoas da empresa
771;25/05/2015 16:27;Oggi Sorvetes;Renan;Liguei la mas temos que esperar a Fabiana voltar de férias. Começo de Junho.
1743;01/09/2015 12:21;Ondina Alimentação;Flavio;Edna entrou de férias, retorno dia 15.09
1652;06/08/2015 19:17;Ondina Alimentação;Flavio;Com Edna
1301;02/07/2015 12:21;Ondina Alimentação;Flavio;Falei com a Edna 02.07 e informou que estão inaugurando em uma nova unidade, entao pediu para retornar ligaçao na semana que vem 08.07
1370;26/06/2015 13:25;Ondina Alimentação;Flavio;Ligar quinta 02/07
1940;06/10/2015 13:12;Palmali;Ivan;Acompanhamento da higienização essa  semana e após isso agendamento de teste.
1802;24/09/2015 14:05;Palmali;Ivan;Não é mais a Aline agora é o Claudio! Eles tem contrato até fim do ano.
1416;22/07/2015 19:31;Palmali;Ivan;Passar lá para ela nos conhecer para ela mudar de ideia
1475;22/07/2015 19:31;Palmali;Ivan;Aline nao está interessada em trocar de fornecedor agora.
1966;29/09/2015 18:57;Pandurata Alimentos (Bauducco);Victor;"Vai ver questões de reajuste com forecedor atual. Está em campanha de Panettone agora e não pode falar os fornecedores atuais.

Ligar daqui umas 3 semanas."
385;22/01/2015 12:39;Pandurata Alimentos (Bauducco);Victor;"O processo é todo feito por compras. Daniel disse que tem contrato fechado até o fim de 2015. Voltar a conversar em Setembro ou Outubro, para alinhar como vai fazer em Novembro ou Dezembro, que é quando o contrato termina.



Já comparou nossos valores com o do fornecedor atual, e disse que o nosso está mais caro."
293;13/01/2015 11:07;Pandurata Alimentos (Bauducco);Victor;"Cotação já enviada por e-mail.



Acompanhar."
269;12/01/2015 17:41;Pandurata Alimentos (Bauducco);Victor;Conversado com Nadia. Cotação já montada. Enviar por email.
241;27/11/2014 18:09;Pandurata Alimentos (Bauducco);Victor;Conversar com a Nadia do controle de qualidade.
2144;27/10/2015 11:24;Pão de Queijo do Maestro;Jessica;"ricardo.amorim@maestroprodalim.com.br
Encaminhar um email solicitando uma reunião com ele e a nutri."
2089;09/10/2015 17:37;Pão de Queijo do Maestro;Jessica;Estava em reunião, ligar daqui 1 hora.
1932;05/10/2015 17:18;Pão de Queijo do Maestro;Jessica;"Ricardo não pode atender.
Recepção anotou o meu número para ele retornar."
1862;23/09/2015 18:36;Pão de Queijo do Maestro;Jessica;Estava em reunião.
1896;23/09/2015 15:44;Pão de Queijo do Maestro;Jessica;Ligar depois das 14 hs para falar com Ricardo.
1846;17/09/2015 13:19;Pão de Queijo do Maestro;Victor;Jessica, se quiser, taca o pau. Qualquer coisa, me avisa. Esse é aquele que a gente visitou outro dia.
913;02/06/2015 20:10;Pão de Queijo do Maestro;Victor;Telefonista disse que ele pediu para ligar amanhã.
731;22/05/2015 19:08;Pão de Queijo do Maestro;Victor;Disse que vai retornar assim que possíve.
650;06/05/2015 12:05;Pão de Queijo do Maestro;Victor;Conversei com Ricardo pessoalmente, e hoje enviei e-mail cobrando os produtos utilizados.
405;02/03/2015 14:10;Pão de Queijo do Maestro;Victor;Precisa falar com a Claudia. Ligar terça-feira pela manhã.
290;08/01/2015 09:33;Pão de Queijo do Maestro;Victor;Alan pediu para ligar perto do fim do mês, porque ele quer encerrar contrato antes de testar outra empresa. Está bem satisfeito com a empresa atual.
226;25/11/2014 17:26;Pão de Queijo do Maestro;Victor;Conversei com Alan, que informou que tem contrato com uma empresa, e este encerra em 30 de Janeiro. Ligar antes para aprovar produtos e iniciar processo. FALAR COM CLAUDIA.
2610;04/10/2016 11:18;Pão de Queijo e Cia;Renan;"Entregue cartão nas mãos dos menino da qualidade que trabalha com a Karla que parece ser a gerente industrial e filha da dona 

producao@...."
742;21/05/2015 11:41;Pão de Queijo e Cia;Victor;Mais fácil encontrar Karla na sala no final da tarde. Tentar encontrá-la para agendar visita. Não tem respondido e-mail.
643;23/04/2015 13:30;Pão de Queijo e Cia;Victor;Enviado e-mail solicitando visita amanhã.
454;02/03/2015 17:57;Pão de Queijo e Cia;Victor;Pedi para Renan passar lá porque está foda. Fica em Americana.
470;04/02/2015 18:01;Pão de Queijo e Cia;Victor;Enviado e-mail novamente. Ficar em cima.
239;15/01/2015 10:19;Pão de Queijo e Cia;Victor;Mais fácil encontrar a Carla após as 16:00 hrs. Ligar.
178;18/11/2014 15:34;Pão de Queijo e Cia;Victor;"E-mail enviado para producao@paodequeijoecia.com.br perguntando o caminho para iniciarmos um trabalho.



Falar com Carla para companhar."
102;07/11/2014 18:34;Pão de Queijo e Cia;Victor;Tudo
1174;12/06/2015 19:09;Para Tudo Bebidas;Renan;enviado e-mail
768;21/05/2015 18:34;Para Tudo Bebidas;Renan;nao consegui falar com flavio ou fernanda
849;28/05/2015 16:58;Peixe Brasil;Renan;e-mail enviardo de apresentacao , indicacao do gust
2200;26/10/2015 16:08;Peralta Ambiental;Adriana;E-mail enviado ao Anderson, cobrando horário para uma visita.
2166;22/10/2015 14:41;Peralta Ambiental;Adriana;Anderson está em horário de almoço, ligar mais  tarde.
2196;21/10/2015 12:19;Peralta Ambiental;Adriana;Anderson não está na empresa hoje.
2072;09/10/2015 18:50;Peralta Ambiental;Adriana;Conversei com o Anderson por telefone, pediu para eu retornar a ligação semana que vem.
1939;02/10/2015 17:51;Peralta Ambiental;Adriana;"Conversei hoje com o Anderson. Pediu para eu retornar contato na 2a feira para agendarmos uma visita. 
Enviei e-mail reforçando com o nosso catálogo."
1971;02/10/2015 17:45;Peralta Ambiental;Adriana;Concorrente: ECO MAX
1163;12/06/2015 15:23;Peralta Ambiental;Adriana;Ligar para Anderson.
2473;17/02/2016 17:45;Peralta Ambiental Robson;Jessica;Aguardando tabela de preços e produtos.
2633;12/01/2022 14:05;Pgr - Abcp;Victor;"Foi um instalado diluidor e enviado o seguinte email a Sueli: “Sueli, coloquei aqui na ABCP um diluidor para o AB-AL, mas precisa furar a parede para fixar, e ele está apoiado nos que já estavam instalados. Quando o pessoal da manutenção vier, só precisa que fure a parede e fixe, coloque a etiqueta padrão (improvisei uma), e coloque um suporte para o AB-AL. Os outros produtos tem suporte. Caso tenha etiqueta atualizada dos outros produtos, já dá pra trocar na mesma manutenção.” A visita foi acompanhada pela colaboradora Axel.

Como foi a visita:

Email “Sueli, coloquei aqui na ABCP um diluidor para o AB-AL, mas precisa furar a parede para fixar, e ele está apoiado nos que já estavam instalados. Quando o pessoal da manutenção vier, só precisa que fure a parede e fixe, coloque a etiqueta padrão (improvisei uma), e coloque um suporte para o AB-AL. Os outros produtos tem suporte. Caso tenha etiqueta atualizada dos outros produtos, já dá pra trocar na mesma manutenção.”"
2635;18/01/2022 11:48;Pgr - Adiente;Victor;estava ocupada em reunião. Foi deixado na portaria.
1969;06/10/2015 13:08;Pic Nic;Ivan;Aguardando teste
1428;22/07/2015 17:57;Pif Paf (Patrocínio);Victor;"Mais info na Pif Paf Visconde do Rio Branco. 



Na última conversa em Maio ou Abril, estava aguardando novo gerente entrar."
2604;10/05/2016 18:46;Pif Paf (Visconde do Rio Branco);Victor;Visita agendada para 19/05 às 7:00 com Cassiana em Visconde do Rio Branco.
2625;27/04/2016 18:13;Pif Paf (Visconde do Rio Branco);Victor;Cassiana está respondendo auditoria. Só sexta-feira.
2532;29/02/2016 14:42;Pif Paf (Visconde do Rio Branco);Victor;Enviar e-mail para Cassiana uma semana antes de ir para Visconde do Rio Branco, e visitá-la. Ela estará disponível em Abril.
2485;05/02/2016 15:43;Pif Paf (Visconde do Rio Branco);Victor;"Não vão testar nenhuma empresa nesse semestre. A diretoria está com outras prioridades e não vão fechar com nenhuma empresa ainda, e nem testar a Tecpon que já estava agendada.

Conversar com CASSIANA no ramal da Dani, tentar agendar visita para mostrar tudo que a gente quer fazer."
2463;28/01/2016 18:47;Pif Paf (Visconde do Rio Branco);Victor;Parece que vão testar uma distribuidora da Tecpon antes, por decisão da diretoria. Ligar na sexta-feira que ela vai ter maiores informações.
2344;05/01/2016 14:28;Pif Paf (Visconde do Rio Branco);Victor;"Dani disse para ligar no fim do mês, pois o último teste terminou e eles estão colocando a fábrica nas condições que estavam antes dos testes.
Ligar para iniciar em Fevereiro."
2191;23/10/2015 15:45;Pif Paf (Visconde do Rio Branco);Victor;Enviado outro e-mail solicitando visita.
2073;13/10/2015 12:13;Pif Paf (Visconde do Rio Branco);Victor;"Dani foi atenciosa. Disse que está trabalhando bem essa parte de testar novos fornecedores. Pediu para enviar catálogo, que vai retornar pedindo uma data para visita.

Ficar em cima."
1982;30/09/2015 16:54;Pif Paf (Visconde do Rio Branco);Victor;Daniela não estava na mesa mais uma vez. Deixado recado.
1417;20/07/2015 13:12;Pif Paf (Visconde do Rio Branco);Victor;Acabei falando com a Ana Claudia. Fui até chato. Mandei e-mail e ela dia que ia passar recado para a Daniela.
1020;11/06/2015 13:16;Pif Paf (Visconde do Rio Branco);Victor;Daniela não está hoje. Só amanhã.
1007;05/06/2015 19:37;Pif Paf (Visconde do Rio Branco);Victor;Daniela não pôde atender o dia todo. Pediu para ligar depois.
936;28/05/2015 19:16;Pif Paf (Visconde do Rio Branco);Victor;Daniela anda enrolada o dia inteiro. Ligar amanhã.
762;22/05/2015 18:28;Pif Paf (Visconde do Rio Branco);Victor;Não podia atender no momento. Mandei e-mail.
716;20/05/2015 19:09;Pif Paf (Visconde do Rio Branco);Victor;"LIGAR SEM FALTA!!! Carlos Coelho disse que DANIELA da unidade de Visconde do Rio Branco (abate de aves) está fazendo teste de produtos. Ficar em cima!!! (32) 3559-1286.



Liguei na unidade e informaram que ela está em treinamento e volta sexta-feira. Ligar sexta sem falta!"
562;23/04/2015 12:09;Pif Paf (Visconde do Rio Branco);Victor;"Carlos Coelho está de férias desde o dia 04/04 (talvez volte semana que vem). Ana Claudia não está mais na unidade de Leopoldina.



Kharen estava na produção. Foi enviado e-mail tentando agendar visita."
340;04/02/2015 12:22;Pif Paf (Visconde do Rio Branco);Victor;Ir mantendo contato com Kharen para adiantar os testes para Maio.
375;04/02/2015 10:41;Pif Paf (Visconde do Rio Branco);Victor;Enviar email com catálogo para Kharen Fonseca. Contrato com empresa local termina em Maio. Ligar em Abril para ir aprovando os produtos.
312;22/01/2015 18:31;Pif Paf (Visconde do Rio Branco);Victor;Alexandre, que é o responsável por isso estava viajando hoje, e Ana Claudia não conseguiu ver. Entrar em contato cobrando amanhã se puder.
315;21/01/2015 13:34;Pif Paf (Visconde do Rio Branco);Victor;Ana Claudia disse que a pessoa responsável pelos produtos saiu da empresa e elaestá pegando agora. Entrar em contato para agendar visita e saber tudo.
366;20/01/2015 12:18;Pif Paf (Visconde do Rio Branco);Victor;Ligar amanhã e tentar falar com a Ana Claudia. Hoje é feriado.
336;19/01/2015 10:53;Pif Paf (Visconde do Rio Branco);Victor;Tentar falar com Barbara no número: (32) 3559-1286
347;19/01/2015 10:53;Pif Paf (Visconde do Rio Branco);Victor;Tentar falar com o responsável em Visconde do Rio Branco - MG, no número (32) 3559-1300
75;08/10/2014 19:34;Pif Paf (Visconde do Rio Branco);Victor;Ver info com renan
1225;24/06/2015 13:14;Pita Bread;Renan;conversei direto com a Renata e ela trabalha com ATL e Ecolab...nao receberam o catalogo que deixamos na portaria estou enviando um e-mail.
784;22/05/2015 20:05;Pita Bread;Renan;deixado catalogo
1543;30/07/2015 15:17;Pizzaria A Esperança;Jessica;"Leandro já colocou o produto dele. 

Conversar con o gerente Wallace"
2628;23/10/2017 10:46;Plastirrico;Renan;Visita 19/10. apresentado modelo de negócio e coletadas informações e amostras.
1861;25/09/2015 18:26;Ponto Chic;Jessica;Acabei de falar com Marcio, estava ocupado pediu para retornar mais tarde.
1734;14/09/2015 19:38;Ponto Chic;Jessica;Acabei de falar com o Marcio, vai dar uma olhada na cotação.
1634;26/08/2015 21:10;Ponto Chic;Jessica;Agendado reunião para sexta feira as 14:30.
2586;10/03/2016 18:35;Predilecta;Victor;Vai estar em semana de auditoria. Tentar passar na outra semana.
2341;21/01/2016 12:01;Predilecta;Victor;Enviado e-mail com apresentação. Tentar passar semana que vem. Lucely vai falar com Renato para ver se organiza teste.
2346;05/01/2016 14:34;Predilecta;Victor;Lucely volta de férias na semana que vem. Ligar de novo.
2173;26/10/2015 17:02;Predilecta;Victor;"Anaile pediu para enviar e-mail para Lucely para ver a soda.

Ficar em cima."
2123;21/10/2015 16:01;Predilecta;Victor;Renato pediu para conversar com a Anaile. Se os preços estiverem dentro, ela pedir para ele fazer os testes.
1906;30/09/2015 17:02;Predilecta;Victor;Renato Spedo está de férias e volta na semana do dia 12.
1885;17/09/2015 17:49;Predilecta;Victor;Sempre está na produção. Enviado e-mail.
1318;29/06/2015 20:43;Predilecta;Victor;Renato disse que a produção de molho de tomate inicia amanhã. Tavez no meio de Julho já esteja tudo estabilizado para podermos agendar os testes.
1057;11/06/2015 14:09;Predilecta;Victor;Não estava na sala. Deixei recado. Ligar mais tarde mesmo assim.
921;02/06/2015 12:04;Predilecta;Victor;Enviado e-mail para Renato, para ver se conseguimos programar os testes.
776;14/05/2015 14:15;Predilecta;Victor;Já foi enviado tudo. Só no aguardo da confirmação da data para os testes.
647;06/05/2015 12:03;Predilecta;Victor;Enviado e-mail pergutando consumo aproximado dos produtos.
644;27/04/2015 11:40;Predilecta;Victor;Marquei visita, e agora vai começar a alinhar. Vai passar todos os produtos que usam e agendar teste.
600;24/03/2015 13:57;Predilecta;Victor;Ainda não passou o consumo, está enrolada. Disse que vai passar e tentaremos marcar uma visita.
410;03/03/2015 14:55;Predilecta;Victor;Ligar amanhã para confirmar a visita na quinta-feira cedo.
438;02/03/2015 14:58;Predilecta;Victor;Anaille vai passar os produtos que usam e quantidades para eu ver se a gente consegue atendê-los.
388;03/02/2015 16:56;Predilecta;Victor;"Compravam da New Drop, mas estão em redução de custos, e estão comprando quinzenalmente por uma empresa de Matão, para atingir o pedido mínimo.



Enviei e-mail com catálogo, e já havia deixado caderno e cartão na portaria. Agendar visita para a semana que vem."
2571;17/03/2016 13:05;Pro Nutri Refeições;Jessica;Reunião Pro Nutri 16 hs.
2592;24/02/2016 17:26;Pro Nutri Refeições;Jessica;Reunião
2446;17/02/2016 13:58;Pro Nutri Refeições;Jessica;Reunião agendada para 07-03 as 16:00 hs
2437;01/02/2016 12:47;Pro Nutri Refeições;Jessica;falei com a Eliane, pediu para retornar sexta para agendarmos uma reunião na proxima semana.
2442;26/01/2016 16:46;Pro Nutri Refeições;Jessica;Eliane estava em reunião, retornar daqui 20 minutos.
2336;11/01/2016 17:21;Pro Nutri Refeições;Jessica;Contato salvo, liguei para Eliane só caixa postal
2378;11/01/2016 17:15;Pro Nutri Refeições;Jessica;"Falei com o Neres, ele se desligou da Empresa, porém irá nos dar uma força.
Vai me mandar o contato da Eliane Mondim, que está responsável agora.
E sobre Catalão vai passar um contato tbm, para o andamento ser mais rápido."
2141;27/10/2015 12:41;Pro Nutri Refeições;Jessica;"conversei com a Michelli.

Em dezembro vamos iniciar os testes em duas cozinhas em SP.

Ela ira passar o consumo para o Renan e pediu para ligar pra ela no final de novembro para dar continuidade aos testes."
1545;24/07/2015 12:59;Pro Nutri Refeições;Jessica;"Cliente gostou muito da reunião. 

Já agendou para iniciar testes."
1438;22/07/2015 20:28;Pro Nutri Refeições;Jessica;Reunião as 8 hs da manhã
1391;06/07/2015 18:15;Pro Nutri Refeições;Jessica;Enviado catálogo novamente
1399;06/07/2015 17:39;Pro Nutri Refeições;Jessica;Liguei para o Roberto, pediu para enviar um catálogo novamente.
2090;07/10/2015 19:50;Propolis MN;Simone;07.10 - enviado apresentacao no e-mail da Camila
1874;16/09/2015 19:56;Prov Chips;Jessica;"60 litros de neutro
20 litros de cloro."
1845;16/09/2015 19:55;Prov Chips;Jessica;provchips.daniela@gmail.com
869;27/05/2015 19:09;Prov Chips;Jessica;Estou aguardando uma resposta.
1899;22/09/2015 17:43;Qualichef Alimentos;Adriana;Liguei algumas vezes e só chama. Visitar.
1926;02/10/2015 18:56;Quality Hotel Saint Paul;Alexandre Malhado;Visita realizada com sucesso. A empresa é muito grande. Só nessa unidade o hotel possui 96 quartos e lavanderia própria. Já passei o CNPJ para a Simone e a empresa está aprovada. Na parte de lavanderia o hotel gasta de 10 a 12 mil reais por mês. Vou mandar umas amostras para a parte da cozinha e dos quartos. Na parte de lavanderia ela irá abir para cotação somente em janeiro de 2016.
1865;24/09/2015 01:46;Quality Hotel Saint Paul;Alexandre Malhado;Contato realizado via telefone com a Senhora Rose. Visita agendada para o dia 02 de Outubro as 9 horas.
818;27/05/2015 11:55;Quatá Alimentos;Victor;Renan vai pegar com o viadinho do Paraná os preços que estão pagando.
787;21/05/2015 17:30;Quatá Alimentos;Victor;Cotação enviada. Acompanhar para dar andamento.
793;20/05/2015 19:35;Quatá Alimentos;Victor;Conversado com Robert por telefone. Parece que tem interesse. Pediu para enviar cotação. Solicitei por email os produtos e consumo.
582;13/03/2015 18:38;Quatá Alimentos;Victor;Visitar Robert quando estiver por Presidente Prudente visitando Hinomoto, Bon Mart e empresas de Marília. Ligar para combinar certinho.
554;10/03/2015 14:16;Quatá Alimentos;Victor;teodoro sampaio - (18) 3282-1214 - Robert
579;10/03/2015 14:01;Quatá Alimentos;Victor;Tentar falar com Robert.
1069;11/06/2015 14:19;Queensberry;Renan;conversei com o henrique, estava em Minas em um produtor de morango, disse que ja passou para compras e vai me retornar.
706;21/05/2015 13:22;Queensberry;Renan;"Conheci o Henrique Gerente Industrial na feira, gente boa ! visitei a empresa na semana passada e ja enviei cotacao; acompanhar"
1130;12/06/2015 18:56;Queijos Bandeira;Jessica;Conversei com o Daniel, ele trabalha com a Nippon e Sevengel. Irá receber, ligar para ele segunda para confirmar o dia e horário.
1125;12/06/2015 18:54;Queijos Bandeira;Jessica;Compras@queijosbandeira.com.br
1139;12/06/2015 18:49;Queijos Bandeira;Jessica;35 99558613
1195;12/06/2015 14:36;Queijos Bandeira;Jessica;"Falei por telefone com a Alana, pediu para retornar às 14;30 hoje para falar com Daniel."
1796;03/09/2015 15:03;Queijos Regina;Adriana;"A Adriana Goto conversou com Stephanie, neta da dona do Queijos Regina.

Disse que vai consultar com quem podemos falar."
1746;01/09/2015 18:50;Queijos Regina;Adriana;"A Raquel respondeu o e-mail dizendo que não tem interesse e nem oportunidade para testes no momento.

Trabalham há 10 anos com o mesmo fornecedor, com equipamentos de dosagem e assistência técnica permanente em suas unidades."
1749;01/09/2015 18:15;Queijos Regina;Adriana;"Conversei com a Flaviana, informou que a Raquel está na empresa, mas em outro setor.

Para tentar contato outra vez. Enviei e-mail."
1338;30/06/2015 20:28;Queijos Regina;Adriana;"Conversei com a Raquel por telefone. 

Catálogo de apresentação enviado hoje por e-mail.

Concorrente: Kalykim"
1284;24/06/2015 12:59;Queijos Regina;Renan;Jessica e Adriana acompanhar o cliente, ivan ja mandou apresentacao pedir para ele enviar o e-mail a voces
1085;11/06/2015 15:13;Queijos Regina;Renan;ivan falou com uma pessoa que nao lembra o nome e disse que o email de apresentacao foi enviado para Raquel
1363;01/07/2015 20:39;Queijos Scala;Jessica;Liguei só chamou!!!
1397;30/06/2015 21:05;Queijos Scala;Adriana;"Enviei e-mail de apresentação para o Cleidomar (qualidade).

Ligar."
1352;30/06/2015 20:58;Queijos Scala;Adriana;Concorrente: Ecolab
2243;04/11/2015 23:35;Quinta do Marques e Rede de Padarias La Ville;João Maffei;Tenho um bom relacionamento com o Marcelo, vou entrar em contato novamente amanhã dia 05.11
2500;27/01/2016 22:50;Raiola;Adriana;Ligar!!!!
2319;18/01/2016 18:15;Raiola;Adriana;Renan tentou contato na semana do natal.
390;16/01/2015 12:56;Raiola;Renan;16/01/2015 Nancy solicitou cotacao por e-mail alcool gel / sabonete liquido / detergente neutro / detergente alcalino
248;15/01/2015 15:01;Raiola;Renan;visita marcada 19/01
1647;10/08/2015 19:58;Rascal;Renan;Conversei com a Luciana hoje e ela é diretora de operacoes , esta na empresa a 21 anos , trabalhou desde a epoca que o Viana era do grupo rascal e foi vendido para o IMC, disse que o Daniel Alegro, diretor de suprimentos tambem tem que participar das conversas.
1055;11/06/2015 18:38;Rascal;Renan;falei com a patricia ela disse para alinhar com a Luciana diretora de operacoes
1022;11/06/2015 18:38;Rascal;Renan;"07/10/2014 Enviado apresentacao a Compras... eliane e thamires

12/12 visitei para deixar catalogo

Janeiro falaram para conversar com a Patricia da Qualidade

Patricia disse para esperar até Julho

Fevereiro, conversei com o Rodney do BB ele disse que conversou com patricia"
216;15/01/2015 16:45;Rascal;Renan;agendar reuniao com a Patricia da Qualidade
2634;15/01/2022 13:37;Rascal Market Place;Victor;"Enviado seguinte email à Simone: 
“No Rascal Market Place eles precisam do seguinte:
- 2 diluidores para a parte de cima do restaurante
- bomba de galão para eles usarem no alcool gel (4) e detergente diluído
- Adesivos com nome dos produtos
- Amostra do Pro HS para substituirem candida

De resto, está tudo ok. “"
391;16/01/2015 10:39;Rb Garca Alimentos;Renan;16/01/2015 enviado catalogo por e-mail para Aline ( qualidade) qualidade@rbalimentos.com.br
2544;08/03/2016 18:09;Reação Brasil / Uniflavors;Renan;"08.03.2016 - prospectado, porém Igor somente amanhã retornar, já enviado apresentação por e-mail
igor.simoes@reacaobrasil.com.br"
797;19/05/2015 20:36;Real Lacto;Renan;"Entregamos catalogo a 3 meses

ivan foi la a dois meses"
1496;22/07/2015 19:55;Real Latco;Ivan;Quem toma conta dos produtos é o Gustavo e a Glaucie. Eles estão na fabrica agora e a Valdenize disse para mandar um email para eles que ela vai avisar e amanha ligar para agendar um dia para passarmos la na semana que vem
1026;08/06/2015 19:38;Real Latco;Ivan;Ligar de novo.
1083;08/06/2015 19:37;Real Latco;Ivan;Ligar amanhã no período da manhã.
2257;04/11/2015 23:23;Rede Graal / Restaurante américa / Barbacoa;João Maffei;"Entrei em contato hoje com o Evaristo, pediu para retornar no dia 12/11 para marcarmos reunião. Enviamos apresentação da empresa via e mail.

Irei retornar na data combinada."
2260;17/11/2015 18:21;Rede OBA;Adriana;"A Elcilene pediu para voltar a ligar semana que vem para agendarmos uma visita.
Hoje eles compram da Ecolab."
2290;17/11/2015 18:12;Rede OBA;Adriana;"A Elcilene pediu para voltar a ligar semana que vem para agendarmos uma visita.
Hoje eles compram da Ecolab."
2211;17/11/2015 00:28;Rede OBA;Adriana;Enviei e-mail hoje com o catálogo reforçando minha visita.
2219;17/11/2015 00:23;Rede OBA;Adriana;Visitei dia 12/11. Não fui atendida.
2556;03/03/2016 17:19;Refrix;Jessica;falei com o leandro, pediu para falar com o Isaac para dar seguimento.
2546;29/02/2016 17:49;Refrix;Jessica;documentado um email semana passada.
2393;11/01/2016 16:03;Refrix;Jessica;Tentei falar com o Isaac e com o Leandro, mas eles não estavam na sala.
2273;29/10/2015 12:52;Refrix;Jessica;"Falei com o Isaac, solicitou uma carta com os principais clientes que atendemos hoje.
Disse que irá conversar com o Leandro para ficar a frente do projeto com a gente.
Fernanda irá encaminhar um  e-mail hoje."
1870;23/09/2015 19:44;Refrix;Jessica;"Reunião agendada para o dia 14 de outubro as 11:00 hs.
Com Leandro gerente qualidade.
Trabalha com a Mundial Química."
1897;16/09/2015 19:35;Refrix;Jessica;"Viviane pediu para falar com Leandro - gerente da Qualidade.
leandro.sposito@refrix.com.br"
1636;20/08/2015 16:33;Refrix;Jessica;Pediu para enviar email novamente.
1648;11/08/2015 19:13;Refrix;Jessica;"Disse para enviar email que ela retornara com os intens que ela utiliza.

Enviado hoje,"
1603;11/08/2015 19:10;Refrix;Jessica;"almedi mundial 

acido peracetico

lubrificante de esteira

limpeza de piso

sabonete bactericida.



viviane@refrix.com.br"
1595;04/08/2015 18:08;Refrix;Jessica;Tentei contato 2 vezes hoje com a Viviane.
1270;24/06/2015 14:23;Refrix;Jessica;"Liguei falei com Isaac, pediu para falar com Jefferson suprimentos. 
Viviane está no lugar dele, mas está em reunião."
1197;12/06/2015 13:25;Refrix;Jessica;Enviei apresentação para Isaac
2630;02/09/2016 17:27;Renome Refeições;Flavio;Inaugurou nova unidade no mes de agosto. Retornar ligacao 08.09 testarmos com Sidneu comprador
1306;26/06/2015 14:11;Renome Refeições;Flavio;Contrato encerrará em Agosto
1616;06/08/2015 13:57;Restaurante 348;Ivan;Liguei para a Patrícia, máquina aprovada, está tudo certo e ela está esperando o Jair voltar de férias
1456;14/07/2015 18:40;Restaurante 348;Ivan;"Teste com a máquina aprovado. Marcelo gerente do período da manhã gostou muito, disse que em 30 min + vap já resolve. 

Continuar acompanhando e testar o AB AL 700 e o 5000 CL no piso dos banheiros."
1419;13/07/2015 17:12;Restaurante 348;Renan;Kimi Energy instalada com o produto Kimi Karb e Sr. Jair solicitou amostras para limpar os pisos do banheiro...foi solicitado AB-AL 700 e 5000 CL
1099;11/06/2015 17:22;Restaurante 348;Renan;Ja foi enviado cotacao, a Kimi Karb chegou hoje e vamos programar a instalacao para o dia 15.
297;15/01/2015 11:52;Restaurante 348;Renan;Conversado com o Jair no dia 15/01 ligar dia 19/01 para reuniao
1675;10/08/2015 19:38;Risk Alimentos;Jessica;deixei hs para teste no esgoto
1303;03/07/2015 21:26;Risk Alimentos;Jessica;Cliente fez pedido!!!
1033;03/06/2015 19:49;Risk Alimentos;Jessica;Foi deixado amostra, próximo passo ligar.
995;03/06/2015 19:49;Risk Alimentos;Jessica;Ligar para Nubia, saber sobre produtos deixado para teste.
865;27/05/2015 19:56;Risk Alimentos;Jessica;Ligar para Juliana, enviado e-mail.
2636;11/05/2022 17:15;Rocha Pan;Victor;Luciana está em um tempo corrido e disse que final do ano é mais tranquilo para homologar produtos. Ligar perto de Setembro / Outubro.
2637;11/05/2022 15:33;Rocha Pan;Victor;"""Bete não se encontra na empresa"". Luciana está em horário de almoço."
2030;07/10/2015 13:55;Rocha Pan;Victor;Luciana disse que conversou com a Bete, e elas não vão mexer nisso no momento. Falei que vou ligar mês que vem, para ir abrindo uma brexa até ter a oportunidade.
988;03/06/2015 14:06;Rocha Pan;Victor;Luciana está correndo porque vai entrar de férias por 10 dias na semana que vem. Dia 22/06 vai estar de volta. Pediu para eu ligar no dia 26 para a gente agendar uma visita.
821;26/05/2015 19:56;Rocha Pan;Renan;Luciana recebeu o e-mail mas esta corrida, ligar na proxima semana
705;22/05/2015 18:57;Rocha Pan;Renan;Falei com a Luciana engenheria de alimentos , parece que vai resolver algo, mandei apresentacao por email.
604;14/05/2015 13:51;Rocha Pan;Victor;Foi passado o contato de novo, disse que vai falar com a nutricionista.
469;02/03/2015 18:58;Rocha Pan;Victor;"Vai fazer pedido amanhã.
Renan ficou de passar lá hj (09/03)"
479;11/02/2015 22:48;Rocha Pan;Victor;Simone vai falar com a Bete.
415;05/02/2015 17:57;Rocha Pan;Victor;"Simone disse que iam fazer o pedido, mas não conseguiram falar comigo.



Simone vai falar com a Bete amanhã, dia 06/02."
314;22/01/2015 16:01;Rocha Pan;Victor;Não foi trabalhar hoje. Ligar amanhã.
289;13/01/2015 11:01;Rocha Pan;Victor;E-mail enviado com catálogo e valores, solicitando agendamento de visita. Acompanhar.
147;13/11/2014 18:35;Rocha Pan;Victor;Disse que fim de ano é muito corrido e ela não vai conseguir dar ateção. Pediu para visitar dia 13/01, pois na primeira semana de janeiro ela vai estar de férias. Ligar um dia antes para confirmar.
18;09/10/2014 17:16;Rocha Pan;Victor;"Deixou agendado visita para Sexta-Feira (14/11/2014) depois das 16:00. Ligar agora na quinta para confirmar. (Vendi uma puta idéia para ela em 03/11)

 / Ver se recebeu e-mail. Ligar para manter contato"
1967;06/10/2015 14:32;Ryco Alimentos;Victor;Dar uma passada na Ryco só pra fidelizar.
1322;03/07/2015 12:47;Ryco Alimentos;Victor;Evanildo disse que estão testando, e parece que vai virar. Ligar quarta-feira para reforçar.
908;03/06/2015 13:34;Ryco Alimentos;Victor;Enviado cotação.
945;03/06/2015 11:39;Ryco Alimentos;Victor;Evanildo disse que foi bom que eu liguei hoje, que ele tem uma reunião com o pessoal da qualidade e vai levantar esta questão. Vai passar os produtos da Ecolab por e-mail, para eu passar os equivalentes.
803;26/05/2015 14:08;Ryco Alimentos;Victor;Passei na empresa, evanildo estava em uma reuniao e não pode receber o catalogo em maos.
613;12/05/2015 03:57;Ryco Alimentos;Victor;Passar para a Jéssica.
544;13/03/2015 11:57;Ryco Alimentos;Victor;Novamente enviado e-mail para Evanildo. Cobrar resposta.
311;04/02/2015 12:58;Ryco Alimentos;Victor;E-mail enviado para Evanildo, que voltou para empresa, e não é mais Luis. Trabalham com a Ecolab. Ficou de passar por e-mail os produtos que usam da Ecolab.
112;24/11/2014 16:54;Ryco Alimentos;Victor;Luis encaminhou catálogo para a Téc. de Segurança de alimentos e ainda não teve resposta. Disse que quando tiver cotação de produtos vai falar com a gente, mas deixou aberto a um agendamento de visita. Ligar quando puder visitar.
144;14/11/2014 18:13;Ryco Alimentos;Victor;Consegui conversar com Luis (Compras). Manter contato. Foi enviado e-mail com catálogo. Pediu para ligar segunda-feira. Acompanhar.
2;09/10/2014 17:01;Ryco Alimentos;Victor;Simone enviou e-mail para tentar entrar em contato com Marcia ou Kian. Ir tentando!
1127;12/06/2015 15:45;Sabor e Minas Pão de Queijo;Adriana;Ligar para Mario.
2122;27/10/2015 11:46;Saborama Bebidas;Jessica;"Falei com o Stefano, ele quer o desconto na nota do ICMS.
Conversei muito a respeito, falei sobre a redução que podemos fazer, mas segundo ele o que interessa é ter esse desconto na nota ou desconto nos produtos.
Falar com o Renan o que podemos fazer."
1236;24/06/2015 20:11;Saborama Bebidas;Jessica;Falei com Stefano, não precisa de nada por enquanto
841;27/05/2015 19:14;Saborama Bebidas;Jessica;Levado teste, aguardando resposta.
1032;11/06/2015 18:29;Saint Luiger Sorvetes;Renan;fui la a dois meses, Andreia foi receptiva, ia sair de ferias coletivas, liguei hoje mas nao atenderam, mandei email
280;15/01/2015 16:15;Saint Luiger Sorvetes;Renan;E-mail enviado 14/01, Andrea retorna no dia 19/01/2015
2193;23/10/2015 16:12;Saint Peter Hotel;Alexandre Malhado;Produtos testados e aprovados. Dona Cida (governanta) irá falar com a gerente para saber se pode comprar produtos de outra empresa. Entrarei em contato na próxima teça-feira (27-10-15).
2184;21/10/2015 20:58;Saint Peter Hotel;Alexandre Malhado;"Produtos deixados para testes: 
• Neuter Ultra
• Pro Alkim
• PK Rinse
• Pro Há 3000 CL
Nesse provavél cliente eu consegui acompanhar os testes. Em um primeiro momento, aparentemente, os produtos foram aprovados. Irei passar amanhã (22-10-15) às 9 horas para conversar com a Dona Cida (Governanta) para saber a resposta definitiva."
1931;29/09/2015 21:08;Saint Peter Hotel;Alexandre Malhado;Visita realizada com sucesso. Atualmente a empresa compra os produtos de limpeza da Ecolab. Gasta em torno de R$ 1000,00. Os produtos utilizados pelo hotel são: Detergente Neutro / Detergente Máquina de Lacar Louça / Secante para Máquina de Lavar Louça / Desincrustante / Desengordurante / Detergente para Banheiros / Antitabaco.
812;28/05/2015 12:59;SAJ;Renan;Liguei para a Emanuelle agora mas nao me atendeu
805;28/05/2015 12:07;SAJ;Ivan;O Renan passou por lá faz 2 semanas. A Manuelle está na correria, passar lá.
1425;20/07/2015 13:14;Sakura Alimentos;Renan;"enviado e-mail de cotacao para Daniela e Akira ; daniela esta na unidade de GO se alguem for para la visitar."
998;03/06/2015 19:20;Sakura Alimentos;Renan;falei com akira hoje, o mesmo me passou o celular e pediu para ligar no dia 12 para agendarmos
667;13/05/2015 19:50;Sakura Alimentos;Renan;"15 Agosto 2014 - conversado pediu apresentacao

15 Agosto de 2014 - apresentacao enviada

4/ 5 retornei conforme converado porem nao cosegui

1 de Maio - fui APAS e peguei o contato do Akira chefe da Daniela

falei com Akira, retornar no fim do mes para marcar reuniao

compram da LARKIN a 14 anos"
473;03/03/2015 12:06;Salgadinhos Fabitos;Victor;Enviado e-mail solicitando visita.
186;07/11/2014 18:50;Salgadinhos Fabitos;Victor;Laura - Qualidade
1904;06/10/2015 13:42;Salute;Victor;Regiane de compras está de férias. Ligar semana que vem.
1398;29/06/2015 20:42;Salute;Victor;"Entreguei catálogo em mãos. O processo é iniciado por compras e a pessoa de compras estava em fechamento de mês e não pôde me receber.



Ligar depois."
840;27/05/2015 20:26;Salute;Victor;Lucia chegou há pouco na empresa e não conhece o processo direito. Vai verificar e avisar. Tentar passar na sexta-feira quando estiver na estrada.
2530;11/03/2016 17:30;Salute São Carlos;Alexandre Malhado;Regiane ainda encontra-se afastada. Previsão de retorno apenas em maio.
2511;29/02/2016 18:42;Salute São Carlos;Alexandre Malhado;Regiane ainda se encontra afastada. Não responde aos e-mails. A atendente relatou que não ficou ninguém ocupando a vaga da Regiane.
2462;05/02/2016 14:51;Salute São Carlos;Alexandre Malhado;Fui informado novamente que a Regiane ainda não voltou do afastamento, porém está atendendo pelo e-mail (compras@salute.com.br). Entrei em contato pelo e-mail e estou aguardando a resposta.
2364;21/01/2016 11:41;Salute São Carlos;Alexandre Malhado;Fui informado que a Regiane ainda não voltou do afastamento, porém está atendendo pelo e-mail (compras@salute.com.br). Entrei em contato pelo e-mail e estou aguardando a resposta.
2384;07/01/2016 10:53;Salute São Carlos;Alexandre Malhado;"Passei na empresa dia 06-01-2016 para deixar a agenda de lembrança para a Regiane do setor de compras. A mesma está afastada e provavelmente voltará após o dia 14-01-2016. 
Obs: Lúcia do setor de qualidade não está mais trabalhando na empresa."
1277;24/06/2015 20:14;Sandeleh;Jessica;Liguei só chama
2469;22/02/2016 12:59;Santa Casa de Auriflama;Alexandre Malhado;Mirian relatou que a Santa Casa ainda continua com dificuldades e no momento não estão comprando de fornecedores.
2101;27/10/2015 15:29;Santa Casa de Auriflama;Alexandre Malhado;Contato realizado com Miriam (responsável por compras). Ela relatou que no momento a Santa Casa está passando por um momento delicado e não está comprando produtos de limpeza de nenhuma grande empresa.  Foi muito atenciosa, mas pediu para retornar o contato no começo de dezembro.
2255;13/11/2015 16:09;Santa Casa de Misericórdia de Santa Adélia;Alexandre Malhado;Não é necessário agendar horário. Os atendimentos são feitos de segunda a quinta-feira das 8 ao meio dia e das 13 às 17 horas.
1017;03/06/2015 19:58;Santa Casa e Unimed Limeira;Victor;Enviado e-mail perguntando quando poderia passar por lá para alinhar processo dos testes.
790;20/05/2015 19:52;Santa Casa e Unimed Limeira;Victor;Enviado e-mail dizendo que faremos a R$ 0,21 por kg de roupa. Ver se já trocaram as máquinas e tentar agendar para iniciar.
603;13/05/2015 18:54;Santa Casa e Unimed Limeira;Victor;Enviei e-mail.
640;23/04/2015 12:35;Santa Casa e Unimed Limeira;Victor;Enviado e-mail para Liege solicitando nomes dos produtos utilizados na higiene geral e cozinha. Pedi também data para teste na lavanderia.
575;06/04/2015 13:50;Santa Casa e Unimed Limeira;Victor;Marcando visita para amanhã.
539;24/03/2015 14:29;Santa Casa e Unimed Limeira;Victor;A responsável na Santa Casa é Mariana. Ligar no (19) 3446-6100
334;22/01/2015 13:03;Santa Casa e Unimed Limeira;Victor;"Marilene vai voltar das férias em Fevereiro.



Ligar e ver se pegou o contato das pessoas responsáveis."
509;24/03/2015 17:03;Santa Cruz;Victor;Foi enviado novo email, pois telefone só chama.
321;03/02/2015 18:24;Santa Cruz;Victor;Enviado e-mail para Marco Aurélio. Eles não estão sendo bem atendidos.
2585;25/02/2016 15:17;Santa Helena;Victor;Regina foi simpática, estão na correria da implantação do SAP, vão estar na correria no meio do ano porque vem a safra de amendoim, mas mesmo assim pediu para ligar em Maio.
1956;29/09/2015 11:49;Santa Helena;Victor;"Regina não está mexendo em nada no momento, pois haverá uma mudança grande na empresa para 2016. Ela não vai mexer em nada até o meio de 2016.

Vai ter uma auditoria agora em Outubro. Disse para ligar ano que vem :/."
682;12/05/2015 13:24;Santa Helena;Victor;Regina informou que vai poder testar só em Agosto, pois agora está em época de alta produção.
690;27/04/2015 11:37;Santa Helena;Victor;Regina disse que Michele não passou nada para ela, mas disse que vai ver, e pediu para eu retornar mais para o meio da semana.
693;23/04/2015 19:55;Santa Helena;Victor;Michele disse para tratar direto com a Regina.
590;24/03/2015 12:19;Santa Helena;Victor;Michele disse que Regina estava em um treinamento semana passada, que termina quarta-feira (25/03), e é melhor ligar mais para o fim da semana.
580;11/03/2015 18:58;Santa Helena;Victor;Michele vai falar com Regina entre amanhã e sexta-feira. Ligar na semana que vem.
466;09/03/2015 00:21;Santa Helena;Victor;Michele Costa disse que vai colocar Regina no circuito para fazermos teste. Cobrar Michele e Regina.
474;02/03/2015 19:23;Santa Helena;Victor;"Conversado com Regina novamente e tudo tem que ser pela Michele Costa no ramal 1185 antes de qualquer coisa. Depois a Regina entra no circuito.



Agendado visita com a Michele Costa na quinta-feira. Michele está passando algumas coisas para Fran, que acabou de entrar na empresa.



VISITAR CEDO!"
282;25/11/2014 16:08;Santa Helena;Victor;Conversado com a Regina (Qualidade) em 25/11, e foi informado que só vão ver as questões sobre produtos  químicos em Março de 2015. Disse que deve-se entrar em contato com Michele Costa antes de tudo, e a própria Michele a envolverá na situação em determinados momentos.
1422;15/07/2015 20:17;Santa Helena Refeições;Jessica;telefone só chama...não consigo fazer contato de jeito nenhum
1210;24/06/2015 21:05;Santa Helena Refeições;Jessica;Narrima.
879;27/05/2015 19:02;Santa Helena Refeições;Jessica;Procurar o telefone e um contato urgente
2239;17/11/2015 18:35;São João Alimentos;Adriana;Conversei hoje com o Renato por e-mail. Ele pediu para reencaminhar o catálogo dos produtos. E disse que pode me atender semana que vem.
2226;09/11/2015 18:05;São João Alimentos;Adriana;"Liguei. Renato de compras não pode atender.
Enviei em seguida reforçando meu contato."
704;19/05/2015 20:53;Sao Leopoldo Laticinio;Renan;levar proposta
1561;04/08/2015 17:53;Sassa Sushi Mor;Jessica;Liguei Renata não estava.
1507;30/07/2015 14:58;Sassa Sushi Mor;Jessica;"Conversei na recepção e me informaram que não estão mais comprando com a gente.

A Renata compradora não estava, ligar para ela a tarde."
1540;30/07/2015 14:54;Sassa Sushi Mor;Jessica;Renata
1922;29/09/2015 19:46;Satsumaya;Jessica;"Jeferson retorna das férias dia 15/10.
Fernanda Gomes"
1882;16/09/2015 19:16;Satsumaya;Jessica;"Disse que a produção está parada e no momento não estão fazendo cotação.
Jeferson está de férias."
1732;28/08/2015 14:55;Satsumaya;Jessica;Segunda feira irá dar uma resposta sobre os produtos o que tem e o que não tem no estoque, para podermos dar seuqencia a negociação.
1604;10/08/2015 16:59;Satsumaya;Jessica;"liguei para o Jefferson, tem produtos ate a proxima semana

Na outra semana enviar um email cobrando o pedido."
1307;03/07/2015 21:26;Satsumaya;Jessica;"Liguei para o Jeferson, testou alguns produtos e aprovou, aguardando para testar o restante.

Pediu para retornar semana que vem!!!!!"
1248;24/06/2015 20:03;Satsumaya;Jessica;Deixei amostras com Jefferson. Pediu para enviar uma cotação.
1240;23/06/2015 16:56;Satsumaya;Jessica;Felipe saiu da empresa, falei com Jefferson pediu amostras. Levarei amanhã
856;27/05/2015 19:06;Satsumaya;Jessica;Conversei com o Felipe, ele retornou do hospital pediu para esperar um pouco.
1659;20/08/2015 18:15;SBR;Sueli;20/08 Renan mandou catalogo via email
1765;10/09/2015 18:32;Selmi;Simone;10/09/2015 - Jackson e Aguinaldo fizeram testes, foi solicitado mais amostra do pac / klinbe / pro ha alc - Jackson retira hj
1777;04/09/2015 11:17;Selmi;Simone;Eu Simone Conversei com Isaias, deu oportunidade para teste ,Jackson e Aguinaldo foram lá, e vamos testar já foi retirado amostra, para teste na fábrica de macarrão
1668;21/08/2015 18:36;Selmi;Simone;21/08/2015 Eu Simone consegui o nome da pessoa responsável na parte de higienização da fábrica - Mayara enviado apresentação por e-mail
349;22/01/2015 12:03;Senac;Victor;Pegar novamente nome da pessoa e reiniciar processo todo.
255;25/11/2014 17:05;Senac;Victor;E-mail enviado. Acompanhar.
189;07/11/2014 18:34;Senac;Victor;Amostras já solicitadas. Marcar teste.
928;27/05/2015 18:14;serramar laticínios;Willian;enviou e mail de apresentação
2221;04/11/2015 23:26;Seta Supermercados;João Maffei;Apresentamos a empresa, o Tihago vai verificar diante a diretoria e nos retornar, São 30 Lojas, mandamos o Catalogo e iremos nos falar na próxima semana.
2041;07/10/2015 19:38;Shefa Alimentos;Victor;Renan disse que ela pediu para retornar em Dezembro.
1244;24/06/2015 13:38;Shefa Alimentos;Renan;encaminhado outro e-mail para jaqueline só para documentar se estava precisando de algo
725;26/05/2015 13:34;Shefa Alimentos;Renan;Jaqueline compra da Kalykim e Diversey, esta tranquila até o fim do ano.
676;04/05/2015 17:25;Si Senor;Renan;"Ja temos o produto PRO BAC AL homologado

esta comprando da ELFEN e da Ecolab"
364;20/01/2015 10:35;Skimoni Sorvetes;Renan;E-mail encaminhado para Moira no dia 9/1/15 , passar la 21/01/15 para deixar brinde
2230;29/10/2015 11:19;Sky asia Belo Horizonte. Shopping Diamond;Jessica;vanessa   01531 98245 1125
1602;14/08/2015 12:19;Sky asia Belo Horizonte. Shopping Diamond;Jessica;"2 saboneteiras enviar fichas tecnicas para nutri, enviar galoes de 5 litros vazio com valvula 

instalado diluidor, dosador, adesivado e efetuado o treinamento. scanear para nutri. documentacao do treinamento."
1662;14/08/2015 14:27;Sky Asia Contagem;Jessica;Trocado dosador que estava queimado, e diluidor que nao estava funcionando. loja adesivada, colado guia, deixado produto. Treinamento feito, documentado.
1569;23/07/2015 19:55;Sky Asia Gran Plaza;Jessica;Treinamento agendado.
1531;23/07/2015 19:54;Sky Asia Gran Plaza;Jessica;"Falei com a Geane, precisa de 5 borrifadores.

Etiquetas para borrifadores."
2279;13/11/2015 16:53;Sky Asia Shooping Bourbon;Jessica;"Ate hoje não foi feito manutenção, gerente está nervosa.
Solicitei mais de dez vezes e nada. Precisa trocar um diluidor e uma saboneteira"
1539;28/07/2015 20:28;Sky Asia Shooping Bourbon;Jessica;"Visitei a unidade, arrumei diluidores pq Adriano não fez o que era pra ser feito.

Deixei borrifadores, fracos, etiquetas e adesivos."
1482;14/07/2015 17:57;Sky Asia Shooping Bourbon;Jessica;Gerente Marilene, fazer troca de diluidor de 2 bicos e gaiola para 2 litros.
1534;23/07/2015 18:48;Sky Ásia Shopping ABC;Jessica;Conversei com a Natália, marcamos treinamento para próxima sexta, período tarde as 15 hs.
1468;13/07/2015 13:41;Sky Ásia Shopping ABC;Jessica;"Visitei o cliente, não foi instalado diluídor.

Eduardo Gerente 

Contato Érika escritório 940174778"
1699;15/08/2015 06:28;Sky asia Shopping Metropolitan Betim.;Jessica;A Carina disse que quando usava o klinbe achava muito fraco. Deixei um galao de 5 para ela testar, ligar e ver o que ela achou. Se necessario vender o Karbox.
1649;15/08/2015 04:46;Sky asia Shopping Metropolitan Betim.;Jessica;"trocado diluidor, dosador.

Loja adesivada, colado guia, efetuado treinamento.

saboneteiras ok.

equipe ja usou os nossos produtos. Loja redonda."
1714;26/08/2015 13:13;Sky Asia Shopping Mocca;Jessica;solicitei manutencao na mangueira que estava furada.
1467;15/07/2015 16:18;Sky Asia Shopping Mocca;Jessica;Visitei loja, gerente Alvina, equipamentos tudo ok. Colei guia e deixei 3 borrifadores
2248;05/11/2015 13:52;Sky Asia Shopping Santa Cruz;Jessica;"solicitar a troca do diluidor, pois não foi feito da ultima vez.

1 saboneteira para troca da que esta quebrada, procurar por Nelli."
1401;14/07/2015 19:52;Sky Asia Shopping Santa Cruz;Jessica;"Visitei loja, conversei com a Silvana. Pediu 2 saboneteiras e 1 refil. Solicitar a troca do diluidor, pois está quebrado. 

Coloquei o guia."
1512;24/07/2015 14:53;Sky Ásia Shopping São Bernardo;Jessica;Tudo ok
1582;23/07/2015 17:44;Sky Ásia Shopping São Bernardo;Jessica;"Realizado treinamento com sucesso.

Sem dúvidas, funcionários gostam do nosso produto. Cozinha adesivada e colado Guia."
1471;13/07/2015 15:01;Sky Ásia Shopping São Bernardo;Jessica;"Treinamento sky Ásia 

Viviane gerente 940174213"
1461;13/07/2015 14:50;Sky Ásia Shopping São Bernardo;Jessica;"Visitei a cozinha, conversei com a Viviane.

Trocar uma gaiola que está quebrada, colocar mangueira com pescador. Chave do diluídor quebrada."
1591;28/07/2015 23:23;Sky Ásia Shopping Tucuruvi;Jessica;"Treinamento realizado com sucesso,

Trocado as saboneteiras, deixei borrifador e frascos, etiquetas e adesivos."
1578;24/07/2015 16:35;Sky Ásia Shopping Tucuruvi;Jessica;Treinamento terça feira as 15 hs
1447;14/07/2015 16:13;Sky Ásia Shopping Tucuruvi;Jessica;"Visita com a gerente Elaine, solicitar troca de diluidor. Tudo adesivado, colado guias. 

Trocado saboneteira que estava com urgência."
973;29/05/2015 16:56;Soberana;Jessica;Cleison não atendeu, desculpa que estava em reunião. Falou para agendar
808;27/05/2015 19:24;Soberana;Jessica;Ligar para Gleison Compras
2042;07/10/2015 12:37;Sonda Supermercados;Victor;Fernando está desinteressado. Renan está em contato.
1182;11/06/2015 20:24;Sonda Supermercados;Renan;ligar dia primeiro de julho que vao abrir para teste
1594;23/07/2015 18:16;Sooro;Ivan;Email para a Leticia, porque segunda ela, quando for precisar de algo ela avisa por email.
2115;27/10/2015 15:59;Spa Santa Cruz;Alexandre Malhado;Marina não está mais na empresa. A responsável por compras agora é a Marta,  que no momento não se encontra na empresa. Ligarei ainda hoje.
1818;24/09/2015 01:41;Spa Santa Cruz;Alexandre Malhado;Contato realizado via telefone. A pessoa responsável (Marina) está de férias e só retornará ao trabalho no dia 10 de Outubro. Entrarei em contato novamente.
2467;11/02/2016 12:09;Special Dog;Victor;Roberta está de férias. Evandro disse que ela volta dia 29 de Fevereiro. Tentar novamente.
2043;07/10/2015 19:09;Special Dog;Victor;"Roberta disse que vai ter auditoria no fim de Outubro de novo, e está complicado para receber visita. Mas solicitou amostras para testar. Disse que depois do dia 30 está tranquilo para a gente visitar.

Renan e Ivan vão deixar amostras quando estiverem indo para o Paraná."
1994;29/09/2015 11:52;Special Dog;Victor;Roberta está em auditoria. Ligar amanhã a partir das 14:00.
1489;22/07/2015 20:01;Special Dog;Victor;Pediu para ligar amanhã cedo.
1067;05/06/2015 12:18;Special Dog;Victor;Roberta já havia conversado com Thiago para ver se melhora procedimentos de limpeza. Estão fazendo levantamentos para ver se muda isso. Pediu para eu enviar e-mail com meu contato, pois ela vai ver com a gerente da qualidade tudo que precisa, pois a gerente não está lá hoje.
868;28/05/2015 14:58;Special Dog;Victor;Thiago disse que está enrolado com cursos, e certificação 22.000. Disse que a Roberta da qualidade que vai tratar destas questões. Vai enviar email para Roberta com cópia para mim.
763;21/05/2015 14:21;Special Dog;Victor;Pediu para enviar e-mail novamente. Ficar em cima.
679;23/04/2015 17:03;Special Dog;Victor;Enviado email para Tiago passar os produtos utilizados e quantidade para amostras.
487;02/03/2015 19:14;Special Dog;Victor;E-mail enviado novamente.
320;03/02/2015 18:21;Special Dog;Victor;"Vanio informou que o responsável pela higienização é Thiago. Foi enviado e-mail para Jose Adelino encaminhar ao Thiago.



Ligar para agendar visita."
324;01/02/2015 21:46;Special Dog;Victor;Natalia informou que o responsável é Vanio. Já foi deixado caderno e catálogo. Ligar para ele.
304;25/01/2015 20:39;Special Dog;Victor;Deixado caderno e catálogo. Ligar para natalia.
207;15/01/2015 17:01;Starbene Refeicoes;Renan;Atendemos a unidade do CEB, a Raquel ficou de nos ligar até dia 21 para a unidade nova que vai inaugurar
1952;30/09/2015 12:17;Sterlix Ambiental;Simone;30.09 - Liguei novamente Tatiana não trabalha mais lá, falei com Aline, enviei novamente apresentação por e-mail
1863;22/09/2015 17:43;Sterlix Ambiental;Simone;22.09 - Falei com Tatiana de compras , recebeu nosso e-mail porém ela está sozinha essa semana, não vai atender ningué, pediu para retornar semana que vem para marcar visita
1854;16/09/2015 12:52;Sterlix Ambiental;Simone;16.09.2015 enviei apresentacao por e-mail
568;06/04/2015 20:49;Suavipan;Victor;Com Adriana
294;26/11/2014 12:44;Suavipan;Victor;Enviado e-mail com catálogo para Renato. Acompanhar para agendar visita.
1188;12/06/2015 13:44;Sucorrico;Jessica;Enviado catálogo, mas não consigo falar com o Gelson
1628;20/08/2015 12:53;Sucos e Refrescos Nanico Morungaba;Simone;20/08 - Renan enviou e-mail copiando Aguinaldo e Jackson sobre já estar atendendo esse cliente, e que quando for visitar vão juntos
1615;17/08/2015 12:45;Sucos e Refrescos Nanico Morungaba;Simone;17/08 Eu Simone liguei novamente, disse que olhou rápido pois foi viajar...combinei de retornar no final da semana 20/08
1654;13/08/2015 19:28;Sucos e Refrescos Nanico Morungaba;Simone;13/08 - Eu Simone liguei e falei com Hernandez usa acido nitrico / sabonete bactericida / soda / acido peracetico / lubrificante de esteira - disse que primeiro enviar e-mail depois avalia
1439;22/07/2015 19:26;Suiba Frigorifico;Victor;Fez pedido de dois galões de 5L do 3000 CL.
670;13/05/2015 19:53;Suiba Frigorifico;Victor;Disse que não recebeu e-mail. Enviei cotação novamente.
621;23/04/2015 13:24;Suiba Frigorifico;Victor;Rodrigo disse que o produto é bom. Enviado cotação.
570;06/04/2015 13:53;Suiba Frigorifico;Victor;Enviado e-mail para nfe.suiba@hotmail.com perguntando do teste do clorado,
574;30/03/2015 12:33;Suiba Frigorifico;Victor;Falei com Rogério, ele não está a par. É só com o Rodrigo mesmo.
599;13/03/2015 17:05;Suiba Frigorifico;Victor;Rodrigo está em Fortaleza. Pediu para eu ligar semana que vem que ele já estaria de volta.
480;27/02/2015 12:03;Suiba Frigorifico;Victor;Já foi deixada amostra. Ligar para ver se gostaram.
393;04/02/2015 17:48;Suiba Frigorifico;Victor;Rodrigo informou que 80% do consumo deles é de clorado. Pediu 5L de detergente clorado para testar. Visitar já levando a amostra.
360;03/02/2015 10:22;Suiba Frigorifico;Victor;"Foi deixado caderno e cartão para o dono (Rodrigo).



Entrar em contato para ver se recebeu e agendar visita."
22;03/11/2014 10:52;Suiba Frigorifico;Victor;Visitar quando estiver por Rio Preto
924;03/06/2015 19:31;Super Bom Geléias;Renan;e-mail de apresentacao enviado para a Gabriela
2146;21/10/2015 15:28;Supergelados Nora;Jessica;Brisa não estava, retornar amanhã.
933;02/06/2015 12:56;Supergelados Nora;Victor;Enviado e-mail para Brisa novamente.
252;26/11/2014 15:37;Supergelados Nora;Victor;"Enviado e-mail para Brisa. Disse que vai nos colocar na próxima cotação.



Ligar perto da metade do mês, que é quando ela começa a fazer as cotações mensais."
2567;09/03/2016 18:41;Suvide;Adriana;Liguei hoje. Falei com a Simone. Ela disse que a Liliane não está, para eu tentar depois.
2522;23/02/2016 10:46;Suvide;Adriana;"Liguei hoje as 7h35, a Liliane chegou, mas teve que sair logo em seguida. 

Falei com a Rade."
2472;16/02/2016 11:04;Suvide;Adriana;"Liguei mais uma vez. 

A Rade atendeu e disse que ela não pode atender hoje, pois está fazendo fechamento. Deixei recado."
2432;16/02/2016 08:49;Suvide;Adriana;"Liguei hoje próximo às 7h30 no ramal da Liliane. 

Ela não está na sala. O Felipe atendeu e disse para ligar mais tarde. Deixei recado."
2358;26/11/2015 10:02;Suvide;Adriana;"Renan conseguiu conversar hoje cedo com a Liliane. 

Ficar em cima!!!!"
2117;27/10/2015 16:26;Suvide;Adriana;Liguei hoje, conversei com o Felipe, pois a Liliane está ocupada. Disse que visita é apenas com ela.
2116;26/10/2015 17:36;Suvide;Adriana;Liguei para a Liliane hoje, ela não pode atender. Retornar amanhã.
2142;22/10/2015 15:05;Suvide;Adriana;"Conversei com o Felipe hoje. Disse para eu tentar agendar horário com a Liliane. Ela não está na empresa agora.
Enviei e-mail aos dois reforçando."
2083;07/10/2015 16:07;Suvide;Adriana;Liliane e Felipe estão em reunião. Deixei recado com a Rade.
1944;02/10/2015 18:03;Suvide;Adriana;Liguei algumas vezes essa semana. Não consegui contato com ninguém, além da telefonista.
1879;22/09/2015 16:56;Suvide;Adriana;"Tentei contato hoje com o Eduardo (dono), mas ele não está na empresa. 
Falei com o Felipe, ele disse que a Liliane já está com nosso contato e que em breve marca uma visita.
Falei que continuarei tentando, ele disse que sem problemas."
1783;14/09/2015 14:40;Suvide;Adriana;Dia 03/09. Renan enviou e-mail ao Eduardo (dono) pedindo oportunidade.
1721;03/09/2015 15:21;Suvide;Adriana;Falei com a telefonista hoje. Me passou o e-mail para contato do dono Eduardo.
1748;03/09/2015 15:19;Suvide;Adriana;Falei com o Felipe, disse que consigo agendar horário para uma visita apenas com a Liliane.
1726;01/09/2015 16:59;Suvide;Adriana;"Renan conseguiu falar com o dono Eduardo por telefone.

Ele disse que irá encaminhar nosso contato para os responsáveis."
1563;05/08/2015 18:26;Suvide;Adriana;"Conversei com o Felipe por telefone.

Enviei mais um e-mail a ele com catálogo e pedi a oportunidade de fazermos um teste."
1558;04/08/2015 19:05;Suvide;Adriana;"Liguei hoje. A Simone atendente disse que o Felipe não podia falar. 

Pegou meu contato para passar recado."
1470;15/07/2015 17:27;Suvide;Adriana;"Renan esteve na Suvide dia 14/07, soube que o nome do dono é Eduardo.

Hoje enviei um e-mail para o Felipe."
847;27/05/2015 20:29;Suvide;Adriana;"Última visita em 18/03/2015

Catálogo entregue. Diversas visitas. Diversos e-mails

Sem retorno algum.



Ligar para Felipe."
1429;21/07/2015 15:38;Tejo Fran;Jessica;"Foi enviado uma cotação sobre algo gel há uns 4 meses atrás. Tinha fechado contrato com diversey. 

Manter contato."
2234;27/10/2015 18:55;Temperart Produtos Alimentícios;Adriana;"Liguei algumas vezes hoje, mas não consegui.
Enviei e-mail ao Adilson reforçando meu contato."
2262;27/10/2015 18:50;Temperart Produtos Alimentícios;Adriana;Dia 14/abril. Enviei e-mail ao Adilson cobrando retorno.
2276;27/10/2015 18:50;Temperart Produtos Alimentícios;Adriana;Visitei dia 24/03/2015. Conversei com Adilson (compras).
1844;17/09/2015 17:22;Tirolez;Victor;Enviado e-mail com cotação de soda a R$ 4,50 para 1.500 kgs. Está dificil achar soda. Ir mantendo contato para achar a brexa.
872;27/05/2015 14:13;Tirolez;Victor;Amanda disse que assim que tiver solicitação, vai entrar em contato para solicitar amostra e negociar valores e frete da soda e cloro.
770;20/05/2015 17:06;Tirolez;Victor;Enviado cotação de 2.000 kg de soda escama e 300 kg de cloro.
664;28/04/2015 18:12;Tirolez;Victor;Disse que não pode me receber dia 29/04 pois está muito enrolada por causa da APAS semana que vem. Tentar outro dia.
530;30/03/2015 12:26;Tirolez;Victor;Enviado email falando que vou estar por São Paulo a partir de quarta-feira. Ver se gostaria de receber visita.
451;02/03/2015 18:46;Tirolez;Victor;Converas com Amanda foi boa. Disse que mora em Ribeirão Pires e tal. Vai começar a ver estas questões daqui 15 dias. Ligar em ficar em cima.
363;03/02/2015 18:30;Tirolez;Victor;"Enviado e-mail para Amanda de compras, que fica em São Paulo.



Já foi conversado com Natalia, da qualidade, e compram da Mundial e da Ecolab."
1560;27/07/2015 18:11;Toninho Refeicoes;Victor;27/07/2015 - Entrei em contato, primeiro enviar e-mail para Patricia - compras@toninhos.com.br
317;16/01/2015 10:44;TonyKelly Doces;Renan;16/01/2015 enviado catalogo por e-mail para Isabel ( qualidade) comercial@docestonykelly.com.br
2014;09/10/2015 17:44;Top Cau;Jessica;Novamente não estava na sala.
2075;06/10/2015 19:01;Top Cau;Jessica;"Patricia não estava nem a Elaine.
Irei pessoalmente na fábrica."
1998;01/10/2015 19:26;Top Cau;Jessica;Conversei com a Sabrina, Patricia estava novamente na produção.
1805;23/09/2015 17:34;Top Cau;Jessica;"patricia@topcau.com.br
Enviar novamente um emal cobrando datas para teste."
1819;23/09/2015 16:17;Top Cau;Jessica;Fernanda encaminhou as fichas técnicas.
1614;26/08/2015 19:06;Top Cau;Jessica;"Falei com a Patricia.

Pediu as fichas técnicas novamente, Victor ira encaminhar."
1686;24/08/2015 18:21;Top Cau;Jessica;Patricia não estava, falei com a Sabrina.
1635;20/08/2015 16:47;Top Cau;Jessica;Liguei, Patricia não estava.
1658;20/08/2015 16:44;Top Cau;Jessica;Liguei para Patricia, ela não estava.
1637;11/08/2015 18:42;Top Cau;Jessica;"Liguei hoje, a Patricia retorna de férias amanhã.

Ligar novamente."
1371;03/07/2015 14:25;Top Cau;Jessica;Conversei hoje com a Patricia, ela está saindo de férias. Disse que em agosto voltaremos a conversar para iniciar os testes.
1061;11/06/2015 14:17;Top Cau;Victor;"Jéssica, quer dar continuidade nesse cliente? É aquele que a gente visitou e conversou com a japinha (Patricia). Lê o histórico que você vai entender.



Qualquer coisa me avisa."
633;12/05/2015 12:09;Top Cau;Victor;Enviei e-mail solicitando quantidades utilizadas para teste.
558;22/04/2015 20:05;Top Cau;Victor;Elaine está de licença maternidade. Falei com a Patricia, e ela agendou visita para terça-feira (28/04) às 9:30.
210;26/11/2014 11:29;Top Cau;Victor;Estão em período de alta produção. Vão analisar novos fornecedores após a Páscoa. Foi enviado e-mail com fichas técnicas para Elaine. Acompanhar. (NÃO LIGAR QUANDO ESTIVER CHEGANDO NA PÁSCOA)
2209;27/10/2015 17:22;Tozan;Adriana;"Francisco está em reunião. E o Edvan foi embora as 16h.
Retornar amanhã."
1740;10/09/2015 21:37;Triesté Alimentos.;Jessica;"conheci o Ze Roberto dono na Pronutri.

Dar uma passada la amanha, fica em uberlandia."
2085;09/10/2015 19:03;Ultrapan;Victor;Ana disse que vai ver com o Rodolfo como consegue organizar essa questão do teste, pois eles vão ter que segregar produto, e demora 18 dias para análise. Esses 18 dias fica complicado ficar com produto parado. Ligar para Rodolfo semana que vem para ver que ideia eles tiveram.
825;27/05/2015 11:46;Ultrapan;Victor;Ana resondeu e-mail para Renan pedindo para voltar a conversar no meio do segundo semestre.
659;23/04/2015 14:04;Ultrapan;Victor;Não consegue receber visita amanhã. Tentar agendar semana que vem.
484;02/03/2015 14:50;Ultrapan;Victor;Passado e-mail para Renan visitar se quiser enquanto eu estou longe. Qualquer coisa, tentar passar lá um dia.
331;19/01/2015 11:03;Ultrapan;Victor;Contrato com a Ecolab está para terminar. Entrar em contato e participar da concorrência.
358;19/01/2015 11:02;Ultrapan;Victor;"Tem contrato com a Ecolab até o fim de 2015.



Já conversado e passado e-mail com catálogo para rodrigo.bresil@ultrapan.com.br



Agendar para levar amostras e passar cotação de produtos."
271;12/01/2015 17:47;Ultrapan;Victor;Enviar email e conversar com Rodolfo para tentar agendar visita
1901;06/10/2015 13:10;Uni Frango;Ivan;Após reunião com Celso, cotação reenviada com os custos diluídos.
1831;24/09/2015 13:52;Uni Frango;Ivan;Reenviei a cotação e falei para ele nossos novos clientes do seguimento de aves.
1311;01/07/2015 20:29;Uni Frango;Ivan;Final do mês quando estivermos atendendo abatedouros de aves mandar documentado.
1153;18/06/2015 15:14;Uni Frango;Ivan;Cotação entregue em mãos para o Celso!
911;28/05/2015 16:08;Unidade Alvenius;Jessica;Conversei com a nutri Andrelina, que fez alguns pedidos, porém Flávia não sabe se irá liberar. Instalar diluídos próxima semana
1683;10/08/2015 19:08;Unidade Plastival;Jessica;tel 46137624 marina
981;28/05/2015 16:10;Unidade Plastival;Jessica;Conversei com a Marina, que ficou de fazer algum pedido, pois ainda têm estoque da empresa anterior. Segunda semana de junho cobrar pedido.
1700;10/08/2015 18:39;Unidade Pombo;Jessica;fiz visita pararam de usar os nossos produtos alegando que sao ruins. falar com flavia.
987;28/05/2015 16:06;Unidade Pombo;Jessica;"Conversei com a nova nutri Jaqueline.

Precisamos trocar a máquina de lavar, pois Ecolab tirou os nossos produtos. Ajustar com o Renan"
652;13/05/2015 18:28;United Mills (Trio Alimentos);Victor;Matheus Xavier disse que está realizando alguns testes para diminuir o consumo de água na limpeza. Está acompanhando com o fornecedor atual de produtos, e após os testes no meio do mês que vem, vai poder dar andamento. Acompanhar.
573;22/04/2015 19:52;United Mills (Trio Alimentos);Victor;Visita agendada para dia 30 de Abril às 8:00 com Matheus Xavier
529;13/03/2015 18:57;United Mills (Trio Alimentos);Victor;Matheus pediu para ligar no começo de Abril para agendar visita.
430;02/03/2015 17:26;United Mills (Trio Alimentos);Victor;"Nathalia verificou o e-mail. Vai conversar com Matheus Xavier e agendar visita. Ficar em cima.



Conversamos até sobre as barrinhas de proteína que eu estou consumindo muito."
343;23/01/2015 12:56;United Mills (Trio Alimentos);Victor;Enviado boletins técnicos para Nathalia (quem faz a homologação dos produtos). Acompanhar.
344;20/01/2015 11:47;United Mills (Trio Alimentos);Victor;Enviado e-mail com catálogo. Acompanhar.
2359;18/01/2016 21:22;Veran Supermercados (Mogi das Cruzes);Adriana;"Reunião agendada com o Edgar para 4ª feira, dia 20. 

Horário: 15h"
1848;22/09/2015 17:33;Veran Supermercados (Mogi das Cruzes);Adriana;"Conversei com o Edgar, ele disse que não estão abertos os testes e cotações. 
Provavelmente só ano que vem.
Retornar contato daqui um mês."
1789;15/09/2015 16:42;Veran Supermercados (Mogi das Cruzes);Adriana;Liguei hoje para o Edgar, disse que vai olhar o e-mail e retornar o contato.
1798;15/09/2015 16:40;Veran Supermercados (Mogi das Cruzes);Adriana;14/09 Enviei e-mail para compras.
1723;15/09/2015 16:37;Veran Supermercados (Mogi das Cruzes);Adriana;Dia 26 de fevereiro: Edgar enviou e-mail dizendo que os testes foram suspensos, para retornar o contato no segundo semestre deste ano.
1787;15/09/2015 16:31;Veran Supermercados (Mogi das Cruzes);Adriana;"Concorrente: Larkin 



Eles têm:

12 unidades de supermercado Veran

01 indústria de panificação em Mogi das Cruzes

01 cozinha industrial em Ferraz de Vasconcelos"
1728;15/09/2015 16:30;Veran Supermercados (Mogi das Cruzes);Adriana;Dia 09 de fevereiro: visita, conversei com Edgar.
1780;15/09/2015 16:29;Veran Supermercados (Mogi das Cruzes);Adriana;Dia 21 de janeiro: Primeira visita.
2370;07/01/2016 17:06;Vigor;Victor;Paula volta de férias só dia 13. Tentar.
2400;06/01/2016 10:29;Vigor;Victor;Alex disse para tentar pela JBS, pois alguns produtos são fechados trimestralmente.
2199;20/10/2015 17:14;Vigor;Victor;"Alex pediu cotação. Cotação enviada.

Ficar em cima."
2023;13/10/2015 17:21;Vigor;Victor;"Paulo disse que o processo de homologação é feito pelo Alex, no número (11) 2799-5699, e o supervisor da higienização agora é o Carlos Silva.

Tentar falar com esse tal de Alex."
1953;29/09/2015 19:27;Vigor;Victor;Enviado FISPQ com as info da soda. Pedi para comprar a soda enquanto a gente vê as questões do nítrico.
1720;26/08/2015 16:59;Vigor;Victor;Está analisando as amostras. Vai ter 2 auditorias pesadas no início de Setembro. Pediu para ligar na segunda quinzena.
1477;21/07/2015 19:15;Vigor;Victor;Paulo disse para ligar sexta de manhã que ele já vai dar uma posição da análise de produto e valores.
1298;25/06/2015 20:03;Vigor;Victor;Raphael vai fazer análises e dar retorno. Disse que pode demorar.
1274;22/06/2015 20:25;Vigor;Victor;Foi passado cotação a granel para Raphael. Aguardar resposta e ficar em cima.
1171;22/06/2015 15:11;Vigor;Victor;Paulo está de férias. Passaram o contato da Daniela e do Rafael, que é o gerente do laboratório. Ir tentando com eles até Paulo voltar de férias no dia 04/07.
1134;21/06/2015 15:59;Vigor;Victor;Já enviado cotação para o Paulo no mesmo dia. Ligar para ver se analisou valores e tal...
1046;11/06/2015 13:45;Vigor;Victor;Passar lá amanhã as 7:00
892;26/05/2015 14:36;Vigor;Victor;Pediu para eu não esquecer de ligar depois do dia 08/06. Vai fazer uma viagem e anda meio enrolado.
672;23/04/2015 14:41;Vigor;Victor;Enviado e-mail pedindo para visitar segunda-feira.
591;13/03/2015 12:06;Vigor;Victor;Enviado outro e-mail cobrando agendamento de visita.
441;02/03/2015 19:53;Vigor;Victor;"Paulo pediu para enviar email cobrando uma data para visita.



Cobrar se não obtiver resposta."
308;28/01/2015 11:53;Vigor;Victor;Deixado caderno e catálogo na portaria. Está com iso 9000 e com pessoas de ferias. Ligar no final de fevereiro.
392;23/01/2015 12:13;Vigor;Victor;Estava em reunião, pediu para enviar e-mail. E-mail com catálogo enviado.
362;22/01/2015 11:12;Vigor;Victor;Falar com Paulo e pegar as informações.
341;14/01/2015 13:00;Vigor;Victor;Ver tudo
1996;05/10/2015 19:22;Vittaqualy Alimentos;Adriana;"Conversei com a Bianca hoje, ela disse que não conversou com a gerente dela ainda.
Continuar cobrando."
1821;23/09/2015 14:08;Vittaqualy Alimentos;Adriana;"Falei com a Bianca hoje.

Ela disse que já encaminhou as Fichas Técnicas para o responsável.

E que está aguardando aprovação."
2558;02/03/2016 14:56;Vivo Sabor - Cozinha Ind.;Adriana;"Conversei com a Fátima hoje. 

Ela disse que não tem contrato com a Ericon, mas um acordo amigável até o meio deste ano. Para eu voltar a manter contato mais para frente.

Enviei nosso catálogo via e-mail para registrar meu contato."
2550;02/03/2016 14:51;Vivo Sabor - Cozinha Ind.;Adriana;Fátima.zanardo@grupovivosabor.com.br
1549;29/07/2015 17:10;Vivo Sabor - Cozinha Ind.;Victor;liguei para Empresa, telefonista disse que estao com contrato e quem cuida disso é a Fátima ( fatima.zanardo@grupovivosabor.com.br
1261;23/06/2015 13:38;Vivo Sabor - Cozinha Ind.;Renan;liguei em Setembro de 2014 ela mandou retornar em Maio, liguei em Maio pediu para retornar em Junho ... liguei agora e ela disse que tem contrato de 4 anos com Ericon
1448;21/07/2015 19:58;Wick Bold;Renan;Entrei em contato mas a Giuliana e fatima estavam externos e e Thais ja havia saido
1005;10/06/2015 12:43;Wick Bold;Victor;Thais disse que a Wickbold não tem uma pessoa responsável pela aprovação de produtos químicos, e ela é a responsável pelas embalagens, mas está cuidando disso. Está muito enrolada com outros processos que ela disse que é urgente de embalagens e só vai conseguir pegar o dos produtos depois. Não tem previsão.
941;02/06/2015 20:53;Wick Bold;Victor;Thais do laboratório que está acompanhando isso e montando o relatório. A própria Giuliana disse que vai cobrar a Thais, pois tiveram muitas outras coisas que eram prioridade no período e acabaram passando na frente. Pediu para ligar logo depois do feriado direto com a Thais e cobrar.
966;02/06/2015 20:26;Wick Bold;Victor;Pediu para ligar daqui 20 min.
997;28/05/2015 18:29;Wick Bold;Renan;conversei hoje com a Giuliana ainda nao teve tempo
608;30/04/2015 21:23;Wick Bold;Renan;"Inicio com Thiago 7/1/2014

Teste do Sabonete - 15/01/2014

23/01 produto em analise - Thiago

9/4 - FISPQ e FT enviadas

13/05 - Pro Foam CHX enviado para teste

15/06 - Produto atendeu

16/09 - Conversei com Thiago se precisava de algo

1/04/2015 - Aguardando relatorio da qualidade com Foam CHX"
1325;01/07/2015 17:51;Wow Nutrition;Renan;conversei hoje, pediu para ligar na proxima quinta dia 16 para marcar reuniao.
764;21/05/2015 13:07;Wow Nutrition;Renan;Reuniao feita, ela pediu FT e registros, ja foi passado e-mail no Thiago passar.
1253;22/06/2015 19:29;Yakult;Victor;Pediu para ligar na sexta-feira porque ele esqueceu de falar com a gerente industrial semana passada.
1167;22/06/2015 14:46;Yakult;Victor;Salu está entrando as 15:00 hrs. Ligar a partir deste horário.
1029;05/06/2015 13:20;Yakult;Victor;Salu pediu para eu enviar um e-mail e ele vai responder com a data. Vamos ver...
985;01/06/2015 14:01;Yakult;Victor;Salustriano volta das férias na quarta ou sexta-feira.
697;12/05/2015 20:12;Yakult;Victor;Salustriano está de férias e volta na primeira semana de Junho.
636;23/04/2015 18:43;Yakult;Victor;Enviado e-mail para Salustriano para ver se ele já tem uma data para acompanharmos a higienização.
584;09/03/2015 19:02;Yakult;Victor;Salustriano marcou para dia 17/03 (terça-feira) às 14:30.
428;03/03/2015 20:01;Yakult;Victor;"Salustriano está enrolado por enquanto, pois está entrando as 15:00 hrs e saindo à 1:00, e neste horário acontecem muitos procedimentos que impedem receber uma visita.



Pediu para ligar semana que vem, porque aí ele já vai ter a escala, e saber quando ele vai voltar a entrar cedo."
433;02/03/2015 20:11;Yakult;Victor;Foi deixado recado. Se ele não retornar, ligar amanhã de novo.
409;27/02/2015 12:12;Yakult;Victor;Não respondeu e-mail. Liguei cedo e ele está entrando só as 15:00 hrs.
402;05/02/2015 17:38;Yakult;Victor;"E-mail enviado perguntando data para a visita.



Acompanhar."
306;22/01/2015 18:17;Yakult;Victor;Enviado e-mail com valores aos equivalente da Diversey, conforme solicitado em visita. Acompanhar para agendar testes.
264;14/01/2015 09:28;Yakult;Victor;Agendado visita para segunda-feira, 19/01.
182;25/11/2014 10:46;Yakult;Victor;Disse que o pessoal tem muitas análises para fazer, é muita gente tentando vender, e o processo demora mesmo. Vai reencaminhar e pedir uma prioridade para o pessoal da análise. Acompanhar.
153;18/11/2014 10:42;Yakult;Victor;Enviado e-mail perguntando se já tem alguma posição do pessoal da análise. Acompanhar.
160;12/11/2014 11:52;Yakult;Victor;Recebeu o e-mail e encaminhou para o pessoal da análise. Disse que vai retornar depois que eles analisarem, mas é melhor ligar.
149;07/11/2014 18:44;Yakult;Victor;Ver se Luana deu uma olhada no e-mail que foi enviado segunda-feira.
1530;04/08/2015 18:01;Yamaci Comércio De Embalagens;Jessica;Ele só comprava o desincrustante para um único cliente. É esse cliente parou de comprar com ele. Disse que se precisar de algo entra em contato comigo.
1587;30/07/2015 14:18;Yamaci Comércio De Embalagens;Jessica;"Fui até o cliente mas o dono Ivano não estava.

A filha disse que provavelmente continua comprando da gente, entrar em contato via fone"
1508;29/07/2015 15:37;Yamaci Comércio De Embalagens;Jessica;Liguei e o Ivano não estava, retornar mais tarde.
1357;30/06/2015 23:05;Yema Laticínios;Adriana;"Ligar para a unidade de MG.

Perguntar quem é responsável pela qualidade e por compras.

(35) 3325-1558"
1014;04/06/2015 17:21;Zabet;Victor;Elder informou que só compra sabonete bactericida e alcool gel. O resto é a ISS que faz.
980;01/06/2015 14:28;Zabet;Victor;Elder ainda não voltou de férias. Volta só dia 04. É feriado mas eles vão trabalhar.
1000;28/05/2015 18:00;Zabet;Victor;Elder está de férias. Conversei com a Renata em 28/05 e é só Elder mesmo. Volta na semana que vem.
628;13/05/2015 18:42;Zachetta;Renan;"Abatem aproximadamente 300 Mil frango dia



Enviei catalogo para a Ellen da qualidade -"
1491;22/07/2015 17:27;Zaeli;Ivan;Liguei para a Gylsianne e ela vai confirmar um dia com o PCP para marcar o dia do teste e em qual setor terá a limpeza.
1105;18/06/2015 15:24;Zaeli;Renan;Ivan : Após reuniao, alinhamos o preço e aguardando a resposta para alinharmos o teste.
1082;08/06/2015 16:35;Zaeli;Renan;Aguardando data para realizar o teste. Ligar para Simone no final da tarde
1081;03/06/2015 20:03;Zaeli;Renan;e-mail de cotacao enviado
779;22/05/2015 19:07;Zaeli;Renan;Falei com a SImone, ela vai passar o consumo mensal e os produtos que utilizam da Makro Quimica
798;21/05/2015 12:30;Zaeli;Renan;Ivan passou la e conversou com a Julaiana que foi super receptiva , a mesma ficou de passar produtos e consumo.
795;19/05/2015 21:21;Zaeli;Renan;"Conhecemos a Gabriela do Estagio, a mesma nos informou sobre o Felipe que é de Santo André e é o coordenador da area, tentei encontrar ele na Feira Apas mas ele havia acabado de ir embora segundo o Gerente Comercial.



Liguei apra o Felipe a uma semana e ele disse que vai passar para a Gyslaine que é a pessoa do setor; mandei e-mail para ele hoje se poderia os visitar amanha."
689;04/05/2015 17:16;ZF Sachs;Renan;Retorar dia 4/5/2015
794;21/05/2015 14:27;Zinho Pão de Alho;Victor;Ver com Renan como está a conversa?
688;12/05/2015 03:56;Zinho Pão de Alho;Victor;Renan encontrou na APAS e enviou email.
502;13/03/2015 12:28;Zinho Pão de Alho;Victor;Difícil falar com esse cara. Enviado e-mail. Cobrar resposta.
420;02/03/2015 12:56;Zinho Pão de Alho;Victor;Visitar quando for visitar a Cory em Ribeirão Preto.
281;27/11/2014 10:45;Zinho Pão de Alho;Victor;Está enrolado agora no fim do ano. Disse que falou isso até para um distribuidor da Diversey (acho que Higiplus), e vai conseguir ver estas questões depois de Janeiro.
177;14/11/2014 17:17;Zinho Pão de Alho;Victor;Não consigo conversar com ele. Reencaminhei o e-mail e estou aguardando resposta.
135;07/11/2014 16:51;Zinho Pão de Alho;Victor;Já foi enviado e-mail com fichas técnicas. Acompanhar cliente e tentar agendar os testes para quando estiver na região de Ribeirão Preto.
2486;22/02/2016 12:51;Zippy Alimentos;Alexandre Malhado;O pessoal do setor administrativo está de férias. Irão retornar dia 14-03-16.
2192;27/10/2015 15:53;Zippy Alimentos;Alexandre Malhado;Tentativa de contato. O Junior (comprador) não estava na empresa hoje. Ligarei ainda hoje.
2053;08/10/2015 18:09;Zippy Alimentos;Alexandre Malhado;Tentativa de contato. O Junior (comprador) não estava na empresa hoje. Ligarei amanhã.
2007;07/10/2015 18:39;Zippy Alimentos;Victor;Xande, esse não deve comprar pouco também.
958;02/06/2015 14:41;Zippy Alimentos;Victor;Junior informou que Bruna não está mais na empresa. Pediu para enviar e-mail para ele não esquecer de ver o procedimento.
431;03/03/2015 16:42;Zippy Alimentos;Victor;"Bruna disse que ainda estão comprando da R2 mas já passou tudo para o Junior, que não está podendo dar prioridade neste assunto agora.



Tem mais pessoas acima do Junior envolvidas no circuito, mas depois que a Braspeixe comprou, eles estão dando prioridade a outras questões."
423;03/03/2015 14:09;Zippy Alimentos;Victor;Retomar
250;25/11/2014 11:30;Zippy Alimentos;Victor;Não respondeu e-mail. Enviei outro.
113;14/11/2014 17:30;Zippy Alimentos;Victor;"Está enrolada com algumas coisas, não conseguiu atender a ligação, mas disse que vai responder por e-mail.



Ligar se não tiver respondido."
137;12/11/2014 16:22;Zippy Alimentos;Victor;"Enviado e-mail perguntando sobre o processo em 12/11.



Acompanhar."
9;28/10/2014 10:25;Zippy Alimentos;Victor;A diretoria está mudando. Parece que na semana de 03/11 as coisas vão estar mais definidas.
17;14/10/2014 14:43;Zippy Alimentos;Victor;Ver se as coisas já estão mais definidas com relação à diretoria.
