ID;Data Agendada;Finalizado?;Data Conclusão;Empresa;Responsável;Descrição
1468;19/02/2016 16:00;Não;;A melhor alimentação Franco Da Rocha;Jessica;Visita para instalação de diluidor sexta as 14:00 hs.
1476;11/02/2016 01:59;Sim;22/02/2016 13:53;AB Brasil;Alexandre Malhado;Visita agendada para o dia 10-02-2016 às 10h30 com o Senhor Marcos Capobianco.
1363;29/10/2015 01:59;Não;;Abatedouro Aves Gonzalez;Renan;enviado apresentacao por e-mail 22.10.2015 para Priscila no e-mail do rh, pois o da qualidade estava com problema
1152;27/08/2015 13:00;Sim;27/08/2015 13:07;Abatedouro Avicola Carraro;Simone;"0/08 - Eu simone agendei visita para Jackson e Aguinaldo na semana do dia 24/08

Levar amostras contratipos da Nipon - 5000 cl / 3000 cl / Sapone Bac"
1143;25/08/2015 02:59;Sim;27/08/2015 13:07;Abatedouro Avicola Carraro;Jackson;"Q legal



Em 2015-08-11 11:58, Equipe do Agendor escreveu:



&gt;

Simone agendou uma tarefa para você no histórico da empresa AbatedouroAvicola Carraro:"
1160;24/08/2015 12:00;Sim;25/08/2015 10:36;Abatedouro Avicola Carraro;Simone;retornar dia 20/08
1147;21/08/2015 02:59;Sim;21/08/2015 18:40;Abatedouro Avicola Carraro;Simone;"10/08 - Eu simone agendei visita para Jackson e Aguinaldo na semana do dia 24/08

Levar amostras contratipos da Nipon - 5000 cl / 3000 cl / Sapone Bac "
1088;26/09/2015 13:00;Sim;07/10/2015 13:28;Addoratti Festas;Victor;28.07 Débora não estava, e André está de férias
1090;10/08/2015 13:00;Não;;Addoratti Festas;Adriana;"Conversei com a Débora hoje, disse para eu retornar na 2a feira para acertarmos os produtos que serão utilizados.

E agendar a data do teste."
723;28/05/2015 13:30;Sim;30/10/2015 11:26;Addoratti Festas;Adriana;"Visita e entrega de catálogo hoje.



Concorrente: Trevo 



Agendar outra visita com o André e nutricionista."
1341;26/10/2015 11:00;Sim;27/10/2015 15:53;Agerip;Alexandre Malhado;Marcado um bate papo com Letícia para a próxima segunda-feira (26-10-15).
1264;15/10/2015 12:00;Sim;23/10/2015 17:15;Agerip;Alexandre Malhado;Entrar em contato para saber sobre os testes.
1233;13/10/2015 02:59;Sim;08/10/2015 18:14;Agerip;Alexandre Malhado;Entreguei hoje as amostras de alguns produtos para testes.  Os produtos entregues foram: KIMI KAV 2 / PRO HS / PRO KLIMBE / PRO STAR LAVANDA / PRO HA 3000 CL / NEUTER ULTRA. Entrarei em contato dia 12-10-2015 para saber o resultado do teste.
1219;02/10/2015 02:59;Sim;02/10/2015 18:48;Agerip;Alexandre Malhado;"Contato realizado via telefone. Visita agendada para o dia 24-09-15 às 9 horas com a Senhora Letícia.
__________
24-09-15: Visita realizada com sucesso. Atualmente a empresa adquiri os produtos de limpeza da Start. Tirei fotos de todos os produtos que eles utilizam. Foram muito receptivos e possuem interesse em conhecer nossos produtos. Vou pedir ajuda ao Victor para fazermos uma  amostra com os produtos da Kimium.
__________
28-09-15. Entregarei as amostras para teste no dia 01-10-15
__________"
1247;07/04/2016 02:59;Não;;Aguas da Prata;Simone;06.10 Falei com Vanessa, disse que fechou contrato com a Ecolab de 2 anos no mes passado,enviei apresentacao pr e-mail - qualidade@aguasprata.com.br
1523;02/04/2016 02:59;Não;;Aladim;Alexandre Malhado;Geisa relatou que o processo de terceirização não deu certo. A higienização voltou a ser feita pelos próprios colaboradores da empresa.  Entretanto, ela disse que a situação está muito apertada e que a empresa não tem nem clima para fazer cotações com novos fornecedores. Entrarei em contato futuramente.
1456;23/01/2016 01:59;Sim;29/01/2016 11:39;Aladim;Alexandre Malhado;Geisa voltará de férias dia 22-01-2016.
1340;06/01/2016 01:59;Sim;21/01/2016 11:42;Aladim;Alexandre Malhado;Contato realizado com Geisa. No momento ela não quer fazer mais testes, pois a empresa irá terceirizar a parte de limpeza. Pediu para retornar futuramente para saber se o processo de terceirização foi concluído.
1307;09/10/2015 11:15;Sim;27/10/2015 16:42;Aladim;Alexandre Malhado;Geisa não estava na empresa hoje. Pediu para retornar amanhã (09-10-15).
1249;08/10/2015 02:59;Sim;08/10/2015 19:15;Aladim;Victor;Xande, esse cliente fica em Mirassol. Pode dar andamento.
1243;01/10/2015 02:59;Não;;Aladim;Victor;"Olirio (gerente industrial)  ou Helio (gerente de compras)

Claudio disse que nenhum dos gerentes está com interesse em conhecer novos fornecedores. As decisões vem dos gerentes industriais ou de compras, que não estão pensando em trocar."
511;28/09/2015 02:59;Sim;06/10/2015 14:27;Aladim;Victor;Enviei e-mail para a Geisa perguntando. Cobrar.
1067;11/09/2015 02:59;Sim;06/10/2015 14:27;Aladim;Renan;22/07/2015 - Geisa disse que testou e os produtos nao foram aprovados, comentei de mandar novas amostras para novos testes, disse que por enquanto não vai fazer mais testes, estão com auditoria
488;03/04/2015 02:59;Sim;06/04/2015 15:15;Aladim;Victor;Parece que testariam os produtos a partir de ontem. Geisa mandou e-mail perguntando sobra as fichas técnicas. Ligar mais para o fim da semana.
537;17/03/2015 13:00;Sim;24/03/2015 13:53;Aladim;Victor;Enviei e-mail dizendo que eu gostaria de acompanhar a higienização. Cobrar resposta.
412;09/03/2015 13:00;Sim;09/03/2015 14:30;Aladim;Victor;Ainda não testou os produtos. Está enrolada. Ligar depois.
392;18/02/2015 10:45;Sim;27/02/2015 12:34;Aladim;Victor;Entreguei produtos. Acompanhar para ver aprovação de teste.
283;06/02/2015 20:00;Sim;12/02/2015 00:00;Aladim;Victor;Nota fiscal emitida. Retirar produtos para realizar teste.
286;03/02/2015 18:00;Sim;04/02/2015 14:14;Aladim;Victor;Enviado e-mail solicitando dados cadastrais para amostra. Acompanhar.
149;02/02/2015 12:00;Sim;02/02/2015 00:09;Aladim;Victor;Respondido e-mail da Geisa. Tentar visitar quando estiver por Rio Preto.
131;13/11/2014 19:00;Sim;13/11/2014 12:33;Aladim;Victor;Consegui falar com a Karen, que pediu para enviar catálogo para geisa@aladim.ind.br / E-mail já enviado. Acompanhar.
152;07/11/2014 19:35;Sim;10/11/2014 18:55;Aladim;Victor;Conseguir falaram com a Karen
1576;15/03/2016 02:59;Não;;Alimentos Wilson;Victor;Ligar na segunda ou terça-feira para agendar na volta de Rio Preto.
1508;03/03/2016 02:59;Sim;10/03/2016 20:48;Alimentos Wilson;Alexandre Malhado;"Vera não faz mais parte da empresa. Agendei uma visita com Rachel (Controle de Qualidade) dia 04-03-2016 às 10h00. Mandar e-mail dia 02-04-2016 para lembrá-la da visita

rachelgama@alimentoswilson.com.br"
1310;09/10/2015 02:59;Sim;22/02/2016 12:45;Alimentos Wilson;Victor;Xande, ouvi dizer que eles estão meio mal das pernas, mas vai desenrolando com a Vera, ve os produtos que eles usam, e pede os dados cadastrais. A gente consulta e ve se vai pra cima ou não.
812;28/09/2015 02:59;Sim;07/10/2015 18:25;Alimentos Wilson;Victor;Vera disse que pode receber visita qualquer dia da semana que vem, menos na terça-feira. Tentar passar na segunda.
1086;27/09/2015 13:00;Sim;07/10/2015 18:23;Alimentos Wilson;Victor;28.07 - Victor vc passou nesse cliente?
479;03/06/2015 02:59;Sim;02/06/2015 14:03;Alimentos Wilson;Victor;Alinhar questões com Vera. Já foi deixado caderno e catálogo em mãos.
1130;20/08/2015 17:00;Não;;Alinutri;Simone;13/08/2015 Eu Simone,ligo todas atendem menos a Karla
1131;18/08/2015 13:00;Não;;Alinutri;Simone;"11/08 Eu Simone liguei porém Karla somente à tarde

14/08 Eu Simone liguei e Karla não estava na sala"
1153;13/08/2015 02:59;Não;;Alinutri Refeições para Coletividade;Renan;07/08/2015 - enviado apresentacao por e-mail, solicitando visita ainda nao tive retorno
1148;27/08/2015 13:00;Não;;Alsácia;Jessica;"Treinamento agendado com datashow.

Quinta feiras as 10hs"
1121;30/07/2015 11:00;Não;;Alsácia;Jessica;"4 frascos levar

"
1155;31/08/2015 13:00;Não;;América Restaurante;Renan;"24/08 Renan ligou , retornar 25/08 falar com Marisa ramal 871



26/08 - Liguei e falei com Marisa, me passou que seria com Luis 5644.6860 mas já adiantou que tme contrato ha mais de 10 anos com a Ericon, que eles patrocinam catálogos para eles, fazem assistencia tecnica da maquina diariamente."
1206;25/09/2015 02:59;Sim;07/10/2015 12:26;Amor Aos Pedaços;Victor;Pré-agendado visita para sexta-feira, dia 25/09. Ligar caso tenha algum imprevisto. Disse que compram da Kalykim.
960;01/07/2015 02:59;Sim;17/09/2015 17:27;Amor Aos Pedaços;Victor;Marilia está de férias. Só semana que vem.
703;23/06/2015 02:59;Sim;25/08/2015 19:46;Amor Aos Pedaços;Victor;Enviei e-mail para a Marilia pedindo para agendar visita.
639;29/05/2015 02:59;Sim;28/05/2015 16:29;Amor Aos Pedaços;Victor;Deixado catálogo na portaria. Ramal dela só chama e é só com horario agendado.
1083;29/07/2015 22:00;Não;;Antoniolli Massas;Jessica;"Falei com a Dafne, pediu para encaminhar um e-mail com catálogo.

Não está votando agora, mas pode dar uma olhada. "
1443;14/01/2016 01:59;Não;;Aqualav;Victor;Gui está de férias. Pediu para passar lá semana que vem.
1313;05/01/2016 01:59;Sim;05/01/2016 19:05;Aqualav;Victor;Renan disse que vamos começar em Janeiro. Esperar.
419;23/09/2015 11:30;Sim;07/10/2015 17:22;Aqualav;Victor;"Ver com mãe do Gui Bonadio para iniciar testes.
"
265;04/02/2015 11:00;Sim;05/02/2015 18:55;Aqualav;Victor;Conversar com Priscila (Qualidade) ou alguém de compras e iniciar conversa.
986;04/08/2015 12:00;Não;;Arabian Bread;Renan;Converei com a Vanessa, disse que estava saindo de férias e é para retornarmos em Agosto, mandar e-mail para lembrar ela do assunto.
622;29/05/2015 13:00;Sim;28/05/2015 19:11;Arabian Bread;Renan;"acompnhando desde outubro , esta satisfeita com a Mundial; ligar para ficar em cima"
748;06/11/2015 01:59;Não;;Arco-Íris;Victor;Ana Lucia disse que esta não é a época ideal para conhecer novos fornecedores. Pediu para ligar mais para frente.
496;27/05/2015 02:59;Sim;26/05/2015 20:01;Arco-Íris;Victor;Ana Lucia recebeu o caderno e pediu para deixar um pouco mais pra frente pois está muito enrolada.
522;12/03/2015 11:30;Sim;24/03/2015 12:59;Arco-Íris;Victor;Deixado caderno para Ana Lúcia. Ligar para ver se consegue agendar uma visita.
494;09/03/2015 17:00;Sim;09/03/2015 17:10;Arco-Íris;Victor;"Compram da Ecolab e Diversey. Já abriram muito para testes, mas como estão trabalhando com poucos funcionários, estão evitando.



Deixar caderno e catálogo para Ana Lúcia. Depois enviar e-mail solicitando visita."
1491;28/01/2016 01:59;Não;;Argenzio;Renan;20/01/2016 - Jackson visitou, André pediu fisqps dos produtos enviados para amostra, após aprovação das mesmas, será enviado cotação dos produtos - pro ha al / pro bac al / pro hs / neuterax orange
1185;17/09/2015 16:00;Não;;Argenzio;Renan;09/09/2015 Eu Simone, falei com André disse que começou a fazer os testes essa semana e combinei de retornar semana que vem.
1168;02/09/2015 17:00;Não;;Argenzio;Renan;Retorno Jackson por e-mail dia 27/08/2015 - Simone deixamos amostra para andre. Ficou de falar com seu patrao para agendar um teste com nosso produto - 9.8109.8314 - André
1179;30/09/2015 13:00;Não;;Argenzio Laticinio;Simone;15/09/2015 - Falei com André está gostando dos produtos, pediu para aguardar até o final do mês.Acabando os testes, temos que falar com Ricardo(negociação)
1126;09/09/2015 13:00;Não;;Argenzio Laticinio;Simone;"Agendar para teste com Aguinaldo e Jackson

13/08 - Programada visita na semana do dia 24/08 após as 8:30 procurar André Mattos - usa soda, acido peracético / cloro / detergente compra da mundial - ja enviado apresentacao por e-mail

01/09 Falei com André disse que não testou ainda vai testar , e retorno para ele no meio da semana que vem

"
1151;21/08/2015 02:59;Sim;21/08/2015 18:39;Argenzio Laticinio;Simone;13/08/2015 Eu Simone agendei visitapara Jackson e Aguinaldo  para teste de produtos na semana do dia 24/08 na parte da manha - compra produtos da mundial como cloro e detergente neutro quando precisa detergente  clorado mistura os dois , soda e ácido - 
781;03/06/2015 13:00;Não;;Arrifana;Renan;falei hoje com o Alexandre reuniao marcada para o dia 9/6
1204;22/09/2015 13:00;Não;;Atacadao;Simone;15.09 enviado apresentacao no e-mail da Mariza
1127;21/08/2015 02:59;Não;;Ati Latte;Sueli;20/08 Renan mandou email solicitando contato por tel
635;25/05/2015 18:00;Sim;28/05/2015 14:52;Atibaense Refrigerante;Renan;reuniao segunda feira com a viviane a tarde
1137;11/08/2015 02:59;Não;;Atigel;Ivan;Teste realizado a mais de um mês. A Karina está enrolando, liguei hoje e ela não estava, documentei por email. 
1020;08/07/2015 18:15;Não;;Bacardí;Flavio;Enviei um e-mail com apresentação para o novo comprador responsavel Felipe. Retornar ligação quarta-feira 
1063;24/07/2015 12:00;Não;;Backed Potato;Ivan;Ligar sexta feira para o Danilo
1019;02/07/2015 12:00;Não;;Backed Potato;Ivan;"Liguei para o Danilo e mais uma vez disse que ia falar com o Diego. 

Email para diego.

Ligar novamente amanha só que para o Diego"
1044;19/08/2015 02:59;Sim;25/08/2015 19:15;Balas Juquinha;Renan;22/07/2015 entrei em contato, mas telefone já dá sinal de ocupado direto
77;20/10/2014 16:00;Não;;Balas Juquinha;Victor;"Fernanda respondeu e-mail em 07/10, disse que quando houver necessidade vai entrar em contato.



Ligar."
64;07/10/2014 11:00;Não;;Balas Juquinha;Victor;Tentar falar com a Fernanda!!
1169;15/09/2015 12:00;Não;;Bar Do Alemao;Renan;Conversei hoje com a Adriana , pediu para ligar em duas semanas
1095;24/08/2015 14:00;Não;;Bariloche;Flavio;Inauguraçao nova unidade 
919;29/06/2015 13:00;Não;;Bariloche;Flavio;Nova fábrica final de julho. Pedido com Evelyn
1598;03/10/2016 13:00;Não;;Batel Alimentos;Flavio;Entrar em contato em outubro 
991;13/07/2015 14:00;Não;;Batel Alimentos;Flavio;Estive la 01.07 e ainda não iniciaram os testes por conta de fechamento de mês. Retornar 13.07 
1194;22/09/2015 18:00;Não;;Bauducco;Simone;22.09.2015 - Nádia não chegou ainda telefone direto 2573.9565
1170;22/09/2015 13:00;Não;;Bauducco;Simone;15.09 - enviado apresentacao no e-mail da Nádia
889;11/06/2015 13:20;Sim;12/06/2015 19:13;Bebidas Piracaia;Jessica;Enviado cotação. Ligar
728;28/05/2015 11:00;Sim;19/10/2015 18:53;Bebidas Piracaia;Jessica;Enviado cotação, ligar para o Cliente.
1579;15/03/2016 02:59;Não;;Bebidas Poty;Victor;Não está essa semana. Ligar semana que vem e tentar agendar. Eles vão estar em auditoria.
1516;13/02/2016 01:59;Sim;10/03/2016 18:43;Bebidas Poty;Victor;Sandra pediu para ligar na segunda-feira e agendar.
1462;11/01/2016 10:00;Sim;27/01/2016 11:58;Bebidas Poty;Victor;Tentar passar segunda-feira
1244;05/01/2016 01:59;Sim;05/01/2016 18:45;Bebidas Poty;Victor;Enviado e-mail pedindo para me receber na segunda-feira. Não estava  na sala.
1236;03/10/2015 02:59;Sim;02/10/2015 13:31;Bebidas Poty;Victor;"Sandra disse que estão com um cliente novo, e eles exigem muitas coisas que dificultam um teste.

A linha de cerveja está sendo montada, e vai demorar mais um mês para começar a rodar. Disse que quando eu estiver por Rio Preto, posso ligar e agendar uma visita."
950;03/09/2015 02:59;Sim;29/09/2015 12:02;Bebidas Poty;Victor;Sandra fez uma cirurgia e vai ficar de repouso por uma semana. Só semana que vem.
647;22/06/2015 02:59;Sim;22/06/2015 14:05;Bebidas Poty;Victor;Sandra está de férias e só volta no meio de Junho.
572;22/05/2015 02:59;Sim;22/05/2015 18:10;Bebidas Poty;Victor;Sandra informou que os valores estão muito altos. Solicitei consumo por email para estudar valores menores.
533;13/05/2015 02:59;Sim;12/05/2015 19:29;Bebidas Poty;Victor;Sandra disse que só daqui a um tempo vai ver as questões dos químicos. É capaz de retornar, mas se ela não ligar, entrar em contato.
459;27/03/2015 02:59;Sim;30/03/2015 13:58;Bebidas Poty;Victor;Sandra está em São Paulo e volta só amanhã.
483;18/03/2015 02:59;Sim;24/03/2015 13:04;Bebidas Poty;Victor;Já foi realizado visita e passado cotação. Acompanhar.
527;11/03/2015 12:00;Sim;13/03/2015 12:02;Bebidas Poty;Victor;"Disse que trabalha com Ecolab e Diversey, é muito difícil trocar.



Visita agendada para quarta-feira, às 9:00."
388;09/03/2015 17:00;Sim;09/03/2015 15:06;Bebidas Poty;Victor;Está em reunião. Deixei recado.
427;15/02/2015 10:30;Sim;02/03/2015 13:39;Bebidas Poty;Victor;Visitar
1533;22/03/2016 02:59;Não;;Beira Rio;Alexandre Malhado;Ismael está de férias. Retorna dia 21-03-16.
1547;02/03/2016 02:59;Sim;11/03/2016 17:27;Beira Rio;Alexandre Malhado;Visita realizada com sucesso. Beira Rio é uma graxaria de porte pequeno. Ismael disse que usa atualmente 75 litros de desengraxante e 50 litros de sabonete. Ele irá agendar uma data para teste.
1492;01/03/2016 02:59;Sim;01/03/2016 13:35;Beira Rio;Alexandre Malhado;Visita agendada para dia 29-02-2016 às 08h30 com Ismael.
1279;08/10/2015 02:59;Sim;22/02/2016 12:17;Beira Rio;Victor;Xande
1113;27/09/2015 17:30;Sim;07/10/2015 18:32;Beira Rio;Victor;27/07/2015 liguei para falar com Ismael, mas está na fábrica, retornar mais tarde
1055;26/09/2015 12:00;Sim;17/09/2015 14:02;Beira Rio;Renan;ligar
1043;25/07/2015 02:59;Sim;04/09/2015 17:52;Beira Rio;Renan;23/07/2015 - Falei com José Carlos , disse que temos que retornar amanhã dia 24/07 e falar com Ismael
1034;16/08/2015 02:59;Não;;Beiruth Alimentos;Ivan;Reunião realizada dia 03\07 com a Daniela. Meio de agosto agendar o teste de 3 dias. Ela vai comprar nosso.
1017;30/07/2015 11:20;Não;;Beiruth Alimentos;Renan;"Ligar 



13/07/2015 - falei com Daniela, pediu para retornar no final de agosto, estão em auditoria"
1022;02/07/2015 12:00;Não;;Beiruth Alimentos;Ivan;Ligar 
962;02/07/2015 12:00;Não;;Beiruth Alimentos;Renan;"Trocamos alguns e-mails e telefonemas, tiveram auditorias e vao ter um follow up esta semana, ligar na primeira semana de Julho

compram de Pluron"
897;30/10/2015 01:59;Não;;Bel chocolates;Victor;Tâmara pediu para ligar daqui 15 dias para agendar visita, pois estão iniciando duas novas linhas e nem ela, e nem a reponsável pela higienização poderiam me receber. Foi simpática.
779;09/06/2015 02:59;Sim;10/06/2015 12:54;Bel chocolates;Victor;Tamara respondeu dizendo que não está testando novos fornecedores. Enviado e-mail perguntando se ela não pode receber uma visita semana que vem.
800;03/06/2015 02:59;Sim;02/06/2015 13:32;Bel chocolates;Victor;Aline disse que quem vê essas questões é a Tamara. Enviado e-mail para Tamara perguntando como é o processo.
841;02/06/2015 02:59;Sim;01/06/2015 20:13;Bel chocolates;Victor;"Deixado caderno para Aline Lázaro e Ellen.



Aline não pôde receber em mãos, pois toda sexta-feira durante a tarde ela faz análise microbiológica. Na Hercules, que é do mesmo grupo, falaram que na Bel compram produtos da Nippon. Precisa ligar para agendar visita outro dia."
351;21/01/2015 12:00;Sim;30/05/2015 17:34;Bel chocolates;Renan;16/01/2015 enviado catalogo por e-mail para Aline ( Qualidade)
1124;30/07/2015 02:59;Não;;Bel Cook Alimentos;Victor;liguei para Camila, estava ocupada deixei nosso telefone
690;29/05/2015 13:00;Não;;Belbon;Adriana;"Último contato em Janeiro.



Nutricionista informou que não tem tempo de avaliar nossos produtos."
194;19/01/2015 12:00;Não;;Belbon Alimentação;Renan;15/01/2015 - enviado apresentação por e-mail, obtive retorno da Ana ( Nutricionista ) retornar 2ªFeira dia 19/01
1030;07/07/2015 17:55;Não;;Bem Barato;Flavio;Ligar para Eliane passar o contato do Edvaldo
989;02/07/2015 13:00;Não;;Beneficencia Portuguesa S.A;Ivan;Emails impressos. Deixar para marilene cardoso amanhã.
1465;30/01/2016 01:59;Sim;11/03/2016 16:51;Beni Car;Alexandre Malhado;E-mail enviado para Daniela (setor de compras). No e-mail constam os valores dos produtos testados e aprovados. Aguardando retorno do e-mail.
1439;27/01/2016 01:59;Sim;27/01/2016 02:14;Beni Car;Alexandre Malhado;Daniel aprovou os produtos. Aguardando a Daniela (setor de compras) retornar de férias para darmos andamento no processo de compra. 
1453;12/01/2016 01:59;Sim;21/01/2016 11:45;Beni Car;Alexandre Malhado;Verificar com o Daniel se ele gostou dos produtos.
909;30/10/2015 01:59;Não;;Bialini;Victor;Renan, Jessica e Adriana passariam na semana passada. Colocar no Agendor como foi.
974;23/06/2015 02:59;Sim;17/09/2015 13:26;Bialini;Adriana;"Não passamos pela cidade de Campanha - MG.



"
146;14/06/2015 11:00;Sim;21/06/2015 16:18;Bialini;Victor;E-mail enviado. Continuar acompanhando.
167;24/11/2014 12:00;Sim;24/11/2014 19:08;Bialini;Victor;Izis disse que vai enviar consumo. Cobrar.
165;13/11/2014 10:00;Sim;13/11/2014 13:15;Bialini;Victor;"Izis respondeu que vai encaminhar ao Sr. Paulo.



Verificar quantidades para fazer próximo passo."
132;11/11/2014 09:30;Sim;12/11/2014 13:39;Bialini;Victor;e-mail enviado solicitando quantidade de consumo, e produtos utilizados. Dar andamento.
1129;03/09/2015 13:00;Não;;Big Bom Supermercados;Simone;13/08 - Eu Simone falei com Eduarda, estão com introdução de fornecedor suspensa, mas mesmo assim vou enviar apresentacao por e-mail
1358;06/11/2015 01:59;Não;;Bimbo;Victor;Junior entrou de férias. Só volta dia 03/11.
1267;15/10/2015 02:59;Sim;20/10/2015 18:17;Bimbo;Victor;Enviado e-mail para Junior cobrando o e-mail dele.
1223;08/10/2015 02:59;Sim;07/10/2015 19:26;Bimbo;Victor;"Junior disse que vai mandar um e-mail para o pessoal de ""sanidade"" e me colocar em cópia, pedindo uma previsão de teste.

FICAR EM CIMA!!"
1234;02/10/2015 02:59;Sim;02/10/2015 13:36;Bimbo;Victor;Dificil atender o tel. Enviado mais um email. FICAR EM CIMA!
1064;03/09/2015 02:59;Sim;28/09/2015 19:08;Bimbo;Victor;Enviado mais um e-mail perguntando sobre dar continuidade no processo.
1062;31/07/2015 02:59;Não;;Bimbo;Victor;Enviado mais um e-mail perguntando sobre dar continuidade no processo.
813;22/06/2015 02:59;Sim;22/07/2015 19:01;Bimbo;Victor;Enviado cadastro para Antonio Carvalho, e perguntado qual seria o próximo passo. Acompanhar.
804;04/06/2015 02:59;Sim;02/06/2015 13:12;Bimbo;Victor;Encaminhado para Simone.
828;02/06/2015 02:59;Sim;02/06/2015 12:35;Bimbo;Victor;Se Jeferson não preencher, encaminhar para Simone.
726;30/05/2015 02:59;Sim;28/05/2015 18:48;Bimbo;Victor;Enviado de novo para o Renan.
629;27/05/2015 02:59;Sim;27/05/2015 14:24;Bimbo;Victor;Junior enviou cadastro. Encaminhado para Renan e Jeferson. Assim que responderem, encaminhar para o Junior de volta.
592;22/05/2015 02:59;Sim;22/05/2015 19:31;Bimbo;Victor;Enviado e-mail solicitando papelada para andamento no processo.
613;16/05/2015 02:59;Sim;20/05/2015 19:55;Bimbo;Victor;Enviado e-mail solicitando papelada para andamento no processo.
586;29/04/2015 12:00;Sim;12/05/2015 12:14;Bimbo;Victor;Marcado visita para quarta-feira às 9:00.
506;23/04/2015 11:00;Sim;23/04/2015 14:46;Bimbo;Victor;Pediu para ligar amanhã.
474;03/04/2015 02:59;Sim;22/04/2015 19:59;Bimbo;Victor;"Ramal do Antonio Carvalho - 9312



Enviado e-mail com catalogo e solicitação para uma visita rápida."
538;25/03/2015 02:59;Sim;30/03/2015 12:50;Bimbo;Victor;Antonio Carvalho nunca atende. Liguei para Nivaldo de novo, ele passou outro numero, e ninguem atende também. Continuar tentando.
381;10/03/2015 13:00;Sim;24/03/2015 12:35;Bimbo;Victor;Ediane é gerente do Nivaldo. Tentei falar com ela, mas Nivaldo atendeu. Pessoal de compras está em treinamento. Tentar ligar amanhã.
303;03/02/2015 12:00;Sim;05/02/2015 18:39;Bimbo;Victor;Nivaldo disse que a concorrência é feita por compras, com Antonio Carvalho. Ligar para comprar e iniciar processo.
1142;21/08/2015 02:59;Não;;Bioleve;Sueli;20/08 Eu Sueli liguei varias vezes, Renan tb mandou email solicitando quais produtos ela compra para Limpesa Cip / Higienizaçao / Lubrificantes de esteira / assepicia até o momento ainda sem resposta
987;24/06/2015 12:00;Não;;Bioleve Sucos;Renan;reuniao terca feira dia 30
972;22/06/2015 21:00;Não;;Bioleve Sucos;Renan;Flavio passar la para deixar contatos com a Lilian e agendar
732;04/06/2015 12:00;Não;;Bioleve Sucos;Renan;ligar na proxima quinta para marcar reuniao
70;10/03/2015 10:00;Sim;11/03/2015 12:45;Bispo Alimentos;Victor;"Distribuidora de José Bonifácio. Ver quando estiver pela região de Rio Preto.
"
1220;18/09/2015 13:45;Não;;Blue Tree Hotel - Anália Franco;Adriana;"Hoje a Bianca está em outra unidade.

Ligar na 6ª feira. "
1032;15/07/2015 20:00;Não;;Boa Cozinha;Adriana;Kelvin está de férias. Retornar contato após dia 15/07.
711;01/06/2015 12:30;Sim;30/10/2015 11:26;Boa Cozinha;Adriana;"Em Janeiro os documentos do Sapone Bac foram reprovados.



Thiago manteve contato com a responsável da qualidade, mas não obtivemos retorno.



Paula - Diretora de Operações também encaminhou e-mail com a reprovação do produto.

Produto REPROVADO.

 

Não constam as seguintes informações:

1. Não informada a % concentração da substância triclosan (obrigatório)

2. Não possui a simbologia diamante de Hommel na seção 02 (obrigatório)



Entrar em contato em breve. Ligar para Edvaldo.

"
1400;31/10/2015 01:59;Não;;Bom Mart Frigorifico;Renan;envie apresentacao no e-mail da márcia meses atrás, porém não obtive retorno, tentei novamente hoje está de licença maternidade - falar com Márcio
670;02/09/2015 02:59;Sim;04/09/2015 17:56;Bom Peixe Pescados;Victor;Tassiana disse que enquanto estava de férias, fecharam contrato com a empresa que estava atendendo por um ano, mas pediu para manter contato. Conversa meio de louco. Falou para ligar lá para Agosto ou Setembro, pois agora estão com foco em algumas certificações, e alguma oportunidade pode surgir.
625;22/05/2015 02:59;Sim;22/05/2015 19:43;Bom Peixe Pescados;Victor;Enviado e-mail para Cesar solicitando continuidade do processo.
539;30/04/2015 02:59;Sim;12/05/2015 12:52;Bom Peixe Pescados;Victor;Enviado email para Cesar (cesar.mariano@bompeixe.com.br) com cotação e solicitando visita para acompanhamento da higienização e teste.
486;24/04/2015 02:59;Sim;23/04/2015 11:57;Bom Peixe Pescados;Victor;Foi feita visita. Passar os produtos equivalente da Kimium e agendar teste.
389;17/04/2015 13:00;Sim;22/04/2015 20:46;Bom Peixe Pescados;Victor;"NÃO ESQUECER!!!



Ela está muito enrolada neste período de quaresma. Ligar depois da Páscoa.



Visita agendada para o dia 22 de Abril às 10:00!"
213;02/03/2015 11:00;Sim;02/03/2015 19:30;Bom Peixe Pescados;Victor;Tassiana tinha acabado de fazer um treinamento com o pessoal da LimSept. Eles vão inicar um novo projeto, e ela quer aguardar para ver resultados. É capaz de em Março este treinamento já ter terminado, e os resultados demonstrados. Tentar conseguir uma oportunidade aí.
1255;14/01/2016 01:59;Não;;Bon-Mart;Victor;Marcia está em licença maternidade. Volta só ano que vem. Ligar em Janeiro.
874;03/09/2015 02:59;Sim;29/09/2015 11:57;Bon-Mart;Victor;Enviado cotação. Vão ter auditoria da China na semana que vem. Ligar na outra semana.
835;08/06/2015 02:59;Sim;11/06/2015 12:27;Bon-Mart;Victor;Buscar os produtos no Pigão.
696;03/06/2015 02:59;Sim;02/06/2015 13:57;Bon-Mart;Victor;Teste agendado para iniciar dia 08/06. Foi solicitado quantidades e produtos que precisam para os testes. Cobrar Marcia.
678;29/05/2015 02:59;Sim;28/05/2015 17:46;Bon-Mart;Victor;Disse que está envolvida em um questionário para a China, e que na semana que vem vai poder ver estas questões. Ligar para marcar testes.
567;15/05/2015 02:59;Sim;21/05/2015 11:47;Bon-Mart;Victor;Entrei em contato, Marcia não estava. Enviei e-mail para programar teste.
493;01/05/2015 02:59;Sim;12/05/2015 13:39;Bon-Mart;Victor;Enviado e-mail perguntando se consegue inicar os processos.
426;30/03/2015 12:00;Sim;06/04/2015 12:17;Bon-Mart;Victor;Vai ter três auditorias nos próximos dias (1 missão e 2 do Ministério),pediu para ligar depois do dia 18.
942;04/11/2015 01:59;Não;;BR Aves;Victor;Camila disse que este mês ainda está enrolada e que vai ser bem difícil, pois quem fornece é amigo do dono, mas não custa tentar. Ligar perto do fim de Julho para marcar para o começo de Agosto.
642;22/06/2015 02:59;Sim;22/06/2015 13:00;BR Aves;Victor;Camila disse que AresClean que atende eles no momento, e está enrolada com uma auditoria que vai ter semana que vem. Pediu para ligar no meio de Junho.
587;16/05/2015 02:59;Sim;21/05/2015 12:09;BR Aves;Victor;Visitar.
935;22/06/2015 17:00;Não;;Bragenfrig;Adriana;Ligar para a Tania.
1388;06/11/2015 11:00;Não;;Brasil Kirin;João Maffei;Entrar em contato com o Euler ainda essa semana.
1356;30/10/2015 01:59;Não;;BRF Foods;Victor;"Patricia foi atenciosa. Enviado e-mail com catálogo e pedido data para visita.

Acompanhar para ver se a Lactalis já resolveu as questões sobre os químicos para limpeza."
1188;09/10/2015 02:59;Sim;13/10/2015 17:37;BRF Foods;Victor;Telefone da unidade de Goiás só dá ocupado. Enviado email pedindo para visitar na segunda-feira (21/09).
1042;29/07/2015 02:59;Sim;17/09/2015 19:05;BRF Foods;Victor;"Denise disse que Marlise está de férias, e ia passar recado para Patricia Blenker que está viajando, mas me retornaria semana que vem.



Vai dar posição para ver se Lactalis já está com os processos de químicos alinhados."
819;25/06/2015 02:59;Sim;21/07/2015 20:13;BRF Foods;Victor;"Marlise disse que as empresas foram adquiridas pela Lactalis, e a partir da agora não sabe como vai ser. Pediu para eu enviar um e-mail perguntando, que ela responderá assim que souber.



Ficar em cima."
799;03/06/2015 02:59;Sim;02/06/2015 13:41;BRF Foods;Victor;Nem Nelter e nem Marlise estão nas unidades hoje. Tentar outro dia.
654;29/05/2015 02:59;Sim;28/05/2015 18:12;BRF Foods;Victor;Enviado e-mail para Nelter e Marlise (gerentes regionais) com apresentação. Nelter informou que é tudo feito pelo corporativo, e a maioria dos produtos são comprados da Ecolab e Diversey. Manter contato para agendar visita e homologar produtos.
239;26/05/2015 11:30;Sim;14/05/2015 14:41;BRF Foods;Victor;"Geander não trabalha mais lá.



Foi conversado com Jaqueline Assoni e enviado e-mail. Ela disse que vai encontrar o responsável, mas só na semana que vem, porque agora é fechamento de mês.



Dar foco assim que estiver com as questões do Marba, Estrela, Hosp. do Cancer, Minerva e Frimesa todas definidas."
634;22/05/2015 02:59;Sim;21/05/2015 13:33;BRF Foods;Victor;Parace que Nelter é o responsável pela qualidade na BRF de Carambeí. Tentar falar com ele.
43;26/11/2014 13:00;Sim;26/11/2014 16:38;BRF Foods;Victor;Ver tudo
1606;28/09/2016 13:00;Não;;Brico bread;Renan;Retornar ligaçao para agendar visita final de setembro
1585;12/09/2016 13:00;Não;;Brico bread;Flavio;05.09 entrei em contato com Djalma, recebeu orçamento. Agendaremos visita para semana de 12.08, pois essa semana é feriado em Cotia. 
1594;05/09/2016 13:00;Sim;02/09/2016 14:35;Brico bread;Flavio;"Conversei com o Djalma na quarta 31.08.16, enviei por e-mail orçamento e agendar visita para semana do dia 05.09. Compram da Larkim

"
1583;05/09/2016 13:00;Não;;Brico bread;Flavio;Ligar para agendar visita 05.09.2016. Ja encaminhei e-mail com orçamento. Compram da Larkim
1604;29/03/2016 02:59;Não;;C-Vale;Victor;Partir, começar! Vaaaamoo!!
1480;26/01/2016 01:59;Sim;23/03/2016 13:52;C-Vale;Victor;"Murilo disse ontem que está aguardando posição da Patrícia para todos conversarmos, e que pela Marisa está tudo certo.

Hoje Patrícia me disse que até segunda-feira vai mandar um e-mail para marcarmos esta reunião.

Ficar em cima."
1424;15/01/2016 01:59;Sim;21/01/2016 14:01;C-Vale;Victor;Ver se Murilo retornou de férias.
1041;27/09/2015 02:59;Sim;06/10/2015 20:14;C-Vale;Ivan;Mandei email pra Raquel avisando que estaremos no Parana semana que vem, para poder agilizar o teste
1123;07/08/2015 02:59;Não;;C-Vale;Renan;Estivemos com raquel , ela disse vai fazer pedido, pois nosso preco esta melhor
1004;02/07/2015 12:00;Sim;22/07/2015 20:07;C-Vale;Ivan;Ligar para Raquel para conversar a respeito da semana de teste
923;23/06/2015 02:59;Sim;22/07/2015 20:07;C-Vale;Ivan;"Acompanhamento feito. Alinhando a semana de testes e peguei o contato da Alessandra e Mariza demais responsaveis pelos produtos químicos dos outro setores.



(Ivanzinho, define agendamento para o negócio ficar lembrando e a gente não esquecer)"
871;20/06/2015 02:59;Sim;21/06/2015 16:11;C-Vale;Victor;Enviado e-mail para confirmar se vão realmente poder nos receber dia 12/06.
796;05/06/2015 02:59;Sim;05/06/2015 12:33;C-Vale;Victor;Raquel retornou a ligação, disse que conversou com o pessoal, mas não vão conseguir nos receber amanhã. Programou para sexta-feira dia 12/06, mas ficou de confirmar. Vai mandar e-mail para o pessoal hoje e confirmar até amanhã.
795;03/06/2015 02:59;Sim;02/06/2015 13:31;C-Vale;Victor;A hora que liguei, a Raquel já tinha saído. Chega amanhã as 7:30. Ligar cedo.
803;02/06/2015 02:59;Sim;01/06/2015 19:45;C-Vale;Victor;Raquel disse que vai ter uma reunião hoje ou amanhã com o pessoal do 3o. turno, que faz a higienização, e vai confirmar se a gente pode acompanhar no dia 03/06. 
366;28/05/2015 13:00;Sim;28/05/2015 18:53;C-Vale;Victor;Terminando HCancer e Estrela Alimentos, dar um foco para testar lá.
324;05/02/2015 12:00;Sim;02/03/2015 12:50;C-Vale;Victor;"Já conversado e combinado de agendar testes.



Quando Renan e Ivan estiverem testando no Larissa, vão passar por lá para testar ou só visitar. Acompanhar para ver se consegue direto o teste."
707;04/06/2015 12:00;Não;;Cacau Show;Renan;enviado a cotacao hoje, retornar para ela na proxima
653;28/05/2015 13:00;Sim;28/05/2015 14:10;Cacau Show;Renan;troquei e-mail hoje, retornar na semana que vem
6;28/05/2015 10:00;Sim;28/05/2015 14:09;Cacau Show;Victor;"Renan está fazendo acompanhamento.

Acompanhar também."
51;30/10/2014 01:59;Sim;03/11/2014 19:36;Cacau Show;Victor;Plano de higienização esteiras de produção.
1163;19/08/2015 13:35;Não;;Calu - Laticinios;Adriana;"Ligar!!! 

14/08 Aguardando Adriana confirmar viagem para Minas "
1109;29/07/2015 13:00;Não;;Calu - Laticinios;Victor;Marcelo não estava , falei com Marcos pediu para enviar e-mail para o Marcelo - marceloa@calu.com.br
901;22/06/2015 17:00;Não;;Calu - Laticinios;Adriana;"Enviar Fichas Técnicas.



Detergente Neutro: 500kg/mês

Ácido Peracético: 40 bombonas de 50L

Ácido Nítrico: 16 bombonas de 50L

Sapone Bac

Desinfetante"
1051;23/07/2015 12:00;Não;;Carolina Laticinio;Ivan;Liguei e me passaram o celular do Itamar 43 88595715. Não consegui falar com ele, só chamou.
1326;09/10/2015 02:59;Não;;CarolPan;Victor;Xande
293;27/09/2015 11:00;Sim;07/10/2015 18:01;CarolPan;Victor;"Visitar quando for a estrela d&#039;oeste"
41;03/02/2015 09:00;Sim;03/02/2015 16:04;CarolPan;Victor;Descobrir tudo
1577;23/03/2016 02:59;Não;;Casa Suíca;Victor;E-mail solicitando acompanhamento de higienização.
1459;15/01/2016 01:59;Sim;10/03/2016 18:47;Casa Suíca;Victor;Cristiane está de férias. Ligar depois do dia 12.
1316;05/01/2016 01:59;Sim;05/01/2016 19:06;Casa Suíca;Victor;Cristiane disse que talvez em Novembro a fábrica não rode 24 hrs e esteja mais tranquila. Pediu para ligar no fim de Outubro para organizar isso.
1203;14/10/2015 02:59;Sim;13/10/2015 14:54;Casa Suíca;Victor;Está no meio da campanha agora, vai ter auditoria na semana que vem, e pediu para ligar no início de outubro para a gente fazer um acompanhamento da higienização.
704;03/09/2015 02:59;Sim;17/09/2015 19:24;Casa Suíca;Victor;"Visita realizada. Disse que pode acompanhar a higienização da linha de bolos, que usa mais o gerador de espuma e limpa as mesas, mas gostaria que acompanhasse a higienização das linhas de panetone, que começam a ser produzidos em Agosto.



Ir acompanhando para ver se consegue ver a higienização da linha de bolos antes."
725;28/05/2015 10:00;Sim;28/05/2015 14:51;Casa Suíca;Victor;Cristiane agendou para amanhã as 7 da manhã.
604;27/05/2015 02:59;Sim;27/05/2015 13:12;Casa Suíca;Victor;Liguei para agendar visita para 29/04 e ela disse que tem muitos relatórios para entregar no dia 30/04 e está muito enrolada. Informei que vou para o interior dia 30 e retorno na semana do dia 11/05, e vou ligar para agendar visita.
455;27/04/2015 13:00;Sim;28/04/2015 17:59;Casa Suíca;Victor;"Disse que não está disposta a trocar, mas aceita uma visita. A conversa foi boa.



Ligar novamente daqui duas semanas para agendar visita.



estrada velha de itu, 1401 - Jandira - cristiane.waki@casasuica.com.br"
1089;26/09/2015 17:00;Sim;07/10/2015 13:45;Cassini;Victor;27/07/2015 - liguei , enviado apresentacao por e-mail - roberta@cassini.com.br
941;23/06/2015 20:00;Não;;Castellani Alimentos;Adriana;Confirmar com Nei da Limpeza.
1215;14/10/2015 17:00;Não;;Castelo alimentos.;Jessica;Marcou uma reunião para o dia 14 de outubro as 14:00 hs.
1132;14/08/2015 13:00;Não;;Castelo alimentos.;Jessica;"Reuniao remarcada para o dia 14- 08 sexta feira.

As 10 hs"
1096;12/08/2015 19:00;Não;;Castelo alimentos.;Jessica;Reunião as 16 hs dia 12 quarta feira 
1588;15/07/2016 02:59;Não;;Catupiry (Bebedouro);Victor;Thalita Paganelli disse que as auditorias mudaram para 06 e 07 de Julho, e é melhor ligar em Agosto.
1567;25/03/2016 02:59;Sim;06/06/2016 14:21;Catupiry (Bebedouro);Victor;Retornar em 24/03.  Está enrolada com auditorias.
1552;08/03/2016 02:59;Sim;10/03/2016 18:30;Catupiry (Bebedouro);Victor;Enviado e-mail para Thalita, para testarmos agora em Março.
1448;12/01/2016 01:59;Sim;01/03/2016 12:20;Catupiry (Bebedouro);Victor;Enviado e-mail. Tentar visitar fabrica de Bebedouro na semana que vem.
1337;05/01/2016 01:59;Sim;05/01/2016 18:51;Catupiry (Bebedouro);Victor;"Nunca mais encontrei no escritório.

Enviado e-mail."
1052;15/10/2015 02:59;Sim;21/10/2015 13:37;Catupiry (Bebedouro);Victor;A conversa foi boa novamente. A auditoria será de 18 a 21 de Agosto. Vai agendar para conversarmos com as supervisoras das 3 unidades em Bebedouro. Ligar dia 24 de Agosto.
953;23/07/2015 02:59;Sim;22/07/2015 19:52;Catupiry (Bebedouro);Victor;Vai ter auditoria nas fábricas de 18 a 21 de Julho. Ligar depois desta data.
825;22/06/2015 02:59;Sim;22/06/2015 15:03;Catupiry (Bebedouro);Victor;"Ficamos conversando por quase 10 minutos. Fátima está na empresa há quatro meses e ainda não conseguiu parar para organizar as questões dos químicos. Disse que tem bastante problema de bactéria na fábrica que produz queijos, e quer unificar todas as compras com uma só empresa. Falou que Talita é a pessoa responsável agora em Bebedouro.



Vai organizar as questões dos químicos a partir da segunda semana de Junho. Pediu para eu enviar em e-mail para irmos mantendo contato até lá.



maria.fatima@catupiry.com.br; rodrigo gerente de compras "
801;03/06/2015 02:59;Sim;02/06/2015 14:16;Catupiry (Bebedouro);Victor;Dna. Fátima fica mais em São Paulo. Já foi embora. Ligar amanhã cedo.
851;02/06/2015 02:59;Sim;01/06/2015 19:49;Catupiry (Bebedouro);Victor;Tentar agendar com Dna. Fátima para visitar na terça-feira 02/06.
720;30/05/2015 02:59;Sim;30/05/2015 17:03;Catupiry (Bebedouro);Victor;Angelica informou que a Supervisora Monica que cuidava dos produtos saiu da empresa. Dna. Fatima, que é a gerente da qualidade está em São Paulo, e é ela que poderia informar melhor sobre os produtos. Disse que talvez semana que vem a Fatima volte.
718;02/07/2015 02:59;Sim;04/09/2015 17:45;Catupiry (Sta Fé do Sul);Victor;Maysa vai estar viajando na semana que vem, e na outra vai entrar de férias. Pediu para eu ligar ligar Julho.
1084;06/08/2015 12:00;Não;;Cemil;Adriana;"Enviei e-mail para a Dalva cobrando abertura de testes.

Aguardar retorno. "
1082;28/07/2015 18:00;Não;;Cemil;Victor;liguei falei com Juliana(laboratório), disse que temos que falar com Dalva Araújo ela que homolga os produtos e faz testes-retornar mais tarde no ramal 1362
979;23/06/2015 16:00;Não;;Cemil;Adriana;Ligar 
1097;19/08/2015 13:00;Não;;Central de Sabores Patês e Antepastos;Victor;liguei no telefone 997861494 falei com Sr.Rubens já tem um fornecedor e não tem interesse em troca, mesmo assim enviei e-mail de apresentacao para centraldesabores@ig.com.br
833;28/05/2015 14:45;Não;;Centroeste;Flavio;Bomba dosadora (Seko) e mangueira
228;15/03/2015 13:00;Não;;Cepam;Renan;tem contrato com Ecolab
1238;13/07/2016 18:00;Não;;Cepam Panificadora;Simone;06.10 - Falei com Marcos novamente, disse que tem contrato com a Ecolab, e encerra em agosto de 2016, combinei de retornar para ele nessa época.
1248;05/10/2015 13:00;Sim;09/10/2015 18:55;Cepam Panificadora;Adriana;"Marcos está em horário de almoço.
Tentar contato."
1181;15/09/2015 18:00;Não;;Cepam Panificadora;Simone;15.09 - Marcso está em almoço, retornar
1171;15/09/2015 18:00;Não;;Cepam Panificadora;Adriana;Tentar contato.
1275;27/10/2015 01:59;Não;;Cepera Ind.e Com Alimentos(Catchup/Molhos);Simone;"09.10.2015 - Falei com Roseli não havia visto o e-mail ainda, combinei de rt semana que vem

22.10.2015 - Falei com Roseli, disse que limpeza cip é em Monte Alto, e-mail garantiadaqualidade@cepera.com.br - a/c débora, estou encaminhando e-mail para ela agora"
1266;13/10/2015 16:00;Não;;Cepera Ind.e Com Alimentos(Catchup/Molhos);Simone;07.10 - enviado apresentacao por e-mail - Agendar para Vilmar ir
1297;28/10/2015 01:59;Não;;Ceratti;Victor;Camila pediu para eu enviar um e-mail pedindo uma data para visita, pois semana que vem ela vai estar enrolada.
1262;09/10/2015 02:59;Sim;09/10/2015 17:39;Ceratti;Victor;Gabriel disse que a Camila é que é a responsável agora, mas não estava na mesa. Ligar mais tarde.
824;20/09/2015 02:59;Sim;06/10/2015 14:35;Ceratti;Victor;"Vai falar com Marcelo para agendar teste.



Usam da Bell Type.



Enviei e-mail propondo a semana do dia 22."
698;03/06/2015 02:59;Sim;03/06/2015 14:01;Ceratti;Victor;Gabriel informou que Maria Helena está se desligando da empresa. Talvez ele que cuide dessas coisas a partir de agora, mas está enrolado para receber visita. Pediu para ir tentarndo marcar.
1390;06/11/2015 11:00;Não;;Cervejaria Petropolis;João Maffei;Aguardando e mail enviado pelo Renan, caso não retornem irei entrar em contato com a Diretoria.
45;04/11/2014 10:00;Sim;04/11/2014 12:14;Céu Azul Alimentos;Victor;Ligar para ver se a JBS já assumiu e aprensetar produtos.
1345;20/10/2015 01:59;Não;;Chocolate Pan;Simone;"14/01/2014  - FALEI COM CELIA, PEDIU APRESENTACAO POR E-MAIL, E RETORNAR PARA ELA NO FINAL DE FEVEREIRO
COMPRAS@CHOCOLATEPAN.COM.BR
28/03/2014 – FALEI COM CELIA, PEDIU E-MAIL NOVAMENTE DE APRESENTACAO E CADASTRO DA PROAUTO
27/05/2014 – CELIA DISSE QUE ESTA COM UMA NOVA GESTAO, E QUE ESTÁ RESOLVENDO OUTROS ASSUNTOS, COMBINEI DE IR LIGANDO PARA VER SE VAMOS MARCAR VISITA
10/06/2014 – CELIA PEDIU PARA RETORNAR NO COMECO DE AGOSTO
19/08/2014 – FALEI COM CELIA ESTA COM ALGUMAS MUDANCAS NA PARTE DE GESTAO DA EMPRESA, E NÃO PODE COLOCAR NENHUM PRODUTO EM TESTE, PEDIU PARA RETORNAR NA 2ª QUINZENA DE SETEMBRO OU COMECO DE OUTUBRO
01/10/2014 – FALEI COM CÉLIA, PEDIU PARA AGUARDAR MAIS 15 DIAS, ESTAO COM MUDANCA NA DIRETORIA, AÍ ELA ME PASSA PARA O LABORATORIO
12/01/2015 FALEI COM CELIA PEDIU PARA LIGAR LA PRO DIA 28/01 PARA AGENDAR ALGUMA COISA PARA FEVEREIRO
28/01/2015 CELIA DISSE QUE SO VAO LIBERAR DEPOIS DO CARNAVAL
19/03/2015 CELIA DISSE QUE SO VAO LIBERAR DEPOIS DA PASCOA
28/04/2015 – CELIA PEDIU PARA IR LIGANDO
15/10/2015 - Liguei hj estava em reuniao
16/10/2015 - Falei com Célia hoje nem se lembra mais, pediu para encaminhar novamente o e-mail de apresentacao na 2ªfeira dia 19/10 .e ligar para ela"
1378;28/10/2015 11:00;Sim;22/02/2016 12:51;Churrascaria Farroupilha;Alexandre Malhado;Tentativa de contato com o Senhor Flávio (sócio proprietário). O mesmo não se encontrava. Tentarei novamente amanhã.
1351;28/10/2015 10:00;Sim;22/02/2016 12:51;Churrascaria Ventos do Sul;Alexandre Malhado;Visita agendada para dia 28-10-15 com Rebeca. Atualmente a empresa compra produtos da Quimidet.
939;04/08/2015 02:59;Sim;06/08/2015 12:20;Cia Muller - Bebidas 51;Renan;Covolan mandou e-mail , disse que estava corrido com a nova estacao de tratamento de agua e é para ligar em agosto.
1119;11/08/2015 11:00;Não;;Clube Primeiro De Maio.;Jessica;Terça feira teste na área da piscina. 
1603;01/04/2016 02:59;Não;;Cobb Vantress;Victor;Leonardo está em viagem. Ligar amanhã.
1510;12/02/2016 01:59;Sim;30/03/2016 14:25;Cobb Vantress;Victor;Leonardo está de férias até dia 10/02. 
1314;19/01/2016 01:59;Sim;21/01/2016 15:45;Cobb Vantress;Victor;Leonardo está mexendo nos programas de vacinação e não está podendo ver as questões dos produtos agora. Pediu para ligar no começo do ano que vem.
1116;27/09/2015 13:00;Sim;08/10/2015 12:13;Cobb Vantress;Victor;28/07/2015 - Leonardo está de férias, retorna dia 10/08
579;19/11/2015 01:59;Não;;Coca-Cola (Ribeirão Preto);Victor;Programar quando for pra Fortaleza, ou passar na unidade de Ribeirão Preto. Ficar sondando até ter uma brexa.
471;15/05/2015 02:59;Sim;14/05/2015 13:52;Coca-Cola (Ribeirão Preto);Victor;Mandei e-mail para a Karina pedindo o endereço do local no RJ.
521;30/03/2015 12:00;Sim;06/04/2015 12:30;Coca-Cola (Ribeirão Preto);Victor;Desde o dia que a Karina passou o número, não consegui falar. Deixei recado de voz. Se não retornar, tentar novamente.
395;10/03/2015 15:00;Sim;09/03/2015 14:03;Coca-Cola (Ribeirão Preto);Victor;Deixado caderno e enviado email para Karina solicitando número para homologação. Cobrar resposta.
507;09/03/2015 18:00;Sim;11/03/2015 19:01;Coca-Cola (Ribeirão Preto);Victor;Karina enviou e-mail dizendo para verificar quem é responsável pela homologação com Lucas Amendola, no número (21) 2559-1378
408;05/03/2015 11:40;Sim;09/03/2015 00:21;Coca-Cola (Ribeirão Preto);Victor;"Foi deixado caderno e catálogo para Gislaine, que quando conversou por telefone disse que a responsável é a Karina, que estava afastada, e voltaria no dia 09/02.

Parece que eles tem contrato com a Ecolab até o fim do ano."
1191;24/09/2015 16:00;Não;;Colpani Pescados;Renan;24/09/2015 Liguei para falar com o Martinho, por´me não estava, retornar
1221;29/09/2015 12:00;Não;;Comfort Hotel - Saint Peter;Alexandre Malhado;Visita agendada para o dia 29-09-15 às 9 horas com a Senhora Cida. 
1360;24/10/2015 01:59;Não;;Condomínio Portal do Morumbi;Simone;Cotação enviada novamente para Cecília, com detergente neutro
1250;08/10/2015 02:59;Sim;09/10/2015 18:55;Condomínio Portal do Morumbi;Simone;Adriana solicitou amostras
1257;01/10/2015 02:59;Não;;Condomínio Portal do Morumbi;Simone;25/09 enviado catálogo no e-mail da Roseli
1213;29/09/2015 02:59;Não;;Condomínio Portal do Morumbi;Simone;24.09 - Cecilia ex.funcionaria da Ciama, solicitou visita da Adriana para apresentar nossos produtos, já enviei e-mail para Adriana
1582;09/03/2016 02:59;Não;;Consuma;Jessica;Reunião
1599;28/09/2016 13:00;Não;;Cooper Lat;Renan;Retornar ligacao final de setembro
981;26/06/2015 17:00;Não;;Cooper Rita;Adriana;Dar andamento.
938;22/06/2015 21:00;Não;;Cooper Rita;Adriana;"Enviar cotação para Tatiana.



Peróxido de Hidrogenio

Ácido Nítrico

Soda aditivada 

Detergente Neutro"
1549;30/03/2016 02:59;Não;;Cooperativa Lar;Victor;Ligar amanhã
1401;11/11/2015 01:59;Sim;10/03/2016 20:45;Cooperativa Lar;Victor;Roselaine não pode receber hoje e nem amanhã cedo. Só amanhã a tarde. Se ficar até amanhã, ligar e visitar.
1091;31/10/2015 01:59;Não;;Cory Alimentos;Victor;28.07.2015 Suelen, enviou reposta do e-mail pedindo para o teste ser feito em alguma sexta-feira do mes de agosto, copiado e-mail Victor,aguardando retorno do mesmo
1065;28/09/2015 02:59;Sim;07/10/2015 12:39;Cory Alimentos;Renan;22/07/2015 - Liguei ,mas Suellen já tinha ido embora retornar 23/07
729;27/09/2015 02:59;Sim;07/10/2015 14:40;Cory Alimentos;Victor;Ligar segunda-feira para ver como vai ser a semana. A produção está fraca.
1122;26/09/2015 13:00;Sim;07/10/2015 12:39;Cory Alimentos;Victor;"28/07/2015 - Suelen pediu para enviar e-mail para ela, deixar registrado, pois precisa ver que pé esta as coisas.

Parece que conversou com Ivan algumas vezes, mas estavam meio tumultuados"
1072;24/07/2015 02:59;Sim;17/09/2015 14:01;Cory Alimentos;Renan;22/07/2015 - Liguei ,mas Suellen já tinha ido embora retornar 23/07
610;28/05/2015 02:59;Sim;28/05/2015 14:01;Cory Alimentos;Victor;Liguei para Suelen, e ficamos de na semana que vem, ou na outra agendarmos o dia do teste.
516;05/05/2015 02:59;Sim;12/05/2015 14:00;Cory Alimentos;Victor;Amostras entregues, testar quando Suelen voltar de férias.
509;02/04/2015 02:59;Sim;22/04/2015 19:53;Cory Alimentos;Victor;Foi pedido para Simone separar amostras.
490;26/03/2015 02:59;Sim;30/03/2015 13:45;Cory Alimentos;Victor;Enviado e-mail para Suelen solicitando quantidade de consumo. Cobrar
451;12/03/2015 11:00;Sim;13/03/2015 12:12;Cory Alimentos;Victor;"Já foi feito visita. Vai passar consumo aproximado dos produtos para podermos fazer teste. Cobrar resposta.
"
432;05/03/2015 17:00;Sim;09/03/2015 00:23;Cory Alimentos;Victor;Marcado visita para quinta-feira, às 14:00 hrs.
439;13/02/2015 12:00;Sim;27/02/2015 17:19;Cory Alimentos;Victor;Suelen está em treinamento. Já foi deixado caderno e cartão. Ligar semana que vem, pois está em treinamento.
205;05/02/2015 12:00;Sim;05/02/2015 19:13;Cory Alimentos;Victor;Conversei novamente com Suelen, ela ficou de responder email para eu levar os produtos para ela testar quando eu estiver por Barretos.
201;09/01/2015 10:00;Sim;13/01/2015 12:08;Cory Alimentos;Victor;Enviado e-mail com catálogo, cotação, FISQPs e Boletins técnicos. Acompanhar e fazer visita quando estiver na região de Ribeirão Preto.
206;26/11/2014 16:00;Sim;04/12/2014 12:48;Cory Alimentos;Victor;Conversar com Suelen
192;26/11/2014 16:00;Não;;Cory Alimentos;Victor;Falar com Suelen
904;13/06/2015 02:59;Não;;Curral De Minas;Jessica;Conversei com a Sônia, ela trabalha com a Diversey, no momento fechou contrato mas disse que pode receber a gente na próxima semana para fazer uma visita. Só ligar assim que estiver na região.
1376;29/10/2015 01:59;Não;;Cutrale Sucocítrico;Alexandre Malhado;Amostra deixada lá no último sábado (24-10-15) com o próprio Ayr. Estou tentando contato com ele para saber se já usou o produto, mas ainda não foi possível.
1359;24/10/2015 01:59;Sim;27/10/2015 17:02;Cutrale Sucocítrico;Victor;Já conversado com Ayr. Alexandre vai deixar as amostas na sexta-feira.
1328;16/10/2015 02:59;Sim;21/10/2015 13:27;Cutrale Sucocítrico;Victor;Aguardando amostras do peracético.
830;07/10/2015 02:59;Sim;07/10/2015 19:11;Cutrale Sucocítrico;Victor;Thiago enviou e-mail para Ayr. Aguardar resposta para enrolar.
814;02/06/2015 02:59;Sim;02/06/2015 20:08;Cutrale Sucocítrico;Victor;Ver se Thiago já conversou com Ayr para dar uma enrolada e ver o que vai fazer.
673;30/05/2015 02:59;Sim;30/05/2015 17:02;Cutrale Sucocítrico;Victor;Deu tudo errado. Ver se novo peracético já chegou e mandar novamente.
623;14/05/2015 02:59;Sim;20/05/2015 13:13;Cutrale Sucocítrico;Victor;Solicitado novas amostras para Simone e Thiago
454;13/05/2015 02:59;Sim;12/05/2015 19:31;Cutrale Sucocítrico;Victor;Enviado e-mail para Ayr perguntando a quantidade de produto necessária para análise.
530;25/03/2015 13:30;Sim;30/03/2015 13:39;Cutrale Sucocítrico;Victor;Eric pediu para ligar amanhã neste mesmo horário, para ver questões da higienização da produção.
361;17/03/2015 13:00;Sim;24/03/2015 13:38;Cutrale Sucocítrico;Victor;Eric entrou de férias dia 23 e só volta dia 16 de março.
274;06/02/2015 12:00;Sim;27/02/2015 11:58;Cutrale Sucocítrico;Victor;Encaminhado e-mail para Renan, para fazer cadastro de fornecedor. Ver se já está tudo ok.
275;03/02/2015 12:00;Sim;04/02/2015 18:04;Cutrale Sucocítrico;Victor;Foi deixado caderno e AB-AL 200 em 30/01/15. Eric falou para conversar com Fernando Capi, de compras, para vender produtos.
199;01/02/2015 10:45;Sim;01/02/2015 23:50;Cutrale Sucocítrico;Victor;Tem produto em estoque. Vai testar o que tem para ver se funciona. Vai começar a limpeza daqui duas ou três semanas. Acompanhar.
220;09/01/2015 12:00;Sim;13/01/2015 12:08;Cutrale Sucocítrico;Victor;Eric chegou de férias hoje. Vai conversar com o pessoal do Almoxarifado, pois conversou com o pessoal a limpeza, e já vai dar um retorno.
236;16/12/2014 16:00;Sim;07/01/2015 10:48;Cutrale Sucocítrico;Victor;Visitar Eric quando estiver pela região. Já recebeu e-mail com valores.
238;08/12/2014 10:00;Sim;09/12/2014 16:38;Cutrale Sucocítrico;Victor;"Produtos testados: AB - AL 200 (100%), 1000 Decrust (0%), Pro HA - 3000 CL (80%) e Mult 10.000 (85%).



Enviado cotação via Fernando, pois Eric não recebe e-mails externos. Acompanhar.

"
103;29/11/2014 10:00;Sim;04/12/2014 13:01;Cutrale Sucocítrico;Victor;Confirmar com Eric quando estiver pela região e testar produtos.
100;11/11/2014 09:00;Sim;12/11/2014 17:34;Cutrale Sucocítrico;Victor;Ainda não testou as amostras. Ligar e tentar agendar teste para a outra semana, quando eu estiver pela região, se ele já não tiver testado.
26;07/11/2014 10:00;Sim;07/11/2014 17:44;Cutrale Sucocítrico;Victor;Ver se já conseguiu testar as amostras. / Solicitar amostras para remoção de fuligem de laranja e cana, e visitar Eric na semana do dia 27/10.
72;07/10/2014 11:00;Não;;Cutrale Sucocítrico;Victor;Falar com Eric. Já foi enviado email ao Fernando, pois Eric não recebe e-mail externo.
958;30/06/2015 12:00;Não;;CVNC - Parmalat;Renan;Reuniao dia 30 !
854;17/06/2015 13:00;Sim;24/06/2015 20:44;CVNC - Parmalat;Renan;conversei com a Soeli, pediu para ligar na quinta que vem para agendar reuniao, compra da Kalykim
636;27/05/2015 13:00;Não;;CVNC - Parmalat;Renan;Catalogo deixado a um mes atras, liguei para Soeli agora e ela esta de ferias, volta na semana que vem.
764;23/06/2015 02:59;Sim;22/07/2015 20:04;D'Guste;Victor;Produtos entregues e dosador instalado. Acompanhar para ver se dosador está dosando direito.
839;02/06/2015 02:59;Sim;02/06/2015 12:53;D'Guste;Victor;Entregar produtos e dosador na segunda-feira.
691;29/05/2015 02:59;Sim;30/05/2015 16:58;D'Guste;Victor;Carregar produtos e dosador para entregar sexta-feira.
615;26/05/2015 02:59;Sim;27/05/2015 20:35;D'Guste;Victor;Adriana pediu para instalar nosso dosador pois vai trabalhar com a gente. E o que ela tem, deu pau.
510;13/05/2015 02:59;Sim;12/05/2015 19:30;D'Guste;Victor;"Ir acompanhando com Adriana da Unidade de Estrela D&#039;Oeste. Fizeram um pedido. Trabalhar para atender todas as unidades.



Ver o resultado do Pro Alkim e Alkim CL, limpa alumínio, 3000 CL e Pro Grun."
384;24/03/2015 13:00;Sim;30/03/2015 12:19;D'Guste;Victor;Vilma entrou de férias e só volta dia 23/03.
372;16/02/2015 10:30;Sim;27/02/2015 12:37;D'Guste;Victor;Amostras já deixadas. Ver se gostou.
407;12/02/2015 09:15;Sim;12/02/2015 11:24;D'Guste;Victor;Deixar amostra de produtos cedinho.
304;06/02/2015 12:00;Sim;11/02/2015 23:50;D'Guste;Victor;A visita já foi feita. Vilma informou que até amanhã já vai passar e-mail com os produtos que utiliza, e assim, fazer testes.
299;03/02/2015 10:00;Sim;04/02/2015 17:31;D'Guste;Victor;Vilma pediu para visitar quando estiver pela região. 
215;15/01/2015 20:00;Sim;22/01/2015 16:53;D'Guste;Victor;Donizete informou que está mudando a cozinha. Pediu para entrar em contato lá para o meio de Janeiro.
1060;11/08/2015 02:59;Não;;Damm Pescados;Renan;22/07/2015 - Barbara está de férias, retorna em agosto
730;29/05/2015 12:00;Não;;Damm Pescados;Renan;Enviado e-mail para a Barbara da Qualidade com apresentacao, vai avaliar
423;03/03/2015 11:30;Sim;03/03/2015 13:58;Damm Pescados;Victor;Passar para o Ivan.
340;17/02/2015 12:00;Sim;02/03/2015 14:22;Damm Pescados;Victor;Enviado e-mail com cotação. Acompanhar.
1562;25/03/2016 02:59;Não;;Danone - Água;Victor;Rafael de férias. Resposta automática. Enviado e-mail para Samara.
1545;24/03/2016 02:59;Sim;21/03/2016 18:37;Danone - Água;Victor;Enviado e-mail novamente.
1536;09/03/2016 02:59;Sim;21/03/2016 18:11;Danone - Água;Victor;Enviado e-mail para retomar conversa. Acompanhar.
601;02/03/2016 02:59;Sim;14/05/2015 13:45;Danone - Água;Victor;Divisão de águas acabou de fechar contrato com a Kalykim por 12 meses. Ano que vem começar a acompanhar em Março.
611;19/11/2015 01:59;Sim;01/03/2016 12:13;Danone - Água;Victor;Deixar um brinde no fim do ano.
554;14/05/2015 02:59;Sim;14/05/2015 13:43;Danone - Água;Victor;Enviado e-mail para Rafael Prado. Eles estão interessado em conhecer novos fornecedores. Ficar em cima.
555;06/05/2015 02:59;Sim;13/05/2015 18:11;Danone - Água;Victor;VAAAAAAAAAAAAAAAIIIIIIIIIIIIIIIIIIIIIIIIIIIIIIIIII!!!!!!!!!!!!!!!!!!!!!!!!!!!!!!!!!
1018;29/06/2015 19:00;Não;;Di Cunto;Ivan;"Reuniao realizada com Elis e Marco. 

Mandar os produtos equivalentes aos que a ELis quer cotar conosco. "
977;26/06/2015 13:00;Não;;Di Cunto;Renan;reuniao maracada para sexta feira as 10H com o Marco
1167;14/09/2015 17:00;Não;;Dias & Proença( Restaurantes Industriais);Renan;10/09/2015 - Tentando falar com a Chrissie
1571;16/03/2016 02:59;Não;;Divine Motel;Alexandre Malhado;"Não consigo contato ia telefone. E-mail enviado novamente.
"
1495;25/02/2016 02:59;Sim;11/03/2016 17:51;Divine Motel;Alexandre Malhado;Nenhuma resposta. Novo e-mail enviado.
1525;09/02/2016 01:59;Sim;22/02/2016 13:41;Divine Motel;Alexandre Malhado;Mariá respondeu e-mail dizendo que essa semana está muito enrolada e provavelmente semana que vem conseguirá me atender. Aguardando agendamento de visita.
1466;03/02/2016 01:59;Sim;02/02/2016 23:17;Divine Motel;Alexandre Malhado;Mariá ainda não respondeu o e-mail dizendo se olhou ou não o catálogo. Mandei outro e-mail pedindo agendamento de visita.
1438;23/01/2016 01:59;Sim;29/01/2016 11:27;Divine Motel;Alexandre Malhado;Mariá respondeu e-mail dizendo que irá olhar nosso catálogo e entrará em contato. Mandar novo e-mail na sexta-feira, caso ela ainda não tenha entrado em contato.
1431;23/01/2016 01:59;Sim;20/01/2016 13:15;Divine Motel;Alexandre Malhado;E-mail enviado para Mariá (atendimento@divinemotel.com.br) para agendamento de visita. Aguardando resposta.
1218;30/09/2015 02:59;Sim;20/01/2016 11:15;Divine Motel;Alexandre Malhado;Falei com a Mariá e ela pediu para que eu retornasse o contato na próxima terça-feira (29-09-15), pois a gerente está de férias e só retornará ao trabalho nesse dia. A empresa possui lavanderia própria. Os produtos de limpeza são fornecidos por duas empresas: Mustang Pluron e a outra ela não lembrou o nome.
722;28/05/2015 02:59;Não;;Divino Fogão;Jessica;Ligar
1087;04/08/2015 12:00;Não;;Doce Mineiro;Adriana;"Falei com Marcelo hoje por telefone. 

Estavam passando por auditoria. Ligar amanhã cedo para confirmar a data dos testes."
988;07/07/2015 12:00;Não;;Doce Mineiro;Adriana;"Eu tentei contato nos 2 telefones hoje e só deu caixa postal. 

Ligar!!!"
965;25/06/2015 16:00;Não;;Doce Mineiro;Adriana;Ligar para o Marcelo. Agendar teste. 
907;22/06/2015 20:00;Não;;Doce Mineiro;Adriana;Enviar cotação para Marcelo.
1312;08/10/2015 20:00;Sim;08/10/2015 19:21;Doces Covizzi;Alexandre Malhado;Tentativa de contato. O Senhor Mário (um dos proprietários) não estava. Tentarei mais tarde novo contato. 
1311;08/10/2015 02:59;Sim;08/10/2015 17:00;Doces Covizzi;Victor;Xande
1102;28/09/2015 02:59;Sim;07/10/2015 18:40;Doces Covizzi;Victor;28.07 - mario nao estava
856;28/09/2015 02:59;Sim;07/10/2015 18:40;Doces Covizzi;Victor;Mario não está na empresa hoje. Deve ter emendado o feriado.
534;06/06/2015 02:59;Sim;05/06/2015 12:39;Doces Covizzi;Victor;Mario casou, está de licença e só volta semana que vem.
330;24/03/2015 11:00;Sim;24/03/2015 14:41;Doces Covizzi;Victor;"Foi deixado caderno. Acompanhar.
"
295;03/02/2015 10:00;Sim;03/02/2015 16:07;Doces Covizzi;Victor;Agendar quando souber a data que vai para Rio Preto.
111;16/01/2015 14:00;Sim;22/01/2015 17:05;Doces Covizzi;Victor;Falar com Mario e agendar visita novamente.
1283;28/10/2015 01:59;Não;;Doces Terra;Victor;"Compra os formulados da ATL. Disse que tem medo de mexer nos da limpeza CIP, mas no final deu uma abertura.

Enviado apresentação por e-mail novamente. Dar uma passada quando estiver pela região."
1075;27/09/2015 02:59;Sim;07/10/2015 17:56;Doces Terra;Renan;20/07/2015 Falei com Miriam(qualidade) faz limpeza cip - usa detergente acido/peracético / alcalino - enviado apresentacao por e-mail qualidade@docesterra.com.br
1038;24/07/2015 02:59;Não;;Doces Terra;Renan;20/07/2015 Falei com Miriam(qualidade) faz limpeza cip - usa detergente acido/peracético / alcalino - enviado apresentacao por e-mail qualidade@docesterra.com.br
1029;06/07/2015 18:00;Sim;11/08/2015 13:47;Dom Luis;Alexandre;Ligar e marcar visita
832;03/06/2015 02:59;Sim;01/06/2015 18:22;Dori Alimentos;Victor;Gislaine da Jazam trabalhava na Dori, e disse que usavam produtos da Diversey. Entrar em contato e organizar tudo.
692;29/05/2015 11:00;Não;;Dubhay Terceirização;Jessica;Conversei com o Márcio, enviar cotação. 
827;05/06/2015 13:00;Sim;12/06/2015 19:14;Dunga Biscoitos;Renan;email de apresentacao enviado para a Ilza, jessica acompanhar
1406;12/01/2016 01:59;Sim;25/02/2016 14:45;EBBA Maguary;Victor;IPT está de recesso. Só semana que vem.
1414;06/01/2016 01:59;Sim;07/01/2016 17:47;EBBA Maguary;Victor;Foco
1396;24/11/2015 01:59;Não;;EBBA Maguary;Jessica;Eu e Victor fizemos reunião, a Bruna disse que realmente o que ela aprova para entrar para teste é preço inicial. Start começa a testar 10 de dezembro ate 10 de janeiro com preço inicial a R$2,10. Depois de algumas conversas ela disse que ira nos enviar a ficha técnica dessa soda da start, e nos podemos enviar uma nova proposta e se for aceito iniciar testes em 10 de Janeiro.
1278;31/10/2015 01:59;Não;;EBBA Maguary;Jessica;Marcar uma reunião para novembro.
1256;02/10/2015 13:00;Sim;09/10/2015 18:55;EBBA Maguary;Jessica;"Enviado email para Renan perguntando sobre preços.
Bruna em cópia.
Ligar sexta para perguntar se ela recebeu os valores."
862;12/06/2015 13:00;Não;;Ebicen - Glico;Renan;flavio ?
751;28/05/2015 12:00;Não;;Ebicen - Glico;Renan;Flavio nunca havia ido, falou com o porteiro no numero 3686 7626 ou Valderez compradora Ou Karla.
289;28/05/2015 11:00;Sim;28/05/2015 14:52;Ebicen - Glico;Victor;"E-mail com cotação já enviado.



Simone, solicitar 1 litro de Klinbe, Klin Se7e e Karbox para amostras, por favor.



Levar amostras assim que estiverem prontas.
"
338;20/01/2015 11:00;Sim;22/01/2015 19:59;Ebicen - Glico;Renan;Reuniao amanha
1305;11/12/2015 01:59;Não;;Embrase;Victor;"Eli atendeu e disse que a pessoa responsável é a Léia. O contrato termina em fevereiro de 2016 e ela não quis falar qual empresa era a fornecedora atual. Disse que a empresa entrega ponto a ponto.

Entrar em contato em Dezembro ou Janeiro."
56;26/09/2015 10:05;Sim;13/10/2015 11:25;Embrase;Victor;Tudo
826;23/06/2015 02:59;Sim;22/07/2015 20:03;Enova Foods Catanduva;Victor;Enviado cotação. Dar uma passada quando estiver por Catanduva. Consumo baixo.
772;03/06/2015 02:59;Sim;02/06/2015 13:44;Enova Foods Catanduva;Victor;Passar fichas técnicas para Jocineia.
810;30/05/2015 02:59;Sim;01/06/2015 02:55;Enova Foods Catanduva;Victor;Foi passado o consumo. Enviar cotação.
688;30/05/2015 02:59;Sim;28/05/2015 17:48;Enova Foods Catanduva;Victor;Enviado e-mail novamente pedindo consumo para poder passar cotação.
682;26/05/2015 02:59;Sim;27/05/2015 11:59;Enova Foods Catanduva;Victor;Visitar segunda-feira as 8:30
668;23/05/2015 02:59;Sim;22/05/2015 17:43;Enova Foods Catanduva;Victor;Ana pediu para enviar e-mail solicitando data para visita. Pedi para amanhã ou segunda.
641;22/05/2015 02:59;Sim;21/05/2015 14:15;Enova Foods Catanduva;Victor;Atualizar
1504;26/02/2016 02:59;Não;;Fábricas de Doce Santa Helena;Alexandre Malhado;"O primeiro e-mail enviado dia 21-01-16 não foi respondido. Mandei novo e-mail para francislaine.roberta@santahelena.com
Aguardando resposta."
1461;27/01/2016 01:59;Sim;22/02/2016 13:10;Fábricas de Doce Santa Helena;Alexandre Malhado;Tentativa de contato via telefone. Fui informado que a empresa não marca visitas. É necessário mandar e-mail (compras@santahelena.com) antes pedindo autorização. E-mail enviado e aguardando retorno. 
1352;03/11/2015 11:15;Não;;Faria Lima Flat;Alexandre Malhado;Visita agendada para dia 03-11-15 as 09:15 com Fátima. 
1211;03/10/2015 02:59;Sim;27/10/2015 16:06;Faria Lima Flat;Alexandre Malhado;Contato realizado via telefone.  A pessoa responsável (Fátima) não se encontrava no estabelecimento. Ligarei novamente na próxima sexta-feira (02-10-15).
775;05/11/2015 01:59;Não;;Fazenda Bela Vista;Victor;Paulo Cesar disse que encaminhou a informação aos responsáveis pelas plantas, mas ninguém ainda deu retorno. Pediu para eu aguardar para ver se tem algum sinal de algum responsável.
749;02/06/2015 02:59;Sim;02/06/2015 12:26;Fazenda Bela Vista;Victor;Enviado e-mail com catálogo para Paulo Cesar e Maurinho. Agendar visita.
750;29/05/2015 02:59;Sim;28/05/2015 14:50;Fazenda Bela Vista;Victor;Celso informou que quem trata dessas questões é o Maurinho, diretor agropecuário, que não está na empresa. Ligar depois.
608;14/11/2015 01:59;Não;;Fazendinha;Victor;Valdir disse que o pessoal não gostou de nenhum produto, e está fechando com a Biochemical. Ligar daqui a uns meses quando tiver tempo e tentar reverter.
1107;30/10/2015 16:00;Não;;Fazendinha;Victor;27/07/2015 - Valdir não estava, deixei recado com Adriana, e nosso telefone para retorno
551;30/04/2015 12:00;Sim;13/05/2015 17:37;Fazendinha;Victor;Levar amostras e testar às 9:00
577;30/04/2015 11:00;Sim;28/04/2015 18:03;Fazendinha;Victor;Separar amostras para levar quinta-feira.
1078;06/08/2015 02:59;Não;;Ferraspari Bebidas e Refrigerantes;Renan;21/07/2015 - Usa produto da diversey, não recebe visitas, enviei apresentacao por e-mail 
1141;18/08/2017 12:05;Não;;Festival Ceagesp;Jessica;"deixei o nosso produto instalado no diluidor da Ecolab.

proxima semana ligar para o Leandro."
1073;24/07/2015 17:00;Não;;Festival Ceagesp;Jessica;Leandro agendona reunião.
778;28/05/2015 23:30;Sim;19/10/2015 18:53;Festival Ceagesp;Jessica;Conversei com a Bruna. Trabalha com Ecolab, mas tem interesse nos nossos produtos. Enviar ainda hoje cotação 
845;09/06/2015 18:00;Sim;10/06/2015 14:53;Flamboia;Renan;Visitamos 02.06 com Daniela, Camacho e Ricardo. Agendamos para 09.06 terça as 16:30 com Miriam e após as 20:45 
846;09/06/2015 17:00;Não;;Flamboia;Renan;"Reunião 02.06 agendamos visita para 09.06 terça as 16:30 e Após 20:45

Miriam 16:30

Daniela tratamento de água "
932;16/06/2015 17:00;Não;;Florio Alimentos;Flavio;Inicia os testes 16/06 terça com a qualidade. Já enviado Fispq
805;03/06/2015 18:00;Não;;Florio Alimentos;Renan;teste marcado para segunda feira as 16H, flavio soliticar um pouco de mult 10000
660;02/06/2015 12:00;Sim;03/06/2015 19:44;Florio Alimentos;Renan;Teste marcado para terca feira, solicitado amostras para simone
899;15/06/2015 13:00;Não;;Forno de Minas;Renan;conversei com a adriana, ligar terca feira para avisar dia da visita
1346;29/10/2015 01:59;Não;;Frango da Villa;Simone;21.10 - Jackson e Aguinaldo estão na região , pediu telefone e nome da pessoa
1379;23/10/2015 01:59;Não;;Frango da Villa;Simone;Estou ligando mas celular so chama para verificar se Jackson e Aginaldo podem ir la hoje que estão na região
1165;21/09/2015 13:00;Não;;Frango da Villa;Renan;10/09/2015 Não consigo falar com a Edneia, então enviei apresenatcao por e-mail - 
1485;05/02/2016 01:59;Sim;25/01/2016 11:00;Frango Facio;Alexandre Malhado;Visita realizada. Vitor confirmou o que já havia dito: os produtos foram aprovados. Mostrei a ele a economia que a empresa terá com os nossos produtos. Ele quer conversar primeiramente com o fornecedor atual antes de fechar alguma coisa com a gente. Pediu para que aguardemos algumas semanas.
1499;27/01/2016 01:59;Sim;25/01/2016 13:24;Frango Facio;Alexandre Malhado;Vitor mandou whatsapp hoje pela manhã perguntando se conseguimos melhorar os preços. Está muito interessado. Irei responder amanhã.
1444;22/01/2016 01:59;Sim;22/01/2016 23:42;Frango Facio;Alexandre Malhado;"Teste realizado no dia 14-01-2016. 

Produtos testados:

• Neuterax Green – 1 x 5. O Vitor só irá testar o nosso quando o dele acabar. Creio que esse produto não será aprovado, uma vez que os colaboradores lavam as botas com as mãos, não usam luvas. Irei verificar com o Victor e o Renan se algum detergente neutro faz a mesma função.

• Sapone Bac – 1 x 5. Também não foi testado, mas esse produto não tem segredo.

• Kimi Kroko (antigo Pro Há 2000 CL) – 1 x 5. Usado 500 ML em um gerador cheio. Produto teve êxito e boa aceitação.

• Pro Há 3000 CL – 3 x 5. Usado 500 ML em um gerador cheio. Produto teve êxito e boa aceitação.

Obs: A quantidade usado no gerador atualmente com o produto do corrente (Detergente Clorado) é de 1200 ML para um gerador cheio.

Ainda sobrou 4 litros no Pro Ha 3000 CL e 4,5 litros do Kimi Kroko, eles irão usar na próxima semana para nos dar um feedback.
"
1458;15/01/2016 01:59;Sim;15/01/2016 10:59;Frango Facio;Alexandre Malhado;Teste marcado para o dia 14-01-16 às 14h30m.
1435;13/01/2016 01:59;Sim;14/01/2016 10:32;Frango Facio;Alexandre Malhado;Tentativa de contato para marcar o teste. Vitor não estava na empresa.
1437;12/01/2016 01:59;Sim;12/01/2016 11:22;Frango Facio;Alexandre Malhado;"Email enviado para Simone pedindo os seguintes produtos para teste.

• Neuterax Green – 1 x 5
• Sapone Bac – 1 x 5
• Kimi Kroko (antigo Pro Há 2000 CL) – 1 x 5
• Pro Há 3000 CL – 3 x 5

Assim que chegarem, irei marcar o dia para teste com o proprietário Vitor."
1450;05/01/2016 01:59;Sim;06/01/2016 18:26;Frango Facio;Alexandre Malhado;"Visita realizada com sucesso no dia 17-12-2015. O Vitor permitiu fazermos um teste com nossos produtos. Produção de 15 mil frangos/dia.

Atualmente a empresa usa os seguintes produtos da Quimidet:

• Detergente Para Botas - 50 Litros : R$ 225,00 - 2 galões/mês. 
• Sabonete Bactericida - 5 Litros : R$ 66,00 - 4 galões/mês.
• Detergente Clorado - 50 Litros : R$ 302,00 - 5 ou 6 galões/mês.
 
Irei agendar o teste para o mês de janeiro de 2016. 

"
1451;17/12/2015 01:59;Sim;18/12/2015 11:15;Frango Facio;Alexandre Malhado;Tentativa de contato com o Vitor, porém fui informado que hoje pela manhã ele não comparecerá na empresa. Ligarei no período da tarde.
1420;11/12/2015 01:59;Sim;16/12/2015 11:34;Frango Facio;Alexandre Malhado;"Email enviado para o Sr. Vitor com a cotação dos seguintes produtos:

NEUTERAX GREEN     R$ 345,00 - 50 Litros
SAPONE BAC	     R$ 280,00 - 50 Litros
PRO HA 1000 CL     R$ 500,00 - 50 Litros
PRO HA 2000 CL     R$ 300,00 - 50 Litros

Acompanhar a resposta do email.
"
1412;28/11/2015 01:59;Sim;15/12/2015 16:29;Frango Facio;Alexandre Malhado;Novamente Victor não estava na empresa. Ligarei amanhã.
1440;27/11/2015 01:59;Sim;26/11/2015 15:50;Frango Facio;Alexandre Malhado;Ligar hoje após as 13:30
1422;27/11/2015 01:59;Sim;26/11/2015 17:58;Frango Facio;Alexandre Malhado;Victor não se encontra na empresa. Ligarei as 15 horas
1235;01/11/2015 01:59;Sim;26/11/2015 13:13;Frango Facio;Victor;Não está na empresa hoje. Ligar amanhã
1092;27/07/2015 18:00;Sim;29/09/2015 11:43;Frango Facio;Victor;27/07/2015 - Victor está almoçando, retornar mais tarde
878;23/06/2015 02:59;Sim;17/09/2015 13:54;Frango Facio;Victor;Ainda não voltou. Talvez semana que vem...
791;10/06/2015 02:59;Sim;11/06/2015 14:12;Frango Facio;Victor;Vitor casou e está de férias. Só semana que vem.
630;03/06/2015 02:59;Sim;02/06/2015 13:20;Frango Facio;Victor;Telefonista disse que Vitor está correndo atrás das coisas do casamento dele até a outra semana, por isso está difícil encontrá-lo na empresa. Ir tentando.
476;22/05/2015 02:59;Sim;21/05/2015 12:58;Frango Facio;Victor;Enviei e-mail pergutando se gostaram. Aguardar resposta.
495;13/03/2015 12:00;Sim;13/03/2015 12:32;Frango Facio;Victor;Visitei Vitor e deixei 3000 CL. Ligar para ver se gostaram.
544;10/03/2015 11:00;Sim;11/03/2015 12:59;Frango Facio;Victor;Visitar Walter Antonio amanhã cedo.
390;09/03/2015 18:00;Sim;09/03/2015 18:54;Frango Facio;Victor;"Vitor disse que é tudo por comprar, com Walter Antonio. Foi enviado email para os dois solicitando visita.



Aguardar."
401;03/03/2015 18:00;Sim;03/03/2015 13:07;Frango Facio;Victor;Ligar para Victor e agendar visita.
1366;15/10/2015 02:59;Não;;Frango nutribem;Victor;"Rafael disse que a diretoria não tem interesse. Deve ser mentira.

Xande, tenta lá e ve se vc consegue."
766;10/10/2015 02:59;Sim;13/10/2015 17:47;Frango nutribem;Victor;Enviado e-mail perguntando se tem alguma novidade.
644;03/06/2015 02:59;Sim;03/06/2015 11:43;Frango nutribem;Victor;Rafael disse que passou para o pessoal da diretoria mas não deram resposta. Fica meio com medo de cobrar o diretor, mas vai ver se comenta essa semana. Disse que posso ligar de novo no fim da semana que vem.
565;22/05/2015 02:59;Sim;22/05/2015 18:15;Frango nutribem;Victor;Telefone só chama. Tentar passar lá quando estiver por Rio Preto, ou continuar tentando.
624;14/05/2015 02:59;Sim;14/05/2015 12:19;Frango nutribem;Victor;Rafael está de férias. Volta só em Maio.
504;10/04/2015 02:59;Sim;23/04/2015 13:25;Frango nutribem;Victor;"Enviado email novamente.



Cobrar."
415;30/03/2015 20:00;Sim;06/04/2015 13:30;Frango nutribem;Victor;E-mail já enviado com fichas e fispqs, e solicitação para fazer teste sem custo. Cobrar resposta.
411;06/03/2015 10:00;Sim;09/03/2015 00:15;Frango nutribem;Victor;Passar todas as informações que estão marcadas no caderno.
402;04/03/2015 19:00;Sim;05/03/2015 00:42;Frango nutribem;Victor;Visita marcada para quarta-feira as 16:00
254;15/02/2015 10:00;Sim;02/03/2015 13:58;Frango nutribem;Victor;"Enviado e-mail para Rafael solicitando os produtos que querem que teste. Compram da New Drop e diretor tem resistência a troca.

Trabalhar para mudar isso. Visitar quando estiver por Rio Preto"
71;29/11/2014 09:05;Sim;25/11/2014 16:20;Frango nutribem;Victor;Tudo
1467;23/02/2016 02:59;Não;;Frango Ouro;Alexandre Malhado;Débora não se encontra na empresa. Tentar mais tarde.
1269;09/10/2015 02:59;Sim;22/02/2016 11:36;Frango Ouro;Victor;Xande
409;27/09/2015 13:00;Sim;07/10/2015 18:03;Frango Ouro;Victor;Ler todo o histórico antes de ligar para a Débora.
282;04/03/2015 13:00;Sim;05/03/2015 00:39;Frango Ouro;Victor;"Informou que o dono é amigo do dono da Quimidet, e fechou contrato com eles. Débora não está satisfeita.



Tentar falar com o dono e fazer trabalho em alguma unidade para ele ter comparativo."
319;03/02/2015 12:00;Sim;04/02/2015 17:38;Frango Ouro;Victor;Enviado e-mail perguntando se já recebeu as cotações de todos os fornecedores. Tentar agendar teste.
143;13/01/2015 10:30;Sim;22/01/2015 12:43;Frango Ouro;Victor;Está aguardando orçamentos de outros fornecedores. Disse que assim que tiver com todas as cotações o pessoal de compras, ou ela, vai entrar em contato para agendar testes.
91;01/12/2014 10:30;Sim;25/11/2014 16:21;Frango Ouro;Victor;Está aguardando orçamentos de outros fornecedores. Disse que assim que tiver com todas as cotações o pessoal de compras, ou ela, vai entrar em contato para agendar testes.
94;17/11/2014 12:00;Sim;18/11/2014 16:11;Frango Ouro;Victor;Cotação respondida. Tentar agendar testes.
160;13/11/2014 17:00;Sim;13/11/2014 11:40;Frango Ouro;Victor;Responder cotação e tentar agendar testes se for cliente bom.
145;10/11/2014 10:30;Sim;12/11/2014 13:31;Frango Ouro;Victor;Já teve a visita, deu tudo certo. Na semana que vem, vai estar mais tranquila. Entrar em contato e dar andamento no processo pedindo as quantidades para passar valores.
98;30/10/2014 09:30;Sim;07/11/2014 12:31;Frango Ouro;Victor;Na época da visita (15/10) estava enrolada com problema de temperatura na fábrica, em 23/10 recebei a notícia que vai ter visita do ministério e está enrolada de novo. Ligar em 30/10
55;12/01/2015 09:00;Não;;Frango Rico;Victor;Ver se abre uma brexa para teste este ano.
1354;27/10/2015 01:59;Não;;Frango Rosaves;Victor;Cristiane disse que um gerador está ok, mas o outro não está muito bom. Vai me ligar para falar qual, e falar também sobre as saboneteiras.
1263;16/10/2015 02:59;Sim;21/10/2015 16:31;Frango Rosaves;Victor;Precisam que regule o gerador de espuma. Se programar para passar lá.
985;26/09/2015 11:00;Sim;07/10/2015 12:35;Frango Rosaves;Ivan;Teste em andamento. PRodutos aprovados pelo pessoal e pela Jane encarregada da limpeza. Final da semana fazer o relatório e conversar preço.
1056;28/08/2015 13:00;Sim;04/09/2015 17:56;Frango Rosaves;Ivan;"Liguei para Cristiane. Retornar a ligação mês que vem a partir do dia 18



Marcado treinamento dia 31/08 as 14:30 c/Cristiane da qualidade - passado e-mail para Ivan e Renan "
1016;14/07/2015 13:00;Sim;17/09/2015 17:43;Frango Rosaves;Victor;Cristiane está enrolada em alguns relatórios até o dia 10. Após este dia irá definir com Renato.
990;02/07/2015 12:00;Sim;04/09/2015 17:46;Frango Rosaves;Ivan;Ligar para o comprador. 
900;23/06/2015 02:59;Sim;25/06/2015 17:00;Frango Rosaves;Victor;Ivan vai iniciar o teste com 3000CL e Neu 200A (neuterax green). Na terça-feira vai trazer mais 3000CL e os outros produtos (Sapone Bac, Pro Bac AL, Pro R1... ou outros que pegar lá na hora)
797;09/06/2015 02:59;Sim;21/06/2015 15:32;Frango Rosaves;Victor;Enviado fichas e boletins técnicos, e pedido produtos que usam para levarmos os equivalentes se já não forem os enviados. Cobrar resposta.
837;02/06/2015 02:59;Sim;02/06/2015 12:50;Frango Rosaves;Victor;Teste agendado para o dia 22/06. Enviar fichas tecnicas e deixar tudo certo.
717;30/05/2015 02:59;Sim;29/05/2015 11:16;Frango Rosaves;Victor;Cristiane vai receber visita amanhã às 6:30
686;29/05/2015 02:59;Sim;28/05/2015 12:56;Frango Rosaves;Victor;Cristiane pediu para eu ligar amanhã, pois está saindo para Botucatu agora.
44;24/05/2015 11:20;Sim;27/05/2015 11:41;Frango Rosaves;Victor;Tudo
1177;04/09/2015 13:00;Não;;FrangodaVilla ( São José do Rio Pardo);Simone;03/08 - Eu Simone liguei e falei com Telefonista pediu para enviar e-mail para Edneia
1058;22/07/2015 16:00;Não;;Frangoeste;Ivan;Marcar visita com o Valter.
1023;07/07/2015 11:00;Não;;Frangoeste;Ivan;Conversei com a qualidade, Cristiane. Marcar visita com dois dias de antecedência semana que vem. 
1548;17/03/2016 02:59;Não;;Freskito;Renan;11/03/2016 Marcada novamente visita para dia 21/03 - parte da manhã - usa prodts ecolab, pediu amostra do contratipo topax 67 - detergente quaternário de amônia sem espuma / sapone bac / kimi liquid / neuter / pro hs - Adriana vai visitar
1368;17/10/2015 02:59;Não;;Freskito;Simone;Alterado visita para dia 16/10 na parte da manhã, j solicitado amostras - Victor retira 
1322;08/10/2015 13:00;Não;;Freskito;Simone;07.10 enviado apresentacao por e-mail
1164;11/08/2015 02:59;Não;;Friella;Renan;deixamos catalogo no dia 28/7 a cuidados da Raquiel da qualidade, passei os contatos no e-mail do ivan hoje e estou colocando como responsavel do cliente no agendor
1573;19/03/2016 02:59;Não;;Frig West;Alexandre Malhado;Rui não se encontra na empresa.
1578;02/03/2016 02:59;Sim;17/03/2016 19:26;Frig West;Alexandre Malhado;Rui não se encontra na empresa.
1505;23/02/2016 02:59;Sim;29/02/2016 18:59;Frig West;Alexandre Malhado;Rui não se encontra na empresa.
1513;13/02/2016 01:59;Sim;22/02/2016 13:25;Frig West;Alexandre Malhado;Ligar após as 15 horas
1488;04/02/2016 01:59;Sim;12/02/2016 15:23;Frig West;Alexandre Malhado;Solicitei o Kimi Kroko para a Simone. Assim que chegar irei marcar o teste com o Ruy. Avisar o Ruy que é do Victor, filho do Gilberto da Sebo Sol.
1287;09/10/2015 02:59;Sim;29/01/2016 11:22;Frig West;Victor;Xande, não me deixa esquecer de amanhã pedir para separar amostra do 2000 CL para testar no Frig West. O Renan vai para Rio Preto nesse fds, e aí ele já deixa com vc.
848;28/09/2015 02:59;Sim;07/10/2015 18:37;Frig West;Victor;3000 CL aprovado. Vão testar o Neuterax na sexta-feira. Cotação já enviada.
768;04/06/2015 02:59;Sim;03/06/2015 19:48;Frig West;Victor;Teste remarcado com Vanda para amanhã.
705;03/06/2015 02:59;Sim;02/06/2015 13:25;Frig West;Victor;Teste agendado para terça-feira 02/06.
712;29/05/2015 02:59;Sim;28/05/2015 16:27;Frig West;Victor;Retomar conversa com Ruy.
745;30/09/2015 13:00;Não;;Frigo Astra;Renan;Ligar
1134;11/08/2015 12:00;Não;;Frigo Astra;Renan;passado no agendor para ivan responsavel, agendar visita para segunda ou terca quando estaremos la
591;14/05/2015 13:00;Não;;Frigo Astra;Renan;Ligar para Clarissa
1106;30/07/2015 13:00;Não;;Frigo Plus;Victor;29.07 procurei Robson nao voltou do almoço ainda
963;15/07/2015 12:00;Sim;26/06/2015 03:49;Frigo Plus;Renan;Retornar dia 15 de Julho
1012;03/07/2015 17:00;Não;;Frigo Plus;Adriana;Liguei hoje para o Robson. Pediu para retornar no final da semana.
758;01/07/2015 13:00;Sim;26/06/2015 03:49;Frigo Plus;Renan;visita realizada hoje, falamos com o dono, utiliza produtos domesticos, retornar em julho
1200;13/01/2016 01:59;Não;;Frigoboi;Alexandre Malhado;Contato realizado com o senhor Antônio Luis. O mesmo relatou que não foi inaugurado a desossa, pois vai esperar passar a crise. Manteremos contato. Ligarei em janeiro de 2016.
706;02/06/2015 02:59;Sim;08/06/2015 18:06;Frigocruz;Victor;Dyonathan disse que está fazendo outros testes agora, e pediu para ligar na segunda-feira para agendar a data do teste.
58;13/10/2014 11:00;Não;;Frigoestrela;Victor;Iniciar testes
25;13/10/2014 11:00;Não;;Frigoestrela;Victor;Início dos testes
7;13/10/2014 11:00;Não;;Frigoestrela;Victor;Testes
1423;08/01/2016 01:59;Não;;Frigol;Victor;Tratar com André de suprimentos.
1372;05/01/2016 01:59;Sim;06/01/2016 16:53;Frigol;Victor;"Silviane disse que ficou mais caro. Fiz proposta de custo fechado. Silviane disse que vai analisar e vai dar retorno semana que vem.

Não largar!!"
1347;17/10/2015 02:59;Sim;16/10/2015 13:35;Frigol;Victor;"Elaine disse que vai tentar fazer o comparativo de preços ainda hoje.

Acompanhar."
1301;09/10/2015 02:59;Sim;13/10/2015 17:40;Frigol;Victor;Enviado cotação por e-mail. Acompanhar
1144;07/10/2015 02:59;Sim;06/10/2015 20:15;Frigol;Victor;Silviane volta de férias daqui umas 3 semanas. Deixado recado para Tancredo retornar. Letícia em reunião.
914;30/06/2015 02:59;Sim;25/08/2015 19:12;Frigol;Victor;Estão em auditoria nesta semana. Não estão testando nada. Voltar semana que vem.
852;12/06/2015 02:59;Sim;21/06/2015 15:55;Frigol;Victor;Teste dos produtos para carretilha foi ruim de novo. Dar um tempo e fazer de um jeito para ir na certeza na próxima vez.
785;05/06/2015 02:59;Sim;05/06/2015 12:34;Frigol;Victor;Ivan vai acompanhar teste dos produtos para carretilha amanhã.
788;02/06/2015 02:59;Sim;02/06/2015 19:52;Frigol;Victor;Ivan vai trazer amostras e deixar na Frigol segunda-feira (01/06)
694;29/05/2015 02:59;Sim;30/05/2015 16:57;Frigol;Victor;Pegar novas amostras para carretilha
620;27/05/2015 02:59;Sim;27/05/2015 20:34;Frigol;Victor;Conversado com Rogério. Agendar visita com Letícia.
285;14/04/2015 11:00;Sim;23/04/2015 14:17;Frigol;Victor;Iniciar processo.
78;29/01/2015 09:45;Sim;01/02/2015 23:08;Frigol;Victor;TUDO
905;13/06/2015 02:59;Não;;Frigorífico Albatroz;Jessica;Falei com o Maciel, ele disse que pode passar para fazer uma visita. Depois das 13 hs 
68;07/10/2014 11:00;Sim;06/10/2014 18:42;Frigorifico Angelelli;Victor;Entrar em contato e agendar reunião com Marcos
1608;08/04/2016 02:59;Não;;Frigorífico Better Beef;Alexandre Malhado;"Jaqueline estava fazendo integração e não poe atender o telefone. Ligarei hoje no período da tarde.

"
1569;08/03/2016 02:59;Sim;07/04/2016 12:23;Frigorífico Better Beef;Alexandre Malhado;Nova tentativa de contato. Jaqueline pediu para que mandasse novo e-mail. E-mail enviado. Ligarei amanhã cedo para lembrá-la..
1483;17/02/2016 01:59;Sim;29/02/2016 18:55;Frigorífico Better Beef;Alexandre Malhado;Jaqueline estava em treinamento.
1498;09/02/2016 01:59;Sim;15/02/2016 11:54;Frigorífico Better Beef;Alexandre Malhado;Jaqueline disse que o Sandro (Supervisor) voltou ontem de viagem e provavelmente irá responder o e-mail hoje. 
1520;27/01/2016 01:59;Sim;05/02/2016 13:14;Frigorífico Better Beef;Alexandre Malhado;Aproveitei a visita na cidade de Rancharia e passei no Frigorífico Better Beff. Não pude entrar, pois não estava com hora marcada, o que já era esperado.  Deixei uma agenda e um catálogo na portaria com o Senhor Davi para que o mesmo entregasse para a Jaqueline. 
1463;23/01/2016 01:59;Sim;22/01/2016 23:49;Frigorífico Better Beef;Alexandre Malhado;E-mail enviado solicitando agendamento de visita. Aguardando retorno.
1417;21/01/2016 01:59;Sim;20/01/2016 11:54;Frigorífico Better Beef;Alexandre Malhado;Não consegui contato com o Sandro (Gerente Industrial). Transferiram minha ligação para o Controle de Qualidade e falei com a Jaqueline. Ela solicitou um e-mail com a apresentação da nossa empresa e dos nossos produtos antes de agendar uma visita conosco. jaqueline.silva@betterbeef.com.br
1389;18/11/2015 15:59;Não;;Frigorifico Boa Vista;Jessica;"Agendado teste para 30/11.

Concorrente New Drop/nippon/spartan. 

Neutro, clorado geradores

carretilhas

peracetico,quartenário

linha automotiva, shampoo, intercapio. "
8;07/10/2014 10:30;Não;;Frigorifico Boi Mix;Victor;Confirmar orçamento com Renan.
1566;17/03/2016 02:59;Não;;Frigorífico Boi Mix;Alexandre Malhado;CNPJ 18.715.000/0001-33 foi consultado no dia 11/03/16 e está aprovado.
1543;15/03/2016 02:59;Sim;14/03/2016 11:30;Frigorífico Boi Mix;Alexandre Malhado;"Passar quando estiver indo para Estrela D´Oeste. Contato na empresa com Fernanda (recepcionista e compradora). Atualmente compra produtos do Faria.
Visitar sempre no período da tarde."
922;23/10/2015 01:59;Não;;Frigorífico Cardeal;Victor;"Roberta disse que já fechou com a Limsept, e que a gente nunca demostrou interesse, e que no teste a gente foi só lá um dia, bateu gerador na sala de máquina e foi embora. Não pode mexer em nada até ter a certificação, e só vai poder ver isso em Outubro, pois a certificação é em Setembro.



Ligar e começar do zero."
868;12/06/2015 02:59;Sim;12/06/2015 13:27;Frigorífico Cardeal;Victor;Roberta disse para eu passar lá quando estiver por São Paulo.
763;04/06/2015 02:59;Sim;05/06/2015 12:23;Frigorífico Cardeal;Victor;Roberta está em reunião. Ligar depois.
752;03/06/2015 02:59;Sim;03/06/2015 12:24;Frigorífico Cardeal;Victor;Roberta só vai estar na empresa semana que vem.
666;26/05/2015 02:59;Sim;27/05/2015 11:54;Frigorífico Cardeal;Victor;Visitar Roberta assim que chegar em Santo André.
607;15/05/2015 02:59;Sim;21/05/2015 11:57;Frigorífico Cardeal;Victor;Roberta só chega mais tarde. Foi enviado e-mail para ver se ela consegue me receber hoje.
552;30/04/2015 13:00;Sim;14/05/2015 13:14;Frigorífico Cardeal;Victor;Renan acompanhou com Adriana testes. Adriana envou e-mail para Roberta solicitando abertura para novo teste, pois Roberta foi emboraantes do fim da higienização no dia do acompanhamento. Ligar para alinhar tudo que precisa.
136;05/12/2014 12:00;Sim;16/12/2014 17:03;Frigorífico Cardeal;Victor;Vai ter auditoria. Pediu para ligar no fim da primeira semana de Dezembor.
178;18/11/2014 12:00;Sim;18/11/2014 10:25;Frigorífico Cardeal;Victor;Ela está analisando valores e tudo, mas está muito enrolada e não está conseguindo focar isto. Pediu para ligar sexta da semana que vem.
121;04/11/2014 13:00;Sim;07/11/2014 10:50;Frigorífico Cardeal;Victor;Ligar para Camila (Qualidade), e ver se ela quer que a gente faça um plano de higienização, instale a máquina para desincrustação, e tal...
18;21/10/2014 09:00;Não;;Frigorífico Frian;Victor;Tudo
1590;11/06/2016 02:59;Não;;Frigorifico Friato;Victor;"Luciano está com a agenda apertada nessa semana, mas disse que posso tentar passar na sexta-feira de manhãzinha. Tentar passar perto das 7:30.

Ou ligar e tentar marcar na segunda-feira."
1009;30/06/2015 11:00;Não;;Frigorífico Frigonossa;Adriana;"Ligar sem falta para Pedro Sérgio na quarta-feira, dia 01/7,

Cobrar produtos utilizados."
964;23/06/2015 13:00;Não;;Frigorífico Frigonossa;Adriana;Ligar para Pedro Sérgio no período da manhã. 
883;22/06/2015 13:00;Sim;12/06/2015 19:13;Frigorífico Frigonossa;Jessica;"Enviado cotação, ligar 
"
930;13/06/2015 02:59;Sim;12/06/2015 19:13;Frigorífico Frigonossa;Jessica;"Uma das donas se chama Claudia Merli 
Pedro Sérgio é primo da Claudia, ela disse para ligar para ele e agendar horário "
955;12/06/2015 17:00;Sim;19/10/2015 18:53;Frigorífico Frigonossa;Jessica;"Acabei de ligar, retornar no período da tarde.

"
993;07/07/2015 11:00;Não;;Frigorifico Laranjal;Ivan;Agendar semana que vem visita com a Beatriz. Gerente da qualidade
1049;30/10/2015 01:59;Não;;Frigorifico Martini Alimentos;Renan;Agendada visita para 20/07 parte da manhã, remarcar visita para Victor ir no final dessa semana
1059;23/07/2015 02:59;Não;;Frigorifico Martini Alimentos;Renan;Falei com Mary, pediu para passar lá na 4ª ou 5ªfeira, hj também teve imprevisto não ia poder atender
1001;03/07/2015 10:00;Não;;Frigorifico Nosso;Ivan;Passar sexta feira. 
1472;15/03/2016 02:59;Não;;Frigorífico Olhos d'Agua;Alexandre Malhado;Contato realizado via telefone. A pessoa responsável (Mari) está de férias e retornará dentro de 15 dias. 
1325;09/10/2015 02:59;Sim;22/02/2016 11:46;Frigorífico Olhos d'Agua;Victor;Xande, eu imagino que esse seja um cliente bom. Não tive tempo de ficar em cima. Vai pra cima.
811;28/09/2015 02:59;Sim;07/10/2015 18:35;Frigorífico Olhos d'Agua;Victor;Visitar quando for para Barretos SEM FALTA!
337;01/06/2015 13:00;Sim;01/06/2015 02:58;Frigorífico Olhos d'Agua;Victor;Visitar quando estiver passando pela região.
27;29/01/2015 10:00;Sim;01/02/2015 23:20;Frigorífico Olhos d'Agua;Victor;Agendar visita
1394;19/11/2015 01:59;Não;;Frigorífico Santa Lúcia;Jessica;"Agendado teste para semana do dia 30/11. Conversado com Rodrigo qualidade, estão com problema com fornecedor atual.

concorrente Use Química."
913;23/06/2015 02:59;Não;;Frigorífico Santa Lúcia;Adriana;"Enviar cotação e catálogo para o Jander.



"
1610;13/09/2016 02:59;Não;;Frigorifico Super Frango;Victor;Rose disse que Ricardo está de férias, mas volta dia 12/09 às 7:30 da manhã. Encontrá-lo lá. Se não conseguir, falar com Daniela.
1587;04/06/2016 02:59;Sim;02/09/2016 19:35;Frigorifico Super Frango;Victor;Visita agendada com Ricardo para dia 06/06. Ligar 03/06 para ter certeza.
1605;30/04/2016 02:59;Sim;10/05/2016 18:44;Frigorifico Super Frango;Victor;Enviado fichas técnicas novamente. Pedido visita para a semana de 16/05 ou 23/05. Ficar em cima.
947;16/06/2015 02:59;Não;;Frigorifico Wessel;Flavio;Passar preços conforme e-mail da Cibele
701;01/06/2015 17:00;Não;;Frigorifico Wessel;Renan;Reuniao segunda feira
171;28/05/2015 11:00;Sim;28/05/2015 14:10;Frigorifico Wessel;Victor;"Cibele - (11) 3107-4561



Renan pegou o contato de outra pessoa. Acompanhar juntos."
1535;03/03/2016 02:59;Não;;Frigosul;Alexandre Malhado;Contato via telefone com Marcela. Disse que irá enviar hoje o e-mail com os produtos e quantidade dos produtos usados.
1530;01/03/2016 02:59;Sim;01/03/2016 13:39;Frigosul;Alexandre Malhado;Contato realizado rapidamente por telefone, uma vez que ela estava em reunião. Ela ratificou que irá mandar a quantidade e o nome dos produtos usados atualmente.
1477;24/02/2016 02:59;Sim;22/02/2016 17:19;Frigosul;Alexandre Malhado;E-mail enviado agradecendo a visita e lembrando sobre os produtos.
1475;20/02/2016 01:59;Sim;19/02/2016 16:36;Frigosul;Alexandre Malhado;Visita realizada no dia 17-02-16. Marcela irá passar por e-mail os produtos e a quantidade que utiliza atualmente.
1473;18/02/2016 01:59;Sim;19/02/2016 16:30;Frigosul;Alexandre Malhado;Visita agendada para dia 17/02 às 14h30 com Marcela.
1500;12/02/2016 01:59;Sim;15/02/2016 12:09;Frigosul;Alexandre Malhado;Contato realizado com Marcela. Ela não lembrou dos contatos anteriores. Pediu para que eu retornasse o contato dia 11-02-2016 no período da tarde para conversarmos a respeito.
1338;29/10/2015 01:59;Não;;Frigosul;Victor;"Marcela pediu para enviar um e-mail solicitando os itens que consomem. 

Ficar em cima."
501;22/10/2015 16:30;Sim;23/10/2015 17:10;Frigosul;Victor;"Enviei e-mail hoje. Tentar visitar hoje mesmo em Aparecida D&#039;Oeste se der tempo."
428;24/03/2015 13:00;Sim;30/03/2015 12:29;Frigosul;Victor;"Marcela ainda não foi para Aparecida d&#039;Oeste. Disse que talvez vá na quinta-feira. Pediu para ligar na segunda-feira."
300;03/03/2015 13:00;Sim;03/03/2015 16:50;Frigosul;Victor;"Sr. Paulo está com as atenções todas no frigorífico de Aparecida d&#039;Oeste. Marcela vai deixar recado no Skype amanhã para ver a situação de lá, e quem sabe a gente ter uma oportunidade."
310;03/02/2015 10:00;Sim;04/02/2015 16:58;Frigosul;Victor;Visitar quando estiver pela região.
184;20/01/2015 10:00;Sim;22/01/2015 19:18;Frigosul;Victor;Sr. Paulo agendou um treinamento com o pessoal da Diversey para hoje (25/11) pois o consumo estava muito alto. Marcela disse por skype que vai ver daqui a 15 dias se o consumo melhorou. Conforme for, vai tentar abrir para testes.
168;25/11/2014 18:45;Sim;25/11/2014 11:40;Frigosul;Victor;vai ver com o Sr. Paulo para ver o que ele acha, pois faz tempo que falou com ele sobre isso. Pediu para ligar amanhã.
88;17/11/2014 10:00;Sim;18/11/2014 10:14;Frigosul;Victor;Respondeu e-mail falando que auditoria ia até dia 15/11. Vai entrar em contato após esta data. Ligar e acompanhar.
233;15/04/2015 13:00;Não;;Frimarchi Linguica;Renan;Ligar 15/04//2015
1581;30/03/2016 02:59;Não;;Frimesa - Medianeira;Victor;"- Gilson de férias até início de Abril;
- Grazi vai fazer programação de compra dos produtos até 20/03
- Tudo OK
- Tentar passar lá semana que vem"
1481;26/01/2016 01:59;Sim;10/03/2016 18:50;Frimesa - Medianeira;Victor;"Enviado e-mail perguntando se quer que leve produto para semana que vem.

Acompanhar."
1455;08/01/2016 01:59;Sim;21/01/2016 14:05;Frimesa - Medianeira;Victor;"Grazi vai entrar de férias em Fevereiro, mas quer deixar tudo cadastrado até lá para pedir do nosso para ir testando. Disse que algumas roupas estão saindo com algumas manchas esverdeadas.

Tentar passar lá semana que vem, ou ligar."
1304;07/01/2016 01:59;Sim;05/01/2016 15:58;Frimesa - Medianeira;Victor;Teste agendado para a semana do dia 26/10. 
929;27/09/2015 02:59;Sim;07/10/2015 17:39;Frimesa - Medianeira;Victor;"Grazi respondeu o e-mail dizendo que agora na época de frio é complicado fazer teste, e pediu para em Agosto a gente se programar.



Esperar para ver como as coisas andam e forçar a barra para testar antes, ou aguardar agosto mesmo. Responder e-mail."
931;26/06/2015 02:59;Sim;22/06/2015 18:12;Frimesa - Medianeira;Victor;"Grazi disse que estão com uma máquina extratora nova e estão usando produto líquido nesta máquina.



Vai ver com o Gilson se a gente pode só trocar os produtos no dosador da Diversey."
787;22/06/2015 02:59;Sim;22/06/2015 14:31;Frimesa - Medianeira;Victor;Grazi disse que a lavanderia está em reforma, e pediu para ligar na metade do mês para confirmar se a gente pode fazer o teste no fim do mês de Junho ou começo de Julho.
794;29/05/2015 02:59;Sim;28/05/2015 18:28;Frimesa - Medianeira;Victor;"Gilson estava muito enrolado em uma reunião, não pode falar comigo direito. Falou meio por cima que resolvendo a questão da lavanderia, a gente poderia testar na produção.



Pediu para tratar com a Grazi"
444;27/05/2015 12:30;Sim;28/05/2015 18:26;Frimesa - Medianeira;Victor;Dar foco assim que terminar HCancer e Estrela Alimentos.
341;09/02/2015 12:00;Sim;02/03/2015 12:52;Frimesa - Medianeira;Victor;Já foi visitado. Fazer acompanhamento para realizar teste na lavanderia, ou se conseguir, na produção.
302;26/01/2015 12:00;Sim;29/01/2015 12:06;Frimesa - Medianeira;Victor;Mandar e-mail antes de ir para região e visitar.
117;13/01/2015 10:00;Sim;20/01/2015 13:30;Frimesa - Medianeira;Victor;"Conversei por telefone, e enviei e-mail com catálogo para Gilson.



Acompanhar."
14;04/11/2014 09:00;Sim;04/11/2014 13:22;Frimesa - Medianeira;Victor;Tentar falar com Gilson Paranhos. Responsável pelos produtos.
1036;21/07/2015 12:00;Não;;Frivasa;Jessica;Entrar em contato com a Larissa depois do dia 21/07. 
1006;01/07/2015 12:00;Não;;Frivasa;Adriana;"Renan, ligar para a Larissa (qualidade) para agendar visita.

Telefone:     (35)3629-7400  - Ramal: 277"
570;18/06/2015 02:59;Sim;21/06/2015 16:32;Frivasa;Victor;Agendar visita quando for visitar a Yakult ou a Total.
333;14/05/2015 11:00;Sim;14/05/2015 13:31;Frivasa;Victor;Tentar contato com Tilander no número (35) 3629-7400
221;15/01/2015 01:59;Sim;20/01/2015 13:55;Frivasa;Victor;Tudo
918;22/06/2015 20:00;Não;;Frutas de Minas;Adriana;"Enviar cotação para a Tânia.



Detergente Neutro

Soda "
969;25/06/2015 16:45;Sim;07/10/2015 15:25;Frutiquello Sorvetes;Adriana;"Ligar para João Paulo de compras.

"
1506;28/01/2016 01:59;Não;;FSB Foods;Adriana;Tentar agendar visita!!!!
1186;15/10/2015 13:00;Não;;FSB Foods;Renan;"Conversei com o Washigton, disse que a parte de produtos é apenas com o Junior. Número 2879-4967

Ele está de férias e retorna após o dia 15 de outubro."
1557;04/03/2016 02:59;Não;;Fugini;Alexandre Malhado;Contato realizado.  Atendente pediu para enviar e-mail para Ângelo (setor de compras). E-mail enviado para compras2@fugini.com.br
1232;27/10/2015 01:59;Não;;Fundação Salvador Arena;Victor;Cobrar contrato da Pamela, e definir as pendencias junto à Cassia da FSA.
771;20/09/2015 02:59;Sim;06/10/2015 14:36;Fundação Salvador Arena;Victor;Instalações não estão ok ainda. Continuar acompanhando.
843;02/06/2015 02:59;Sim;03/06/2015 11:39;Fundação Salvador Arena;Victor;Fez pedido hoje. Acompanhar se pedido foi entregue e instalações feitas tudo ok.
679;28/05/2015 02:59;Sim;28/05/2015 19:20;Fundação Salvador Arena;Victor;"Sexta dia 22 - Integração e instalação na fundação

Segunda-feira dia 25 - Integração e instalação na fundação"
458;15/05/2015 02:59;Sim;21/05/2015 11:39;Fundação Salvador Arena;Victor;Fez pedido. Deixar tudo em ordem.
484;07/04/2015 02:59;Sim;22/04/2015 20:06;Fundação Salvador Arena;Victor;Pamela dissse que vai enviar um e-mail pedindo uma cotação para a gente.
540;27/03/2015 02:59;Sim;30/03/2015 14:07;Fundação Salvador Arena;Victor;Enviado e-mail para Pamela perguntando se precisa de mais alguma informação.
466;24/03/2015 11:00;Sim;24/03/2015 18:02;Fundação Salvador Arena;Victor;Enviado e-mail. Cobrar retorno.
399;10/03/2015 12:30;Sim;13/03/2015 11:53;Fundação Salvador Arena;Victor;Ainda não resolveu nada, e pelo jeito, está enrolado. Acompanhar.
410;03/03/2015 11:00;Sim;03/03/2015 13:50;Fundação Salvador Arena;Victor;Vai resolver esta questão semana que vem. Acompanhar.
312;12/02/2015 13:00;Sim;27/02/2015 12:25;Fundação Salvador Arena;Victor;Renan vai acompanhar o teste do secante e do detergente para máquina.
251;02/02/2015 10:30;Sim;04/02/2015 16:46;Fundação Salvador Arena;Victor;"Vai começar a fazer o levantamento dos produtos agora. Em janeiro a Pamela ou Cristina de compras vão entrar em contato para fazer cotação.

Ligar para Pamela ou Cristina"
163;07/01/2015 10:00;Sim;08/01/2015 10:09;Fundação Salvador Arena;Victor;Já aprovou os testes. Conversei com a Fatima da Termomecanica, e ela disse que iremos participar da próxima cotação em Janeiro. Acompanhar.
138;19/11/2014 09:30;Sim;19/11/2014 17:33;Fundação Salvador Arena;Victor;Teste aprovado. Cobrar e-mail aprovando os testes.
158;17/11/2014 09:30;Sim;18/11/2014 09:33;Fundação Salvador Arena;Victor;Coletar amostra do detergente clorado e secante para novo teste na segunda-feira.
170;13/11/2014 18:00;Sim;13/11/2014 11:50;Fundação Salvador Arena;Victor;Produtos em teste. Acompanhar resultados.
105;13/11/2014 17:00;Sim;13/11/2014 19:42;Fundação Salvador Arena;Victor;Ligar para Fernanda para ver resultado do detergente clorado.
177;10/11/2014 10:00;Sim;12/11/2014 12:55;Fundação Salvador Arena;Victor;Teste de produtos amanhã dia 11/11 as 8:00. Verificar para levar amostras
936;01/07/2015 18:00;Sim;26/06/2015 03:49;Gendai - Grupo Trend Foods;Adriana;Ligar para Bruno.
925;05/11/2015 01:59;Não;;General Brands;Victor;Renan, foi na General Brands que eles estão tercerizando com a Jabuti? Vc chegou a falar com ela depois desse dia?
724;22/06/2015 02:59;Sim;22/06/2015 18:52;General Brands;Victor;Marta pediu para ligar na segunda semana de Junho. Estão em uns processos de terceirização e não conseguem ver nada no momento. Disse que em Junho ela já pode receber visita.
593;26/05/2015 02:59;Sim;27/05/2015 11:50;General Brands;Renan;ligar dia
1138;26/08/2015 13:00;Não;;Genuína;Sueli;20/08 - Eu Sueli recebi e-mail da proposta enviado pelo Renan no dia 04/06
1111;06/08/2015 12:00;Não;;Globo Aves;Ivan;Vai estar em santa catarina semana que vem. Porém disse que pode ligar e lembrar ele que ele marca sim sem problema nenhum. Foi bem gente boa!
1208;06/10/2015 02:59;Não;;Gran Corte;Ivan;Reunião com a Cristina e agendamos uma visita a partir do dia 5 após a auditoria para falar com a Luana.
1395;19/11/2015 11:00;Sim;22/02/2016 13:45;Gran Rio Hotel;Alexandre Malhado;Não consegui falar com o Pedro, porém, fui informado que não é preciso marcar horário. Ele atende fornecedores todas as quintas-feiras na parte da manhã. Irei visitá-lo.
1193;01/10/2015 18:00;Sim;27/10/2015 18:08;Gran Rio Hotel;Alexandre Malhado;Contato realizado via telefone com o Senhor Pedro, responsável pelo setor de compras. Ele relatou que compra da empresa Ecolab há 22 anos, mas disse que tem interesse em conhecer nossos produtos. Visita agendada para o dia 01 de Outubro as 15 horas.
364;10/03/2015 11:00;Sim;11/03/2015 19:50;Grill Hall;Victor;Renan visitou. Dilamar disse que vai passar algumas coisas para a gente. Cobrar.
379;09/03/2015 13:00;Sim;09/03/2015 00:26;Grill Hall;Victor;Renan vai visitar amanhã as 10:00.
445;03/03/2015 13:00;Sim;03/03/2015 14:34;Grill Hall;Victor;Dilamar está em viagem. Ligar amanhã.
350;10/02/2015 12:00;Sim;02/03/2015 14:51;Grill Hall;Victor;Disse que a outra empresa que nunca deu problema, está começando a dar problemas. Parece interessado em testar no Grill Hall, ou no outro bar que eles vão abrir daqui 40 dias. Acompanhar para ver se não quer começar no Grill Hall.
243;03/02/2015 10:00;Sim;04/02/2015 16:44;Grill Hall;Victor;"Disse que fechou com outra empresa antes de testarmos. Tinhamos produto melhor, preço melhor. TUDO!



Tentar vender em alguma outra unidade..."
257;01/12/2014 17:00;Sim;04/12/2014 17:27;Grill Hall;Victor;Fazer acompanhamento com Roseli.
1080;31/10/2015 01:59;Não;;Grupo Fix (Pão de Queijo Raro;Victor;Vai passar cotação ainda hoje.
780;23/06/2015 02:59;Sim;20/07/2015 13:17;Grupo Fix (Pão de Queijo Raro;Victor;Enviado e-mail para Camila perguntando qual será o pedido do próximo mês. Ficar em cima.
680;29/05/2015 02:59;Sim;01/06/2015 02:05;Grupo Fix (Pão de Queijo Raro;Victor;"Camila informou que produtos foram aprovados, mas não pode enviar no caminhão que vem com comida junto. Precisa enviar por transportadora.



Vai passar o consumo dos produtos para enviarmos cotação."
683;15/05/2015 02:59;Sim;20/05/2015 20:04;Grupo Fix (Pão de Queijo Raro;Victor;Ligar para Camila depois do meio-dia. Está em horário de almoço.
1299;08/10/2015 02:59;Não;;Grupo Hinomoto;Victor;Xande
875;28/09/2015 02:59;Sim;07/10/2015 18:41;Grupo Hinomoto;Victor;Cícero disse que o Mult 10.000 limpou bem mas não tirou o corante. Levar um clorado ou o Pro R1.
807;09/06/2015 02:59;Sim;11/06/2015 13:13;Grupo Hinomoto;Victor;Cícero disse que vai testar este final de semana. Passar lá segunda-feira e ver se testou.
747;04/06/2015 02:59;Sim;03/06/2015 13:37;Grupo Hinomoto;Victor;Pegar uma amostra do lubrificante de esteira que eles usam para levar equivalente. Ligar na quarta-feira para ver se Cícero já usou o Mult 10.000 na limpeza de produção de pimenta.
589;27/05/2015 02:59;Sim;28/05/2015 14:22;Grupo Hinomoto;Victor;Enviado e-mail para Fernando para perguntar se já testaram o lubrificante de esteira.
563;13/05/2015 02:59;Sim;14/05/2015 12:11;Grupo Hinomoto;Victor;Retirar amostras na Proauto.
469;10/04/2015 02:59;Sim;23/04/2015 13:46;Grupo Hinomoto;Victor;Solicitado amostras para Simone. PRECISO PASSAR COTAÇÃO.
542;01/04/2015 02:59;Sim;06/04/2015 14:42;Grupo Hinomoto;Victor;Enviado email para Fernando perguntando a quantidade e onde ele usa os produtos: Derust SM (Santa Monica), Dicolube 200 (Diversey) e Removil Liquid (AEB). Cobrar resposta para agendar teste.
363;24/03/2015 12:00;Sim;30/03/2015 12:15;Grupo Hinomoto;Victor;A pessoa retorna de férias dia 16, e não hoje. Tentar agendar junto com o Bon-Mart, que vai estar tranquilo depois do dia 18.
453;09/03/2015 11:00;Sim;09/03/2015 12:34;Grupo Hinomoto;Victor;"Joel disse que está disposto a receber visita. A pessoa que usa os químicos está de férias e retorna semana que vem. Disse que fica mais fácil receber visita junto desta pessoa.



Foi reencaminhado e-mail de Novembro que estava voltando."
434;02/03/2015 12:00;Sim;02/03/2015 20:04;Grupo Hinomoto;Victor;retomar
50;12/11/2014 01:59;Sim;12/11/2014 17:14;Grupo Hinomoto;Victor;Ver quem é a pessoa que entrou no lugar da Naiane, para cotar produtos.
365;09/03/2015 15:00;Sim;09/03/2015 17:12;Grupo Ionic;Victor;Combinado com João Marcelo para quinta-feira.. Só pediu para ligar um pouquinho antes de ir para ver se ele está por lá.
405;03/03/2015 11:00;Sim;03/03/2015 17:10;Grupo Ionic;Victor;Davi pediu para ligar amanhã de manhã para combinar com o João Marcelo.
424;02/03/2015 11:00;Sim;02/03/2015 19:37;Grupo Ionic;Victor;A ligação com Davi caiu. Tentar novamente.
898;31/10/2015 01:59;Não;;Grupo Palazzo;Victor;"Ana Paula da qualidade da Frupic também usa a máquina da Tetra Pak que precisa usar produtos da Ecolab ou Diversey.



Homologar na porra da TETRA PAK!"
783;04/06/2015 02:59;Sim;03/06/2015 20:08;Grupo Palazzo;Victor;Ana Paula e Celso já foram embora. Vão as 17:15. Ligar mais cedo.
1071;07/10/2015 12:00;Não;;Grupo Petropolis - Assepsia;Renan;Contrato com a Diversay acaba em Dezembro, retornar em outubro.
1066;31/07/2015 12:00;Não;;Grupo Petropolis - Consumo;Renan;Conversado com a Mariana, que disse ter contrato em diversos itens quimicos.
1108;05/08/2015 11:00;Não;;Grupo RS Terceirizada;Jessica;"Reunião amanhã, às 8 hs. 

"
1592;25/03/2016 02:59;Não;;Guabi Petcare;Victor;Alderley só amanhã.
1563;23/03/2016 02:59;Sim;23/03/2016 14:32;Guabi Petcare;Victor;Estava viajando e deixou para testarem os produtos. Vai ver se fizeram os testes e vai dar retorno.
1551;15/03/2016 02:59;Sim;18/03/2016 14:15;Guabi Petcare;Victor;Alderley disse que reprogramaram testes.
1519;04/03/2016 02:59;Sim;10/03/2016 18:53;Guabi Petcare;Victor;Alderley disse que testarão no início de Marco.
1445;26/01/2016 01:59;Sim;22/02/2016 17:13;Guabi Petcare;Victor;Solicitado data de teste para Fabio. Aguardando resposta de Alderley.
1457;14/01/2016 01:59;Sim;21/01/2016 13:49;Guabi Petcare;Victor;Reginaldo recebeu o email. Vai retornar.
1449;08/01/2016 01:59;Sim;06/01/2016 15:29;Guabi Petcare;Victor;Ligar para Reginaldo
1428;08/01/2016 01:59;Sim;06/01/2016 18:00;Guabi Petcare;Victor;E-mail solicitando visita.
1014;01/07/2015 13:00;Não;;Guaraná Mineiro;Adriana;"Entrei em contato com o Fabricio da qualidade também, ele pediu para eu entrar em contato direto com o Roberto (qualidade).

Mas ele estava na produção.

Enviei catálogo por e-mail. Retornar ligação."
983;24/06/2015 17:00;Não;;Guaraná Mineiro;Jessica;Enviar uma apresentação e tentar contato 
908;22/06/2015 20:00;Não;;Guaraná Mineiro;Adriana;Ligar para Roberto ou Francisco.
1076;20/07/2015 13:00;Não;;Guimaconseco;Renan;13/07/2015 - enviado apresentacao ao depto de compras, vários compradores
1146;01/09/2015 17:00;Não;;Gvinah Ind.e Com.Alim.Panif.Ltda;Renan;"24/08 - Eu Simone enviei apresentacao por e-mail

01/09/ - Liguei mas Rogerio estava com ramal ocupado"
793;19/11/2015 01:59;Não;;Hercules Leite;Victor;"Geisi disse que tem contrato com a Diversey e só pode comprar produtos da diversey ou da Ecolab, pois tem uma máquina da Tetra Pak que só dá garantia se usarem produtos destas marcas. Disse que pode comprar sabonete bactericida, alcool gel e detergente neutro de outras empresas.



Ivan vai trazer produtos para testarem.



TENTAR HOMOLOGAR NA TETRA PAK."
798;08/10/2015 02:59;Não;;Hercules Leite;Victor;Tentar homologar na Tetra Pak.
687;29/05/2015 12:00;Sim;30/05/2015 16:58;Hercules Leite;Renan;reuniao marcada com a Geisi
1537;10/03/2016 02:59;Não;;Hikari;Renan;08.03.2016 Falei com Alice, pediu apresentação por e-mail – alicemurai@hikari.com.br – trabalha com duas empresas mas não me passou o nome
1556;09/03/2016 02:59;Não;;Hikari;Renan;07.03.2016 Prospectei hoje, falei com Raquel da qualidade pediu p/retornar amanhã e falar com a Alice(qualidade)
1157;21/08/2015 13:00;Não;;Home Cooking;Simone;"Jackson e Aguinaldo fizeram visita no final do mes de julho, porém Priscila alegou que gerente estava de férias.

14/08 - Eu Simone liguei hoje e Priscila não falou com gerente ainda, combinei de retornar final da semana que vem

20/08 - Falei com Priscila disse que gerente Adriano, está vindo na Empresa, só à noite, tenão retorno amanhã"
1047;17/07/2015 12:00;Não;;Homemade;Renan;ligar no dia 3 de agosto para marcar, ela vai ter auditoria mas vai marcar
957;30/06/2015 11:00;Não;;Homemade;Renan;Visita marcada para dia 30
1554;16/03/2016 02:59;Não;;Hospital Austa;Alexandre Malhado;Contato por telefone não foi possível. Novo e-mail enviado.
1486;20/02/2016 01:59;Sim;23/02/2016 12:35;Hospital Austa;Alexandre Malhado;"Pediu para enviar e-mail com as fichas técnicas e o número de registro da ANVISA.
"
1436;23/12/2015 01:59;Sim;15/02/2016 15:44;Hospital Austa;Alexandre Malhado;Visita marcada para dia 22/12/2015 às 15 horas com Nutricionista Juliana.
1402;17/12/2015 01:59;Sim;21/12/2015 19:35;Hospital Austa;Alexandre Malhado;Na terça-feira (10-11-2015) falei com a nutricionista Juliana por telefone para tentar marcar um horário. Ela informou que durante o mês de novembro não poderá me atender, porém, pediu para que eu retornasse o contato em meados de dezembro. Ela quer muito conhecer nossos produtos.
1403;09/11/2015 16:30;Sim;12/11/2015 16:40;Hospital Austa;Alexandre Malhado;Contato realizado com sucesso. A responsável pelas compras é a Fabiana (coordenadora de compras). Ela atende de segunda e quarta-feira a partir das 14:30. Os atendimentos não necessitam de hora marcada e são feitos por ordem de chegada.
1241;07/10/2015 02:59;Sim;05/11/2015 18:25;Hospital Austa;Alexandre Malhado;Contato realizado via telefone. Não consegui falar diretamente com o responsável pelas compras. Entretanto, mandei e-mail e vou entrar em contato novamente.
1409;05/01/2016 01:59;Sim;29/01/2016 11:22;Hospital Beneficiência Portuguesa;Alexandre Malhado;"Produtos usados são da Diversey:

• Brilho Inox ? Usado nas portas e interior dos elevadores.
• Sapólio Radium ? Usado em vasos sanitários, nas pias. Tira também marca de caneta de mesa e telefones.
• Álcool Gel ? Usado nas portarias, nas salas de espera. Produto pouco usado.
• View ? Limpa vidros.
• Carefree ? Cera
• Pros Trip ? Removedor de cera.
• Aniosurf NPC ? Desinfetante

Agendar teste com Dona Vera."
1393;17/11/2015 09:30;Sim;18/12/2015 17:40;Hospital Beneficiência Portuguesa;Alexandre Malhado;Hoje tive um breve bate papo com a Dona Vera Lúcia (Chefe da Hotelaria) e ficou acordado que ela irá me passar na próxima terça-feira (17-11-15) a relação dos produtos usados na hotelaria. Atualmente os produtos usados são da Diversey.
1404;09/11/2015 10:00;Sim;12/11/2015 16:35;Hospital Beneficiência Portuguesa;Alexandre Malhado;Responsável por compras é a Sônia.  As segundas e quartas-feiras os atendimentos são das 7:30 às 11:30. Nos demais dias são das 14:00 às 16:30. Não é necessário agendar horário, os atendimentos são por ordem de chegada.
1384;17/11/2015 12:30;Não;;Hospital Bezerra de Menezes;Alexandre Malhado;Visita agendada com Vanda para dia 17-11-2015 no período da manhã.
721;28/05/2015 11:00;Sim;19/10/2015 18:53;Hospital Cruz Azul;Jessica;Já foi levado amostras em dezembro, ligar para saber o resultado 
1383;18/11/2015 16:00;Não;;Hospital de Base;Alexandre Malhado;Pessoa responsável pelas compras é Ferdinando. Os atendimentos são feitos todas as quartas-feiras das 14 às 16 horas. Não é necessário agendar horário. 
1528;02/04/2016 02:59;Não;;Hospital do Cancer de Barretos;Victor;Denise vai fazer uma cirurgia semana que vem, e vai estar afastada até o fim de Março. Dar uma passada lá para alinhar início do novo trabalho.
978;27/06/2015 02:59;Sim;17/09/2015 13:37;Hospital do Cancer de Barretos;Victor;Se não receber de todas as unidades, ligar para Patricia
1225;07/10/2015 02:59;Não;;Hospital Ielar;Alexandre Malhado;Contato via telefone com a Juliana do setor administrativo. Não consegui agendar uma visita pessoalmente. Pediu para enviar e-mail de apresentação da empresa. E-mail enviado e aguardando resposta.
1570;16/03/2016 02:59;Não;;Hospital São Francisco de Assis;Alexandre Malhado;Reunião realizada dia 08/03/16. Irei mandar documentação para agendarmos o teste com os produtos.
1531;08/03/2016 02:59;Sim;11/03/2016 17:31;Hospital São Francisco de Assis;Alexandre Malhado;"Não mandaram o e-mail com a data da reunião. Mandei um e-mail solicitando uma data.
"
1572;01/03/2016 02:59;Sim;03/03/2016 10:12;Hospital São Francisco de Assis;Alexandre Malhado;Contato realizado via telefone com Giselda. Ela irá marcar uma reunião para a próxima semana. Me avisará por e-mail.
1534;25/02/2016 02:59;Sim;25/02/2016 13:37;Hospital São Francisco de Assis;Alexandre Malhado;Giselda estava em uma reunião e só poderá atender amanhã.
1518;16/02/2016 01:59;Sim;23/02/2016 12:48;Hospital São Francisco de Assis;Alexandre Malhado;Giselda não retornou o e-mail. Passei no hospital dia 03-02-2016 e deixei uma agenda para Giselda e outra para Ludmila.  Giselda pediu para entrar em contato com ela por e-mail no dia 15-02-2016.
1469;03/02/2016 01:59;Sim;04/02/2016 16:10;Hospital São Francisco de Assis;Alexandre Malhado;Contato realizado com  a Gizelda. E-mail encaminhado sobre o nosso desinfetante sem enxágue (Pro Bac Bi). Aguardando retorno.
1419;26/01/2016 01:59;Sim;29/01/2016 14:17;Hospital São Francisco de Assis;Alexandre Malhado;E-mail enviado para Gizelda e Ludmilla com as Fichas Cadastrais dos Produtos. Aguardando retorno.
1427;05/01/2016 01:59;Sim;20/01/2016 13:39;Hospital São Francisco de Assis;Alexandre Malhado;A coordenadora Ludmila relatou que não poderá passar os preços que o hospital paga atualmente. Irei preencher o formulário que o hospital precisa para marcarmos um teste.
1399;17/11/2015 18:00;Sim;18/11/2015 11:05;Hospital São Francisco de Assis;Alexandre Malhado;Carlos Eduardo passou o telefone da Coordenadora de Serviços de Limpeza (Ludmila - 17 - 3202-1717 ). Ficou agendada visita para o dia 17-11-2015 as 16 horas no Hospital João Paulo II, o qual fica localizado em frente a represa de São José do Rio Preto.
1405;06/11/2015 16:30;Sim;09/11/2015 18:34;Hospital São Francisco de Assis;Alexandre Malhado;Agendada visita para próxima sexta-feira (06-11-2015) com Carlos Eduardo às 14:30,
1298;28/10/2015 01:59;Não;;Hospital São Lucas;Victor;Levar amostras do AB-AL 2000, 3000 CL, Vox 1 e Klinbe. Conferir como foi o resultado do Neuter Super.
869;07/10/2015 02:59;Sim;09/10/2015 17:18;Hospital São Lucas;Victor;Já solicitado amostras para Simone. Levar assim que estiver por Santo André.
934;30/06/2015 02:59;Sim;17/09/2015 13:58;Hospital São Lucas;Victor;Quando estiver por Santo André ir lá arrumar a lavanderia, porque o Rodrigo ir lá está impossível.
782;11/06/2015 02:59;Sim;05/06/2015 13:02;Hospital São Lucas;Victor;Marcos disse que vai passar e-mail com copia para Valeria, e Valeria vai passar os produtos que usa com cópia no e-mail.
838;09/06/2015 02:59;Sim;21/06/2015 15:33;Hospital São Lucas;Victor;Aguardando posição de manuteção com a Simone.
757;03/06/2015 02:59;Sim;03/06/2015 12:41;Hospital São Lucas;Victor;Levar produtos para a cozinha. Alinhar com a resposável.
695;03/06/2015 02:59;Sim;02/06/2015 20:07;Hospital São Lucas;Victor;"Rodrigo precisa fazer a manutenção com o Nestor. Já solicitado para a Simone por e-mail.



Importante ser feito na terça-feira."
658;27/05/2015 02:59;Sim;27/05/2015 20:07;Hospital São Lucas;Victor;Levar produtos para cozinha.
517;15/05/2015 02:59;Sim;21/05/2015 11:39;Hospital São Lucas;Victor;Fizeram pedido. Acompanhar entrega e troca de selastic.
524;25/03/2015 13:00;Sim;30/03/2015 13:51;Hospital São Lucas;Victor;Vai testar a Ecomaster. Ligar semana que vem.
320;09/03/2015 13:00;Sim;09/03/2015 12:47;Hospital São Lucas;Victor;"Conversado com a Eliete. Informou que a lavanderia está bem, e Nestor irá amanhã acompanhar.



Continuar acompanhando para atender o hospital todo."
262;02/02/2015 09:30;Sim;03/02/2015 19:30;Hospital São Lucas;Victor;Acompanhar todos os dias.
263;16/01/2015 11:05;Sim;22/01/2015 17:02;Hospital São Lucas;Victor;Produto para limpar pedra encardida e piso da lavanderia
126;27/11/2014 10:00;Sim;09/12/2014 16:39;Hospital São Lucas;Victor;Resolver as questões de diluidor e da lavanderia. Instalar tudo na semana do dia 01/12
1344;28/10/2015 01:59;Sim;15/02/2016 11:28;Hotel Fazenda dos Ipês;Alexandre Malhado;Produtos testados e aprovados. O gerente pediu uma visita para falar sobre valores. Irei visitá-lo na terça-feira (27-10-15).
1339;27/10/2015 01:59;Sim;23/10/2015 17:25;Hotel Fazenda dos Ipês;Alexandre Malhado;"No dia 20-10-15 foram deixados os seguintes produtos para testes:
• Neuter Ultra: 1 litro
• Multi E A: 1 litro ? Veja
• Pro HS: 1 litro ? Kiboa
• Pro Há 3000 CL: 1 litro
• Duox: 5 litros: Amaciante
Entrarei em contato na próxima segunda-feira (26-10-15) para saber a resposta. "
1252;05/10/2015 12:00;Sim;14/10/2015 12:51;Hotel Fazenda dos Ipês;Alexandre Malhado;Visita agendada para dia 05-10-2015 as 9 horas com Ronaldo. Atualmente a empresa não compra produtos de nenhuma empresa específica. As compras são feitas em supermercados atacadistas.
1342;30/10/2015 01:59;Sim;22/02/2016 12:52;Hotel Fênix;Alexandre Malhado;Contato realizado com Rose. Os produtos foram testados, mas ainda não sentou com o pessoal da limpeza para tomar uma decisão. Pediu para que eu retornasse na quinta-feira (29-10-15).
1361;27/10/2015 01:59;Sim;27/10/2015 17:08;Hotel Fênix;Alexandre Malhado;"No dia 20-10-15 foram deixados os seguintes produtos para testes:
• Neuter Ultra: 1 litro
• Multi E A: 1 litro / Veja
• Pro HS: 1 litro / Kiboa
• Pro Há 3000 CL: 1 litro
Entrarei em contato na próxima segunda-feira (26-10-15) para saber a resposta. 
"
1222;07/10/2015 12:30;Sim;14/10/2015 12:52;Hotel Fênix;Alexandre Malhado;"Visita agendada para a próxima segunda-feira (28-09-15) às 9:30 com a Senhora Rose (Gerente). O hotel, atualmente, não compra produtos de limpeza de nenhum fornecedor. As compras são feitas todas em mercado como Atacadão ou Makro, ambos de São José do Rio Peto. Lembrando também que o hotel não possui lavanderia.
__________
28-09-15. Visita realizada com sucesso.  Atualmente a empresa usa 24 litros de Detergente Neutro / 12 litros de Veja / 48 litros de Desinfetante / 90 litros de Kiboa.  Vamos mandar uma amostra de cada para ela testar nossos produtos."
1172;16/09/2015 13:00;Sim;26/10/2015 18:54;Hotel Unique;Simone;"15.09  Telefonista passou outros numeros de telefones - direto do Waldir 3660.6781

liguei hoje Waldir não está somente amanhã"
1175;15/09/2015 13:00;Sim;14/09/2015 17:40;Hotel Unique;Renan;14/09/2015 Adriana enviou e-mail para agendar teste
1120;25/08/2015 02:59;Não;;Hotel Unique;Adriana;"Waldir respondeu pedindo um pouco mais de tempo.

Ligar daqui 20 dias."
997;16/07/2015 13:00;Não;;Hotel Unique;Adriana;"Waldir enviou e-mail hoje dizendo que o hotel está em um processo de mudança interna.

Retornar contato daqui 20 dias."
912;17/06/2015 13:00;Não;;Ice Fruit;Adriana;Ligar para Clemente.
1385;17/11/2015 16:30;Sim;22/02/2016 12:52;Incor Rio Preto;Alexandre Malhado;Visita agendada para 17-11-2015 às 14:30 com Daniel (Departamento de Compras).
946;18/06/2015 17:00;Não;;Ingredient Alimentos;Adriana;"Arnaldo está de férias.



Retornar contato dia 18 de junho."
928;18/06/2015 17:00;Não;;Ingredient Alimentos;Adriana;"Arnaldo está de férias. 



Retornar contato após dia 17 de junho."
1364;26/10/2015 15:00;Sim;15/02/2016 11:28;Ipê Park Hotel;Alexandre Malhado;"Foram deixados os seguintes produtos para testes:
• Neuter Ultra
• Pro Ha 3000 CL
• Pro Bac AT
• Sapone Bac
Hoje não foi possível fazer os devidos testes. Ficou agendado para a próxima segunda-feira (26-10-15) às 13 horas. Irei acompanhar o teste,"
1259;08/10/2015 13:00;Sim;08/10/2015 18:14;Ipê Park Hotel;Alexandre Malhado;Visita reagendada para o dia 08-10-2015 as 10 horas. Não consegui visitá-lo no dia 01 de Outubro.
1217;01/10/2015 13:00;Sim;02/10/2015 18:39;Ipê Park Hotel;Alexandre Malhado;Visita agendada para 01-10-15 às 10 horas com Rafael.
885;04/11/2015 01:59;Não;;ISS;Victor;Telefone (11) 5523-8183 só chama. Devem ter emendado o feriado. Tentar semana que vem, ou outro número.
894;06/06/2015 02:59;Sim;05/06/2015 12:10;ISS;Victor;ISS é a empresa que faz todo o processo de higienização da Zabet. Pegar todas as informações.
665;01/06/2015 13:00;Sim;08/06/2015 17:39;Itaiquara;Renan;"Conversei com o Flavio que disse que o Wagner esta de ferias; eles trabalham com a Kalykim, Wagner volta de ferias daqui duas semanas

"
1050;23/07/2015 13:30;Não;;Jagua Frangos;Ivan;Liguei várias vezes e só chamou. Ligar amanhã
733;04/06/2015 11:00;Não;;Jao;Jessica;Visitar cliente.
1575;25/03/2016 02:59;Não;;Jazam Alimentos;Victor;Produtos deixados para teste. E-mail enviado perguntando qual foi mais eficiente para limepeza dos tachos.
1539;12/03/2016 02:59;Sim;21/03/2016 18:23;Jazam Alimentos;Victor;E-mail perguntando qual produto está sendo utilizado agora. Ficar em cima.
1276;10/10/2015 02:59;Sim;08/03/2016 12:47;Jazam Alimentos;Victor;Gislaine disse que estava aguardando a amostra dos produtos para limpar o tacho, e os produtos que eles estão usando, não estão agradando muito. Gostaram dos nossos. Hoje é feriado em Pompéia e não consegue falar com os diretores, mas vai ver se ainda essa semana consegue fazer um pedido pelo menos do detergente.
902;02/07/2015 02:59;Sim;07/10/2015 12:52;Jazam Alimentos;Victor;Neste final de semana a produção rodou direto. Semana que vem Gislaine vai dar treinamento. Pré agendou para o final de semana dos dias 03 e 04 de Julho.
880;18/06/2015 02:59;Sim;21/06/2015 16:29;Jazam Alimentos;Victor;Teste acabou ficando pré agendado para o outro sábado. Ligar durante a semana para confirmar.
765;08/06/2015 02:59;Sim;02/06/2015 13:34;Jazam Alimentos;Victor;Retirar tudo na casa do Pigão e levar para a Jazam e Bon-Mart.
806;03/06/2015 02:59;Sim;02/06/2015 13:34;Jazam Alimentos;Victor;"Gislaine passou consumo de produtos e Ivan vai trazer na seunda-feira e deixar na casa do pigão, que está morando em Marília.



Teste agendado para a semana do dia 08/06."
1195;10/10/2015 02:59;Não;;JJZ;Ivan;"
Reunião no dia 21 com Frederico e Felipe. Confirmar teste para daqui 3 semanas"
746;28/05/2020 17:00;Não;;JLA Alimentação;Adriana;"Última visita em abril/2015. Entrei em contato com Sandra.



Tentar contato com o Amancio.

"
973;26/06/2015 13:00;Não;;JLA Alimentação;Adriana;"Visitar Hospital São Matheus.

Nutricionista: Fernanda."
229;20/01/2015 12:00;Não;;Jumirim Frigorifico;Renan;Vinha conversando com a Gislaine desde Outubro / Setembro , ela se desligou da empresa , conversei com a Camila no dia 15/01/2015 e ela me disse para entrar em contato com Marcio que volta de férias no dia 19/01/15 
1201;18/11/2015 01:59;Não;;Junior Alimentos;Victor;Eduardo (qualidade) disse que tem contrato com a Diversey até o fim do ano que vem. Quem trata essas questões é o Coordenador de Melhoria Contínua Reinaldo Correia no número  4615-4400.
776;03/09/2015 02:59;Sim;17/09/2015 19:33;Junior Alimentos;Victor;Dani não está na empresa hoje. Ligar segunda-feira.
840;04/06/2015 02:59;Sim;03/06/2015 14:31;Junior Alimentos;Victor;Anderson disse que é melhor eu ir tratando com a Dani, da qualidade no ramal 4459. Tentou transferir mas a ligação voltou. Tentar depois.
675;03/06/2015 02:59;Sim;03/06/2015 12:22;Junior Alimentos;Victor;Anderson começou a cuidar disso agora dia 05/05. Está com algumas visitar marcadas para a próxima semana, e disse que ainda está meio perdido no departamento. Pediu portifólio por email. Vai dar uma olhada e agendar uma data.
637;23/05/2015 02:59;Sim;22/05/2015 19:30;Junior Alimentos;Victor;Ver se é esse Anderson o responsável.
1284;13/10/2015 18:30;Sim;14/10/2015 13:10;Keleck (Jales);Alexandre Malhado;Contato realizado com a própria Cristina. Visita agendada para terça-feira (13-10-2015) às 15:30.
1302;08/10/2015 20:00;Sim;08/10/2015 19:31;Keleck (Jales);Alexandre Malhado;Tentativa de contato. A proprietária (Dona Cristina) não estava no estabelecimento. Ligarei ainda hoje.
1268;08/10/2015 02:59;Sim;08/10/2015 17:06;Keleck (Jales);Victor;Xande
4;27/09/2015 17:00;Sim;07/10/2015 18:39;Keleck (Jales);Victor;Falar com cristina
1309;16/10/2015 02:59;Não;;Kim Alimentos(Frangos Temperados);Simone;09.10.2015 - liguei para falar com o Calixto, estava em reunião - marcar para Vilmar visitar
1329;13/10/2015 16:00;Não;;Kim Alimentos(Frangos Temperados);Simone;07.10 - enviado apresentacao por e-mail
870;12/06/2015 13:00;Não;;Kim Paes;Renan;flavio esta acompanhando
731;28/05/2015 12:00;Não;;Kim Paes;Renan;Flavio deixou amostra do SOL 200 e PRO HA ALC
1484;26/01/2016 01:59;Não;;Kodilar;Victor;"Nathalia disse que já montaram algumas tubulações. Visitar e ver se consegue acompanhar higienização quando estiver por Rio Preto.

Ligar e agendar."
1411;12/01/2016 01:59;Sim;21/01/2016 15:35;Kodilar;Victor;Nathalia está de férias. Volta semana que vem.
1229;06/01/2016 01:59;Sim;06/01/2016 15:23;Kodilar;Victor;"Nathalia disse que ainda não montaram as tubulações, mas deixou aberto para fazer uma visita e conhecer a fábrica.

Agendar quando estiver por Rio Preto com tempo."
975;19/09/2015 02:59;Sim;02/10/2015 11:32;Kodilar;Victor;Pasteurizador ainda não está pronto. Pediu para eu ligar daqui umas 2 semanas para ver se ela já tem uma ideia de quando estará montado.
836;23/06/2015 02:59;Sim;25/06/2015 13:50;Kodilar;Victor;"Nathalia enviou e-mail dizendo que os pasteurizadores estão desmontados, e vão pedir para a gente fazer o acompanhamento assim que remontarem.



"
736;30/05/2015 02:59;Sim;30/05/2015 17:15;Kodilar;Victor;Nathalia disse que estão com dificuldade para limpar o pasteurizador de molhos para salada. Vai passar o consumo assim que o diretor industrial voltar de viagem hoje ou amanhã.
657;27/05/2015 02:59;Sim;27/05/2015 13:57;Kodilar;Victor;"Nathalia disse que estão movimentando algumas máquinas na fábrica e não estão fazendo a higienização noturna. Disse que gostaria de programar para fazer os testes no começo de Junho.



Foi enviado e-mail solicitando os produtos e consumo mensal. Cobrar."
585;15/05/2015 02:59;Sim;20/05/2015 13:19;Kodilar;Victor;Enviei e-mail perguntando se tem alguma novidade.
578;14/05/2015 02:59;Sim;13/05/2015 17:12;Kodilar;Victor;Gerente Industrial já voltou de viagem mas ainda não deu resposta para Nathalia. Cobrar para voltar com os produtos para teste.
462;14/04/2015 02:59;Sim;23/04/2015 14:11;Kodilar;Victor;Gerente industrial ainda está em Portugal. Não desistir.
518;01/04/2015 11:00;Sim;06/04/2015 19:07;Kodilar;Victor;Nathalia disse que o diretor estava viajando e retornou hoje. Ela não sabe se ele analisou a proposta. Assim que souber, me retorna.
500;18/03/2015 02:59;Sim;24/03/2015 13:18;Kodilar;Victor;Foi enviado proposta por escrito. Vai ver com diretor industrial.
478;11/03/2015 13:00;Sim;13/03/2015 12:09;Kodilar;Victor;Aguardar resposta da Nathalia para agendar visita. Se não responder, cobrar.
367;09/03/2015 13:00;Sim;09/03/2015 13:29;Kodilar;Victor;Ligar no meio da semana para agendar visita.
404;03/03/2015 11:30;Sim;02/03/2015 19:35;Kodilar;Victor;Deixado caderno para Patrícia. Agendar visita.
1507;16/03/2016 02:59;Não;;Kodilar Rio Preto;Alexandre Malhado;Entrei em contato com o Bruno por telefone e ele relatou que no momento não está atendendo fornecedores. Pediu para entrar em contato em meados do mês de março..
1433;23/01/2016 01:59;Sim;29/01/2016 11:34;Kodilar Rio Preto;Alexandre Malhado;E-mail enviado para Bruno (setor de compras). Aguardando retorno.
1601;05/04/2016 02:59;Sim;30/03/2016 15:09;Kopenhagen;Victor;Ricardo vai falar com Andreia e retornar para confirmar se pode me receber na segunda-feira (04/01).
1589;04/04/2016 15:09;Não;;Kopenhagen;Victor;Reunião marcada para amanhã!!
1542;25/03/2016 02:59;Sim;30/03/2016 14:33;Kopenhagen;Victor;Andre não trabalha mais na empresa. E-mail encaminhando para Ricardo Ishikawa. Vai responder com data da visita.
1441;08/01/2016 01:59;Sim;21/03/2016 18:18;Kopenhagen;Victor;Enviado email para Andre para reagendar visita.
1336;29/10/2015 01:59;Sim;04/01/2016 17:47;Kopenhagen;Victor;Visita agendada para 28/10 às 8:00.
1251;27/10/2015 01:59;Sim;26/10/2015 17:49;Kopenhagen;Victor;Quem cuida é André, que está de férias e volta no fim de Outubro. Ligar no ramal 9012 que é direto o dele.
1118;03/09/2015 02:59;Sim;29/09/2015 12:18;Kopenhagen;Victor;Andrea disse que parte de comrpas, no ramal 9013. Eles aprovando custo, passam para ela aprovar.
860;25/06/2015 02:59;Sim;23/07/2015 10:47;Kopenhagen;Victor;Andrea disse que estão vendo de cotar outras empresas de químicos mesmo, e vai ver se consegue conciliar com compras para a gente visitar na sexta-feira quando estiver indo para a Total. Vai responder e-mail dizendo data.
380;12/06/2015 11:00;Sim;11/06/2015 20:16;Kopenhagen;Victor;"Andrea Nascimento - (11) 4689-9033 entrou no lugar da Tassia.



Passei e-mail com catálogo e ficamos de agendar uma visita."
172;28/02/2015 11:00;Sim;02/03/2015 18:00;Kopenhagen;Victor;E-mail enviado perguntando se tem alguma previsão de visita. Acompanhar.
97;18/11/2014 12:00;Sim;18/11/2014 16:31;Kopenhagen;Victor;Disse que vai responder o e-mail. Qualquer coisa, ligar.
175;12/11/2014 14:00;Sim;14/11/2014 16:10;Kopenhagen;Victor;E-mail enviado para Tassia em 07/11. Ligar para acompanhar e marcar visita.
135;05/11/2014 19:15;Sim;07/11/2014 17:38;Kopenhagen;Victor;Ligar (11) 4689-8170
1162;14/08/2015 13:00;Não;;Kosher;Jessica;"Usa Nippon a mais de dez anos.

Falei com a Taimara, ela irá falar com o gerente dela para autorizar um teste.

Pediu para retornar para ela na sexta feira que já terá uma posição."
1081;07/08/2015 02:59;Não;;L' Alegro;Jessica;Reunião dia 6 às 10 hs 
926;16/06/2015 02:59;Não;;LALLEGRO ALIMENTAÇÃO;Aguinaldo;LIGAR DIA 20-06
1306;29/10/2015 01:59;Não;;Lanchero;Victor;Telefone de merda só chama. Tentar outro dia.
970;26/09/2015 22:00;Sim;07/10/2015 13:33;Lanchero;Renan;ivan e Victor estao na regiao, acompanhar e atualizar
1568;31/03/2016 02:59;Não;;Lat. Tiro;Alexandre Malhado;Contato realizado com Patrícia, setor de compras. Ela solicitou um e-mail com nossos produtos e pediu para entrarmos em contato novamente no fim desse mês. 
1375;31/10/2015 01:59;Não;;Laticinio Xando;Victor;"Silvia disse que ainda não chegou a testar os outros produtos. Usou o Ferrx, disse que o produto limpou bem o piso, mas ela fica com medo de usar, e o produto tirar a proteção do piso.

Vai testar os outros e vai dar uma posição."
1324;14/10/2015 02:59;Sim;13/10/2015 18:03;Laticinio Xando;Victor;Silvia está com ramal ocupado. Não esquecer de ligar d novo.
1015;03/07/2015 14:00;Não;;Laticínios Aviação;Adriana;"Liguei hoje e conversei com a Deise.

Ela informou que algum parente do Junior faleceu, tentar contato no final da semana."
992;01/07/2015 11:00;Não;;Laticínios Baby;Adriana;"Entrei em contato com o Luís agora, ele pediu para retornar a ligação amanhã cedo para falar direto com a Adriana (resposável da limpeza).

Em seguida cobrar a data que podemos realizar os testes."
959;23/06/2015 13:00;Não;;Laticínios Baby;Adriana;Ligar para Caio ou Neto.
1057;13/07/2015 13:00;Não;;Laticinios Brava;Jessica;ligar
1033;01/07/2015 19:00;Não;;Laticínios Bretuti;Adriana;Ligar e confirmar o recebimento da cotação. 
1538;15/03/2016 02:59;Não;;Laticínios Carolina;Alexandre Malhado;Vinícius não se encontra na sala.
1574;05/03/2016 02:59;Sim;11/03/2016 18:01;Laticínios Carolina;Alexandre Malhado;Contato realizado com Vinícius. Visita agendada para dia 04-03-16 às 16h00.
1561;29/02/2016 12:30;Sim;29/02/2016 18:17;Laticínios Carolina;Renan;Já que o Vinícius não atendeu devia ter tentado falar com o Gerente Industrial de acordo com histórico que eu te falei, eu nunca falei com Vinicius, nós já estamos atrasados no cliente pois estavam trocando , espero não termos demorado demais, liga na segunda e agenda de irmos lá.
1564;23/02/2016 02:59;Sim;23/02/2016 02:59;Laticínios Carolina;Alexandre Malhado;"Contato realizado via telefone. O responsável pelo setor de higienização (Vinícius) estava em uma reunião e não foi possível me atender.
"
1362;16/10/2015 02:59;Não;;Laticinios Costa;Simone;Liguei, mas Polianna está na fábrica, retornar mais tarde
1546;15/03/2016 02:59;Não;;Laticinios Estrela D Oeste;Alexandre Malhado;"Contato realizado com Laércio para verificar o resultado do teste:

PRO HA 3000 CL: Foi usado 700 ml para cada gerador de espuma. Resultado satisfatório.

ÁCIDO PERACÉTICO: Laércio está esperando terminar a reforma no laboratório para poder fazer os teste laboratoriais. O uso desse produto está suspenso até a reforma terminar. Essa reforma irá demorar mais duas semanas.

PRO HA ALC: Não apresentou resultado satisfatório. Iremos fazer novo teste."
1555;04/03/2016 02:59;Sim;29/02/2016 18:32;Laticinios Estrela D Oeste;Alexandre Malhado;"Teste realizado no dia 24-02-2016.

Nesse dia foi testado o PRO HA 3000 CL no chão da produção do laticínio. Usamos 500 ml para cada gerador de espuma. O resultado foi satisfatório, porém o encarregado do setor (Senhor Deva) disse que irá usar 700 ml.

ÁCIDO PERACÉTICO  será usado no dia de hoje. Após o uso o laboratório do próprio laticínio irá fazer testes para verificar se foi aprovado ou não.

PRO HA ALC também será usado hoje. Na data de ontem eles já haviam higienizado os latões.


 "
1514;25/02/2016 02:59;Sim;25/02/2016 12:55;Laticinios Estrela D Oeste;Alexandre Malhado;Teste marcado para o dia 24-02-16 às 14h30.
1478;18/02/2016 01:59;Sim;19/02/2016 16:28;Laticinios Estrela D Oeste;Alexandre Malhado;Laércio fez uma viagem de trabalho e só voltará para a empresa na próxima quarta-feira
1509;04/02/2016 01:59;Sim;12/02/2016 15:21;Laticinios Estrela D Oeste;Alexandre Malhado;Aguardando os produtos chegar pela transportadora para marcar o dia do teste com o Senhor Laércio.
1460;05/01/2016 01:59;Sim;29/01/2016 11:15;Laticinios Estrela D Oeste;Alexandre Malhado;"Visita realizada com sucesso no dia 14/12/2015. Laércio autorizou fazermos um teste. Ele disse que caso venha a aprovar nossos produtos ele irá ficar com dois fornecedores de produtos de limpeza. Dividirá o pedido entre a empresa que ele compra atualmente e a nossa.

Produtos e quantidades usados atualmente:
• Alcalino Clorado 2 x 50 Litros
• Soda Aditivada para limpar latões de leite 3 x 50 Litros
• Acido Peracético 1 x 20 Litros
• Sanitizante Biguanida 1 x 20 Litros
• Álcool Gel 2 x 50 Litros
• Sabonete Bactericida 2 x 50 Litros

Obs: Temos ácido fosfórico. O Senhor Laércio disse que usa para limpeza de tanques de inox. De preferência puro.

Irei programar com a Simone a entrega dos produtos para teste. "
1320;09/10/2015 02:59;Sim;27/10/2015 16:34;Laticinios Estrela D Oeste;Victor;Xande, esse cara é enrolado. Tem que ficar em cima. Eu acredito que ele vai comprar com a gente, mas tem que ficar bem em cima mesmo.
650;28/09/2015 02:59;Sim;07/10/2015 18:32;Laticinios Estrela D Oeste;Victor;Laercio disse que passou a nossa cotação para a frente, e até o fim do mês vão ligar para a gente. É esperar pra ver...
1103;27/09/2015 18:00;Sim;07/10/2015 18:33;Laticinios Estrela D Oeste;Victor;27/07/2015 - Laércio esta de férias, retorna semana que vem
532;15/05/2015 11:00;Sim;21/05/2015 11:51;Laticinios Estrela D Oeste;Victor;Recebeu a cotação. Vai comprar com alguém entre esta semana e a que vem. Visitar quando estiver por Estrela.
393;09/03/2015 13:30;Sim;12/03/2015 11:28;Laticinios Estrela D Oeste;Victor;Já visitei ontem e passei cotação. Ligar e não deixar comprar com outro.
270;12/02/2015 12:00;Sim;12/02/2015 11:46;Laticinios Estrela D Oeste;Victor;Laércio disse que vai cotar produtos lá para o dia 15. Ligar para cotar com a gente.
297;03/02/2015 10:00;Sim;04/02/2015 17:36;Laticinios Estrela D Oeste;Victor;Entreguei caderno. Laércio disse que vai comprar com a gente. Manter contato para um dia ele comprar.
196;03/02/2015 10:00;Sim;01/02/2015 23:21;Laticinios Estrela D Oeste;Victor;Manter contato com Laércio
148;17/11/2014 16:00;Sim;25/11/2014 18:07;Laticinios Estrela D Oeste;Victor;Está difícil falar com Laércio no número da empresa e por celular. Está em Rio Preto. Ligar segunda-feira durante a tarde que ele já vai ter voltado.
82;14/11/2014 17:00;Sim;14/11/2014 18:28;Laticinios Estrela D Oeste;Victor;Ver próxima cotação com Laércio. Em 28/10 ele disse que gostou do detergente clorado.
1005;13/07/2015 12:00;Não;;Laticinios Hué;Jessica;"Enviado email com catalogo.

Retornar a ligação."
1289;06/11/2015 01:59;Não;;Laticínios Jussara;Victor;Olirio pediu para enviar FISPQs e Boletins por e-mail para ele começar a conhecer os produtos. Pediu para quando eu estiver pela região agendar uma visita com ele e com Helio.
1261;07/10/2015 02:59;Sim;09/10/2015 18:46;Laticínios Jussara;Victor;"Olirio (gerente industrial) ou Helio (gerente de compras)

Claudio disse que nenhum dos gerentes está com interesse em conhecer novos fornecedores. As decisões vem dos gerentes industriais ou de compras, que não estão pensando em trocar."
1070;09/09/2015 02:59;Sim;29/09/2015 19:10;Laticínios Jussara;Victor;Claudio disse que não tem previsão, e disse que pediu para o pessoal informá-lo quando o contrato estiver para acabar para testar novos fornecedores. Ligar todo mês.
1013;18/07/2015 02:59;Sim;21/07/2015 19:26;Laticínios Jussara;Victor;Claudio entrou de férias. Ligar daqui 3 semanas.
770;26/06/2015 02:59;Sim;26/06/2015 14:27;Laticínios Jussara;Victor;Claudio acha que o contrato acaba no meio do segundo semestre. Continuar acompanhando para programar teste.
640;29/05/2015 02:59;Sim;28/05/2015 19:07;Laticínios Jussara;Victor;E-mail enviado para Claudio.
677;22/05/2015 02:59;Sim;21/05/2015 14:03;Laticínios Jussara;Victor;Atualizar e ver a data que termina o contrato.
995;07/07/2015 13:00;Não;;Laticínios Leitsul;Adriana;"Ligar!

Estava fechado na segunda-feira."
1039;08/07/2015 17:00;Não;;Laticínios Roseira;Adriana;"Qual o telefone e o contato para ligar?

Não achei no cadastro aqui"
1085;04/08/2015 13:05;Não;;Laticínios Tatitania;Adriana;Ligar para agendarmos a data para teste. 
1037;01/07/2015 18:45;Não;;Laticínios Tatitania;Adriana;Ligar!!! 
910;16/06/2015 17:30;Não;;Laticínios Tatitania;Jessica;Falei com a Eliana. Responsável Luiz Alberto, retornar depois das 14 
1303;16/10/2015 02:59;Não;;Laticínios Tirolez;Victor;"Conversa foi boa de novo. Amanda disse que está com problema para comprar soda, e vai querer conhecer novos fornecedores.

Disse que até semana que vem vai passar uma lista dos produtos que usa, para a gente passar os equivalentes e talvez dar andamento nos testes. Disse que se ela não me passar até quinta-feira, eu volto a ligar."
321;02/02/2015 10:00;Sim;11/03/2015 12:55;Laticínios Tirolez;Victor;"Conversado com Natalia na fábrica em Monte Aprazível.



Renan vai conversar com Amanda, de compras, no endereço &quot;Rua Quitanduba, 400 - Caxingui - São Paulo - Brasil - CEP 05516-030&quot;"
316;29/01/2015 10:30;Sim;01/02/2015 23:47;Laticínios Tirolez;Victor;Ligar, encontrar a pessoa da qualidade e visitar.
655;18/05/2015 13:00;Não;;Lider Alimentos;Renan;ligar para marcela na terca feira e tentar agendar para quinta que estaremos em Maringa
790;15/06/2015 12:00;Não;;Life Company;Renan;aguardar e-mail deles com produtos ligar em 3 semanas
204;09/04/2015 11:00;Sim;06/04/2015 20:49;Liotécnica;Victor;Falar com Nicolas, da qualidade. Iniciar conversa.
140;16/11/2014 10:00;Sim;25/11/2014 18:03;Liotécnica;Victor;Buscar informações.
1214;17/09/2015 13:00;Não;;Lips Sorvetes;Jessica;ligar amanhã e falar com a Bruna.
1101;05/08/2015 17:00;Não;;Livenza Massas;Adriana;"O Luis de compras não trabalha mais na empresa.

A Marina já tinha ido embora. Ligar amanhã."
1002;08/07/2015 13:30;Não;;Livenza Massas;Adriana;"Conversei com o Luis de compras.

Disse que está avaliando a cotação. 

Retornar semana que vem. "
1035;02/07/2015 12:00;Não;;Livenza Massas;Adriana;"Enviei e-mail cobrando o retorno da cotação.

Ligar para Luis. "
982;24/06/2015 17:50;Não;;Livenza Massas;Adriana;Ligar para confirmar o recebimento da cotação. 
882;15/06/2015 12:00;Não;;Lobits - Milho de Ouro;Renan;acompanhar
1099;03/08/2015 12:30;Não;;Long Way Alimentos;Renan;"27/07/2015---Eu Fernanda, conversei com a Andréia.

Segundo ela, precisa da autorização do diretor para poder fechar com a Proauto, pediu pra retornar dia 03/08/2015."
879;10/06/2015 17:00;Sim;12/06/2015 19:13;Long Way Alimentos;Jessica;Teste amanhã as 14 hs 
740;27/05/2015 22:30;Não;;Long Way Alimentos;Jessica;Enviar cotação, esperar resposta para iniciar o teste
1365;21/10/2015 01:59;Não;;Lual Alimentos;Simone;15.10 Liguei porém telefone só chama no ramal 4 que é de compras
1330;17/10/2015 02:59;Não;;Lual Alimentos;Simone;Liguei novamente Michelle está em reunião, retornar
112;09/04/2015 11:00;Sim;06/04/2015 20:48;Lual Alimentos (Brassuk);Victor;Michele está de férias e retorna dia 13/12. Ligar.
122;25/11/2014 17:30;Sim;25/11/2014 11:49;Lual Alimentos (Brassuk);Victor;Michele - qualidade
130;18/11/2014 12:00;Sim;18/11/2014 16:37;Lual Alimentos (Brassuk);Victor;Tudo
1139;21/08/2015 02:59;Não;;Lyndoia Original;Sueli;20/08 Renan ficou de mandar cotação
200;20/01/2015 12:00;Não;;Macarrão Siena;Renan;16/01/2015 enviado catalogo por e-mail para Marcelo ( Qualidade)
1149;03/09/2015 13:00;Sim;01/09/2015 18:24;Macrozen Produtos Naturais e Integrais;Renan;"24/08/2015 Eu Simone enviei apresentacao por e-mail



01/09 - Compra poucos produtos direto com tio deles...Empresa Familiar...."
789;03/06/2015 13:00;Não;;Mae Terra;Renan;conversei com a Daniela, esta enrolada com projetos, ligar no dia 12/06
558;01/06/2015 12:00;Sim;03/06/2015 19:18;Mae Terra;Renan;"falei com ela hoje ; fui mega simpatica ligar no dia 1//6"
1053;20/07/2015 12:00;Não;;Mama Refeicoes;Renan;Renan enviou apresentacao por email retornar daqui 10 dias
1602;21/05/2016 02:59;Não;;Marfrig;Victor;"Sandro informou que a Diversey saiu e entrou a New Drop. Laércio não está mais na empresa. Tatiane que está no setor de compras.

Ligar"
1246;02/10/2015 02:59;Sim;29/09/2015 12:14;Marfrig;Victor;Laercio disse que eu posso ir começando a cozinhar o Sandro em Promissão se eu quiser.  Ligar para Sandro e tentar passar lá dia 05/09.
1048;03/09/2015 02:59;Sim;29/09/2015 12:14;Marfrig;Victor;Laercio disse que Sandro está enrolado com reformas na fábrica de Promissão e só quer testar no fim do ano. Passar na fábrica quando estiver passando por Promissão para conhecer esse Sandro e tentar agilizar teste.
1003;01/07/2015 02:59;Sim;08/07/2015 12:09;Marfrig;Victor;"Laercio enviou e-mail para Sandro da unidade de Promissão. Acompanhar com Sandro para inicar testes.



Telefone de Promissão: (14) 3543-9600"
956;27/06/2015 02:59;Sim;26/06/2015 14:00;Marfrig;Victor;Enviado e-mail perguntando se já alinhou com o pessoal da qualidade.
917;22/06/2015 02:59;Sim;24/06/2015 20:43;Marfrig;Victor;Conversa com Laercio foi boa. Disse que ia falar com o pessoal da qualidade ainda esta semana. Ficar em cima para não deixar esfriar.
855;13/06/2015 02:59;Sim;21/06/2015 15:52;Marfrig;Victor;Juliana disse que o pessoal da Diversey foi lá falar que se a Marfrig encerrar o contrato com eles, vão ter que pagar todo o parque industrial que a diversey montou. Eles estão verificando.
822;09/06/2015 02:59;Sim;10/06/2015 12:34;Marfrig;Victor;Juliana disse que os preços da Diversey estão defasados e o vendedor da Diversey vai lá hoje para conversar. Já está alto, provavelmente vai aumentar. Disse para eu ligar na segunda-feira pois vai ver o que a Diversey vai passar para eles hoje.
850;04/06/2015 02:59;Sim;03/06/2015 14:26;Marfrig;Victor;Juliana não foi trabalhar hoje. Ligar amanhã.
743;02/06/2015 02:59;Sim;02/06/2015 12:20;Marfrig;Victor;Juliana disse que vai tentar agendar visita com o gerente dela para sexta-feira.
669;23/05/2015 02:59;Sim;26/05/2015 19:45;Marfrig;Victor;Cotação enviada ontem. Juliana vai sentar amanhã com gerente dela para definir qual estratégia vão tomar.
617;15/05/2015 02:59;Sim;20/05/2015 19:15;Marfrig;Victor;Precisamos passar cotação.
553;14/05/2015 02:59;Sim;14/05/2015 12:50;Marfrig;Victor;Laércio está de férias. Menina ficou de enviar BID para participarmos dos testes e concorrência.
1068;03/09/2015 02:59;Sim;29/09/2015 12:15;Marfrig - Promissão;Victor;Sandro disse que posso passar lá para bater um papo, mas semana que vem estará enrolado e pediu para ligar antes.
1607;29/04/2016 02:59;Não;;Marilan;Victor;Irineu passou o contato do Alexandre da Pluron. Transferiu e deu liberdade para conversar com o Edemir, mas a ligação caiu.
1597;01/04/2016 02:59;Sim;26/04/2016 17:38;Marilan;Victor;Edemir vai falar com a Silvana e com o Irineu. Vai retornar para falar se podem receber visita amanhã.
1580;17/03/2016 02:59;Não;;Marilan;Victor;"Edemir disse que ia passar planilha para Leticia com os produto aprovados, mas Irineu disse que ele ainda não passou.

Passar lá semana que vem quando estiver indo embora de Rio Preto"
1544;08/03/2016 02:59;Sim;10/03/2016 18:57;Marilan;Victor;Reencaminhado e-mail para Irineu. Ficar em cima.
1474;26/01/2016 01:59;Sim;01/03/2016 12:51;Marilan;Victor;"Irineu disse que Edemir aprovou alguns produtos mas ainda não gerou ordem de compra. Vai falar com Edemir para ver o que está acontecendo.

Passar lá semana que vem."
1454;21/01/2016 01:59;Sim;21/01/2016 15:42;Marilan;Victor;Irineu está de férias. Volta dia 20 de Janeiro.
1373;05/01/2016 01:59;Sim;06/01/2016 11:15;Marilan;Victor;Irineu disse que vai me ligar, que conversou com o Edemir, e Edemir ainda não tinha validado tudo. Ficar em cima.
1353;21/10/2015 01:59;Sim;21/10/2015 12:06;Marilan;Victor;Irineu disse que o processo está andando. Falei que vou continuar acompanhando e ligar semana que vem.
1300;10/10/2015 02:59;Sim;13/10/2015 19:41;Marilan;Victor;Irineu disse que não haviam passado nada para ele. Enviado e-mail para ele com cópia para Edemir. Ficar em cima.
1027;27/09/2015 02:59;Sim;07/10/2015 12:43;Marilan;Victor;Edemir já encaminhou tudo parar Irineu. Irineu não está na empresa hoje. Tentar outro dia.
1021;26/09/2015 12:00;Sim;07/10/2015 12:50;Marilan;Ivan;Combinar de ligarmos e forçar uma amizade.
944;25/06/2015 02:59;Sim;26/06/2015 17:30;Marilan;Victor;Edemir disse que está mais caro. Pedi para passar o consumo aproximado para talvez ver desconto. Pediu para ligar na quarta-feira se ele não tiver me passado essas info.
884;22/06/2015 02:59;Sim;22/06/2015 18:34;Marilan;Victor;Enviado cotação de 3000 CL, Pro R1, Sapone Bac e Mult 10.000
784;06/06/2015 02:59;Sim;05/06/2015 14:02;Marilan;Victor;"Visita feita e teste de alguns produtos agendados para segunda-feira 01/06. Ivan vai ajudar!



- Pro HA – 5000 CL (2 x 5l)

- Neuter Ultra (5l)

- Klinbe (5l)

- Pro R1 (2 x 5l)

- AB – AL 200 (5l)

- Sapone Bac (5l)

- Pro Ha – Gel 70 (5l)

"
684;30/05/2015 02:59;Sim;30/05/2015 17:17;Marilan;Victor;Visitar Edenir as 11:00
523;29/05/2015 13:00;Sim;28/05/2015 16:22;Marilan;Victor;Edenir estava afastado. Voltou hoje. Ainda não recebeu catálogo e caderno. Ligar mais para o final da semana.
456;02/04/2015 13:00;Sim;30/03/2015 14:32;Marilan;Victor;Edenir estava afastado. Voltou hoje. Ainda não recebeu catálogo e caderno. Ligar mais para o final da semana.
197;19/01/2015 11:00;Sim;30/03/2015 14:32;Marilan;Renan;Conversado no dia 15/01 com a vanessa e ligar para a Marta que é a responsavel do setor no dia 19/01
976;03/09/2015 02:59;Sim;29/09/2015 12:06;Marvi;Victor;Flavia disse que a produção rodou direto neste final de semana. Vai ver no próximo como vai ser e avisar se a gente quiser acompanhar o faxinão.
915;22/06/2015 02:59;Sim;22/06/2015 19:03;Marvi;Victor;No horário do teste só trabalha um funcionário da higienização que aprovou o 3000 CL e o Neuter Super. Foi colocado o diluidor no lugar do da New Drop que estava todo fudido. Este diluidor de dois bicos novo pega ar. Trocar por um outro, mas já foi deixado lá para eles irem usando nossos produtos. Ficar em cima e não deixar esfriar. Testar Pro HA ALC.
893;13/06/2015 02:59;Sim;21/06/2015 15:58;Marvi;Victor;Enviado e-mail perguntando se já tem alguma data para os testes.
831;06/06/2015 02:59;Sim;11/06/2015 11:05;Marvi;Victor;Flavia pediu para ligar até o fim desta semana, pois ainda não viu data.
672;02/06/2015 02:59;Sim;01/06/2015 14:08;Marvi;Victor;Flavia pediu para ligar na primeira semana de Junho para marcar a data dos testes.
674;22/05/2015 02:59;Sim;22/05/2015 18:07;Marvi;Victor;Solicitado amostras para Simone.
662;20/05/2015 02:59;Sim;14/05/2015 15:01;Marvi;Victor;Aguardando e-mail com melhor data para testes.
561;15/05/2015 02:59;Sim;14/05/2015 14:43;Marvi;Victor;Enviado outro e-mail para Robson.
609;30/04/2015 02:59;Sim;12/05/2015 13:22;Marvi;Victor;Enviei e-mail para Robson solicitando consumo de cada produto. Cobrar.
596;26/04/2015 02:59;Sim;28/04/2015 18:01;Marvi;Victor;Passar cotação
1489;02/07/2016 02:59;Não;;Matilat;Alexandre Malhado;Contato realizado com a própria Ana Carolina e a mesma relatou que no momento não está aberta para testes com produtos de higienização. Pediu para entrar em contato futuramente.
1501;13/02/2016 01:59;Sim;11/02/2016 12:15;Matilat;Alexandre Malhado;Mais uma vez falei com a Ingrid e a mesma me disse que passou o recado para Ana Carolina e que a mesma iria entrar em contato. Aguardando.
1479;12/02/2016 01:59;Sim;05/02/2016 15:45;Matilat;Alexandre Malhado;Fui atendido mais uma vez pela Ingrid. A mesma disse que irá pedir para que a Ana Carolina verifique os e-mails que foram enviados.
1511;30/01/2016 01:59;Sim;04/02/2016 16:45;Matilat;Alexandre Malhado;Nova tentativa de contato. Ana Carolina não se encontrava na sala. Deixei recado com Paloma.
1497;26/01/2016 01:59;Sim;29/01/2016 17:24;Matilat;Alexandre Malhado;Tentativa de novo contato. Fui atendido novamente pela Ingrid, a qual pediu que eu mandasse novamente outro e-mail. Aguardando resposta.
1413;23/01/2016 01:59;Sim;25/01/2016 11:06;Matilat;Alexandre Malhado;E-mail enviado para Ana Carolina (Departamento de Desenvolvimento). Aguardando retorno.
1426;21/01/2016 01:59;Sim;20/01/2016 11:24;Matilat;Alexandre Malhado;Ana Carolina estava em reunião durante a tarde toda. Retornarei amanhã.
1408;12/01/2016 01:59;Sim;19/01/2016 17:47;Matilat;Alexandre Malhado;Passei na empresa no dia 06-01-2016 e deixei uma agenda de lembrança para a Ana Carolina (Departamento de Desenvolvimento).  Ligarei semana que vem para tentar agendar uma visita.
817;23/10/2015 01:59;Não;;Matilat Laticínios;Victor;"Paula disse que é primeiro com compras com Paulo Adriano.



Paulo Adriano disse que é com Ana Carolina do desenvolvimento. Foi enviado e-mail para Ana Carolina.



Ana Carolina - desenvolvimento@matilat.com.br"
727;02/06/2015 02:59;Sim;02/06/2015 19:32;Matilat Laticínios;Victor;Já deixei catálogo na portaria e conversei com Paula, que trabalhou no Minerva de Barretos. Vai marcar comigo outro dia. Ligar quando estiver em Rio Preto.
473;27/05/2015 02:59;Sim;27/05/2015 12:10;Matilat Laticínios;Victor;Alessandra saiu da empresa. Continuar tentando até a pessoa nova entrar.
450;17/03/2015 12:30;Sim;24/03/2015 13:32;Matilat Laticínios;Victor;Está disposta a receber visita na segunda quinzena do mês. Ligar para agendar.
448;03/03/2015 12:00;Sim;02/03/2015 20:17;Matilat Laticínios;Victor;Alessandra está afastada. Só volta segunda-feira, dia 02/03
433;03/03/2015 10:00;Sim;03/03/2015 12:58;Matilat Laticínios;Victor;Alessandra entra as 7:00 ligar neste horário.
377;12/02/2015 10:00;Sim;27/02/2015 12:05;Matilat Laticínios;Victor;Visitar Alessandra
980;24/07/2015 12:00;Não;;Max Brill;Renan;"Falei com Thiago, sempre simpatico, esta testando um produto Incedin que substitui Alcool e Bactericidas, ele tem um diluidor eletronico que sai uma etiqueta com a validade; falou que vai nos testar. ligar no fim do proximo mes."
903;15/06/2015 12:00;Não;;Max Brill;Renan;Ligar para o Tiago na segunda
689;14/07/2015 11:00;Não;;Max Food;Jessica;Ligar para Ana para ver se consegue pegar uma cozinha.
877;27/09/2015 02:59;Sim;17/09/2015 13:54;Mendonça Distribuidora;Victor;Ramal da Gislaine não está atendendo. Ligar daqui umas 2 horas.
1125;28/07/2015 17:00;Sim;17/09/2015 18:55;Mendonça Distribuidora;Victor;27/07/2015 - Liguei várias vezes, mas Gislaine está em reunião
346;09/06/2015 11:00;Sim;11/06/2015 13:19;Mendonça Distribuidora;Victor;Pedido entregue em 19/01. Acompanhar para ver se precisam de mais produto.
125;13/01/2015 10:30;Sim;20/01/2015 11:18;Mendonça Distribuidora;Victor;"Pedido entregue. Costuma durar 20 dias. Entrar em contato novamente para fazer novo pedido após 20 dias.



Não esquecer de frisar que produto deve ter durado mais."
189;15/12/2014 12:00;Sim;13/01/2015 13:24;Mendonça Distribuidora;Victor;Acompanhar processo de instalação de diluidor.
193;09/12/2014 18:00;Sim;12/12/2014 11:15;Mendonça Distribuidora;Victor;Está em Reunião. Ligar as 16:00
235;09/12/2014 16:00;Sim;09/12/2014 16:44;Mendonça Distribuidora;Victor;Ligar quinta-feira à tarde, que é o horário mais tranquilo para falar com a Rosana, e perguntar do PK Wash.
183;18/11/2014 10:00;Sim;18/11/2014 16:13;Mendonça Distribuidora;Victor;Pedido feito. Ver se já entregou.
173;13/11/2014 10:00;Sim;13/11/2014 19:35;Mendonça Distribuidora;Victor;Verificar se recebeu e-mail com pedido.
161;10/11/2014 10:00;Sim;12/11/2014 17:02;Mendonça Distribuidora;Victor;Ver com Renan se já foi deixada amostra do PK Wash, como ele havia dito no e-mail, e separar as amostras.
546;30/10/2015 11:30;Não;;Minalice;Victor;"Valquíria disse que Sandro é da parte da manipulação, e seria o responsável.



Foi enviado e-mail para Sandro, que disse para passar lá quando estiver por Ribeirão Preto."
375;09/03/2015 13:00;Sim;09/03/2015 13:39;Minalice;Victor;Visitar quando estiver pela região de Ribeirão Preto
305;19/01/2015 16:00;Não;;Minalice Bolachas;Renan;16/01/2015 enviado apresentacao por e-mail para compras - a/c Paulo - pmelo@minalice.com.br
994;01/07/2015 18:00;Não;;Minas Castro;Adriana;Ligar para a Vanda. 
1586;09/06/2016 02:59;Não;;Minerva Foods;Victor;Reunião agendada para quarta às 9:00
1591;03/06/2016 02:59;Sim;06/06/2016 12:55;Minerva Foods;Victor;Vitor vai ajudar Juliana nas próximas semanas, pediu para receber visita no início de junho.
1584;20/05/2016 02:59;Sim;19/05/2016 18:51;Minerva Foods;Victor;Vitor está enrolado nessa semana com questões da BPF e pediu para ligar no fim do mês para definir os testes. Ligar no final da semana do dia 16 para passar lá na semana do dia 23.
1470;02/03/2016 02:59;Sim;10/05/2016 17:38;Minerva Foods;Victor;Vitor estará indo para Araguaína na semana que vem. Tentar visitar na outra semana. Está interessado em alinhar o teste logo, mas ainda não tem tudo que precisa resolvido.
1515;13/02/2016 01:59;Sim;12/02/2016 18:23;Minerva Foods;Victor;Ligar sexta.
1410;14/01/2016 01:59;Sim;05/02/2016 13:38;Minerva Foods;Victor;Vitor vai ter reunião com compras e diretoria nesta semana. Assim que tiver uma posição vai me passar. Está fechando o teste da Start.
1429;06/01/2016 01:59;Sim;05/01/2016 16:31;Minerva Foods;Victor;Foco
1254;27/10/2015 01:59;Sim;04/01/2016 17:10;Minerva Foods;Victor;"Vitor disse que não entendo porque nós não estamos entrando nas cotações da barreira sanitária e vai conversar com Haroldo.

Já está com todas as questões definidas com relação ao teste da Start, e assim que passar uma auditoria dos EUA este mês, nós poderemos fazer nosso teste na indústria."
1187;24/09/2015 02:59;Sim;06/10/2015 14:52;Minerva Foods;Victor;Vitor disse que até o dia 20 já pode ter tudo finalizado.
1045;23/09/2015 02:59;Sim;07/10/2015 11:53;Minerva Foods;Victor;Tatiane da qualidade do corporativo disse que ainda não está homologado no corporativo. Tentar ver com a Juliana e já fazer os testes na produção.
1136;04/09/2015 02:59;Sim;11/09/2015 13:09;Minerva Foods;Victor;Vitor disse que provavelmente semana que vem já vai alinhar os testes com a gente. Está aguardando os resultados dos testes da Start.
853;11/06/2015 12:00;Não;;Mn Propolis;Renan;ligar amanha cedo e ve se a camila recebeu email
218;20/01/2015 12:00;Não;;Mn Propolis;Renan;16/01/2015 enviado catalogo por e-mail compras@mnpropolis.com.br - a/c Srta Noemi
1382;30/10/2015 12:00;Sim;11/01/2016 17:03;Mococa Laticinios;Jessica;Liguei, só chamou retornar amanha 
202;16/01/2015 12:00;Não;;Mococa Laticinios;Renan;Enviado apresentacao por e-mail 15/01
1541;22/03/2016 02:59;Não;;Moinho Santa Clara;Jessica;Ligar proxima semana
967;24/06/2015 13:00;Não;;Moinho Santa Clara;Jessica;Levar saboneteiras e conversar com o Francisco 
708;29/05/2015 13:00;Sim;19/10/2015 18:53;Moinho Santa Clara;Jessica;Levar saboneteiras, assinar comodato 
1265;01/03/2016 02:59;Não;;Mondelez;Victor;Suelen está de licença maternidade até 25/02/2016.
1197;01/10/2015 02:59;Sim;27/10/2015 15:58;Motel Millennium;Alexandre Malhado;"Contato realizado via telefone com Dona Lucélia. Marquei uma visita para hoje no período da tarde. Ela trabalha na empresa há 14 anos. Relatou que compra poucos produtos de limpeza, uma vez que o movimento do motel não é intenso. Trabalha com o Mundclean 7000 da Mundial Química.
__________
Visita realizada com sucesso. Fomos bem recebidos pela Dona Lucélia. Iremos enviar alguns produtos para que ela faça o teste.  Grandes chances de se tornar um cliente.
__________
28-09-15. Contato via telefone para pegar dados cadastrais. Produtos usados atualmente. Detergente Neutro / Detergente para chão Mundclean 7000 (azul) / Produto para bater hidromassagem. Ligar para ela na quarta-feira (30-07-15) para passa o preço dos produtos. Talvez não seja necessário mandar amostras grátis. Ela vai adquirir os produtos direto.
"
1202;03/10/2015 02:59;Sim;15/02/2016 11:27;Motel Parati;Alexandre Malhado;"Contato realizado via telefone com a Juliana. A mesma me disse para retornar no dia 25-09-2015 na parte da manhã, uma vez que o proprietário Ricardo só fica na empresa nas sextas-feiras na parte da manhã.
__________
28-09-15. Ainda não consegui falar com o proprietário. Tentarei na próxima sexta feira.  Horário mais fácil para contato é das 7 as 8 de segunda  sexta."
252;15/01/2015 20:00;Não;;Nacon Laticinio;Renan;Ligar no celular do Antonio apos as 18h ....16 997813756
1593;09/04/2016 02:59;Não;;Neolat;Alexandre Malhado;"Fui informado pela empresa que o Senhor Gerson não faz mais parte da equipe. Mandei e-mail para Luciano para darmos continuidade.

lucianoguimaraes@queijosipanema.com.br"
1553;24/02/2016 02:59;Sim;07/04/2016 12:18;Neolat;Alexandre Malhado;Gerson não mandou o e-mail que havia prometido. Tentei entrar em contato e não foi possível.
1494;17/02/2016 01:59;Sim;23/02/2016 13:03;Neolat;Alexandre Malhado;Consegui contato com Gerson e o mesmo me disse que irá passar o relatório com os produtos de higiene usados atualmente.
1503;05/02/2016 01:59;Sim;11/02/2016 12:19;Neolat;Alexandre Malhado;Idem observação anterior.
1471;03/02/2016 01:59;Sim;04/02/2016 16:49;Neolat;Alexandre Malhado;Gerson ainda não respondeu e-mail. Tentativa de contato via telefone, porém o mesmo não se encontrava na empresa.
1512;30/01/2016 01:59;Sim;29/01/2016 18:42;Neolat;Alexandre Malhado;Gerson ainda não respondeu e-mail. Tentativa de contato via telefone, porém o mesmo não se encontrava na empresa.
1493;27/01/2016 01:59;Sim;29/01/2016 17:17;Neolat;Alexandre Malhado;"Visita realizada na Unidade de Rancharia. Fui muito bem recebido pelo Gerson. Ele irá passar por e-mail a relação dos produtos e a quantidade de cada um usados no mês. 
Aguardando e-mail."
1434;12/01/2016 01:59;Sim;22/01/2016 23:38;Neolat;Alexandre Malhado;"Renan me passou os e-mails que havia trocado com o Senhor Raul.
Mandei novo e-mail pedindo uma visita.
Aguardando retorno do e-mail."
1425;12/01/2016 01:59;Não;;Nestlé Purina PetCare;Victor;Ligar para Odelço
1446;06/01/2016 01:59;Sim;08/01/2016 13:04;Nestlé Purina PetCare;Victor;Foco
1323;16/10/2015 02:59;Sim;04/01/2016 17:17;Nestlé Purina PetCare;Victor;Já encaminhado e-mail para Odelço. Aguardando resposta. Ficar em cima!!
1189;23/09/2015 02:59;Sim;07/10/2015 12:11;Nestlé Purina PetCare;Victor;Aguardar resposta do e-mail do Jeferson e passar informação para Odelço. Cobrar Jeferson. Não esquecer!!
891;17/07/2015 02:59;Sim;17/09/2015 17:40;Nestlé Purina PetCare;Victor;Odelço entrou de férias e volta daqui 40 dias. 
895;10/06/2015 02:59;Sim;10/06/2015 12:46;Nestlé Purina PetCare;Victor;Enviado e-mail novamente para Odelço.
659;04/06/2015 02:59;Sim;03/06/2015 19:55;Nestlé Purina PetCare;Victor;Enviado e-mail perguntando se já tem outra data para visita.
583;22/05/2015 02:59;Sim;21/05/2015 13:17;Nestlé Purina PetCare;Victor;Enviado e-mail pergutando qual melhor semana para visita.
605;14/05/2015 11:00;Sim;14/05/2015 13:34;Nestlé Purina PetCare;Victor;Reunião marcada para segunda-feira (11/05) às 9:30.
491;15/04/2015 02:59;Sim;23/04/2015 14:33;Nestlé Purina PetCare;Victor;Odelço disse para reencaminhar e-mail e vai ver uma data para visita ainda em Abril. Cobrar retorno.
416;30/03/2015 13:00;Sim;06/04/2015 12:36;Nestlé Purina PetCare;Victor;Conversado com Odelço. Ele não tinha recebido o e-mail, mas agora já recebeu e vai responder. Manter contato, pois não é sempre que a central abre para novos fornecedores. Tentar ligar sempre às segundas-feiras que é mais fácil de encontrá-lo.
443;19/02/2015 12:00;Sim;02/03/2015 17:06;Nestlé Purina PetCare;Victor;"Enviado e-mail para odelco.balieiro@br.nestle.com, que foi informado por Eloisa, no número (11) 5515-8500.



Achei no Google que Odelço participou de um workshop na Fundação Salvador Arena. Não largar nunca!"
442;12/02/2015 12:00;Sim;12/02/2015 12:29;Nestlé Purina PetCare;Victor;Tentar conversar com Odelcio Balieiro, que está na Bahia esta semana.
1529;05/04/2016 02:59;Não;;New Italian;Victor;Entrar em contato no início de Abril para agendar testa com André.
1526;12/03/2016 02:59;Não;;New Millen;Victor;Prima, lembrei de novo só no fim da  tarde. Está aí.
802;12/11/2015 01:59;Sim;10/03/2016 20:23;New Millen;Victor;Fabiana está acompanhando uma auditoria. Acompanhar semana que vem.
559;29/05/2015 02:59;Sim;28/05/2015 18:34;New Millen;Victor;Enviado outro e-mail.
475;23/04/2015 13:00;Sim;23/04/2015 18:41;New Millen;Victor;"Fabiana respondeu ao e-mail dizendo que ainda estão analisando.



Ligar para cobrar."
503;12/03/2015 13:00;Sim;11/03/2015 19:56;New Millen;Victor;Enviado e-mail para Fabiana pedindo uma posição. Acompanhar.
396;10/03/2015 13:00;Sim;09/03/2015 14:45;New Millen;Victor;Fabiana estava ocupada. Disse que vai retornar.
342;20/02/2015 12:00;Sim;02/03/2015 17:27;New Millen;Victor;Fabiana disse que o processo está parado porque a diretoria está resolvendo outras coisas. Pediu para ligar daqui duas semanas para ver se já conseguiu ver isso.
250;02/02/2015 12:00;Sim;04/02/2015 16:49;New Millen;Victor;Cotação enviada por Renan para entregar em mãos. Acompanhar.
248;09/01/2015 17:00;Sim;13/01/2015 12:09;New Millen;Victor;"Cliente visitado. Passar cotação:

- Detergente Neutro

- Alcool Gel

- Hipoclorito

- 

- "
256;05/01/2015 10:00;Sim;09/01/2015 13:02;New Millen;Victor;Conversamos, e ela pediu para agendar visita em Janeiro. Foi enviado catálogo. Agendar visita.
1387;09/11/2015 10:00;Não;;Nexx Móteis;João Maffei;Foi enviado a proposta para introdução com 15 dias de produto sem custo, iremos entrar no jornal da associação para divulgação de nossa empresa para o Brasil na rede de motéis e hotéis. aguardar retorno do Antônio Carlos até próxima semana.
1294;24/10/2015 01:59;Não;;Ninfa;Victor;Ivanzinho, como está lá?
906;27/09/2015 02:59;Sim;07/10/2015 14:07;Ninfa;Victor;Por telefone não adianta. Visitar quando estiver indo para o Frimesa.
508;12/06/2015 02:59;Sim;21/06/2015 15:41;Ninfa;Victor;"Andressa disse que está sendo bem assessorada nos produtos de limpeza. Cotou alcool gel e sabonete liquido e disse que os preços estão bons, mas o problema é o pedido mínimo.



Disse que quando houver necessidade, vai entrar  em contato."
520;19/03/2015 02:59;Sim;24/03/2015 17:16;Ninfa;Victor;Enviado email. Vai responder pedindo cotação.
368;10/03/2015 13:00;Sim;13/03/2015 19:04;Ninfa;Victor;Ivan visitou Andressa. Conversou, e ela vai passar os produtos para cotação.
345;05/02/2015 10:00;Sim;02/03/2015 12:48;Ninfa;Victor;"Enviado e-mail para Adilson, pois quando liguei, ele estava na produção, e pediu e-mail.



Ligar de novo se ele não responder."
1350;17/10/2015 02:59;Sim;23/10/2015 17:08;Nosso Tempero;Alexandre Malhado;A empresa é de porte pequeno. Atualmente eles compram produtos de limpeza em supermercados. Hoje eles utilizam apenas detergente neutro.  Caso o CNPJ seja aprovado, iremos mandar alguns produtos para teste, como: Neuter Ultra, Pro Ha 3000 CL.
1271;13/10/2015 17:00;Sim;14/10/2015 12:53;Nosso Tempero;Alexandre Malhado;Contato realizado com a proprietária (Dona Leila) para terça-feira (13-10-15) às 14 horas. 
1288;08/10/2015 02:59;Sim;08/10/2015 18:21;Nosso Tempero;Victor;Xande
315;28/09/2015 02:59;Sim;07/10/2015 18:34;Nosso Tempero;Victor;Visitar quando estiver em Estrela
13;03/02/2015 09:00;Sim;03/02/2015 15:44;Nosso Tempero;Victor;Tudo
1421;11/12/2015 11:30;Sim;14/12/2015 09:46;Nutribem;Alexandre Malhado;"Visita agendada para dia 11-12-2015 às 9h30m com Rafael

Rodovia SP 355 - Km 12,5

"
1377;27/10/2015 01:59;Sim;09/12/2015 17:35;Nutribem;Alexandre Malhado;Tentativa de contato, porém não consegui contactar o Rafael.
1349;21/10/2015 01:59;Sim;23/10/2015 17:32;Nutribem;Alexandre Malhado;Tentativa de contato para agendar uma visita. A pessoa responsável (Rafael) não estava. Tentarei novamente amanhã.
1008;02/07/2015 19:00;Não;;Nutriline Alimentação;Adriana;"Elaborar outra cotação e enviar no e-mail

producao@nutriline.com.br

A/C: Daniela e Mariana"
754;01/06/2015 13:00;Sim;08/06/2015 18:30;Nutriline Alimentação;Adriana;"Visita com Renan. Catálogo entregue mais uma vez.



Testes realizados em outubro de 2014.



Retornar ligação dia 01/junho."
188;14/01/2015 11:25;Sim;22/01/2015 12:56;Nutrimix;Victor;Tudo
15;21/10/2014 09:00;Não;;Nutriplan;Victor;Nutriplan
1196;16/09/2015 13:00;Não;;Ofner;Simone;retornar
1182;15/09/2015 18:00;Não;;Ofner;Simone;15.09 - cadastro
1077;15/07/2015 12:00;Não;;Oggi Sorvetes;Ivan;"Elizabeth é do controle de qualidade agora.

Ela estava em teste e a mayara pediu pra retornar amanha.

Encaminhei email de apresentação. "
968;24/06/2015 22:00;Não;;Oggi Sorvetes;Renan;ivan atualizar os dados das pessoas da empresa
1176;15/09/2015 13:20;Não;;Ondina Alimentação;Flavio;Edna entrou de férias, retorno dia 15.09
1145;13/08/2015 17:00;Não;;Ondina Alimentação;Flavio;Com Edna
1110;12/08/2015 17:30;Não;;Ondina Alimentação;Flavio;Reunião 15h
1010;08/07/2015 14:00;Não;;Ondina Alimentação;Flavio;Falei com a Edna 02.07 e informou que estão inaugurando em uma nova unidade, entao pediu para retornar ligaçao na semana que vem 08.07
1000;02/07/2015 13:00;Não;;Ondina Alimentação;Flavio;"Ligar quinta 02/07

"
1239;27/10/2015 01:59;Não;;Pandurata Alimentos (Bauducco);Victor;"Vai ver questões de reajuste com forecedor atual. Está em campanha de Panettone agora e não pode falar os fornecedores atuais.

Ligar daqui umas 3 semanas."
278;09/09/2015 11:15;Sim;29/09/2015 18:57;Pandurata Alimentos (Bauducco);Victor;"O processo é todo feito por compras. Daniel disse que tem contrato fechado até o fim de 2015. Voltar a conversar em Setembro ou Outubro, para alinhar como vai fazer em Novembro ou Dezembro, que é quando o contrato termina.



Já comparou nossos valores com o do fornecedor atual, e disse que o nosso está mais caro."
241;15/01/2015 12:00;Sim;22/01/2015 13:37;Pandurata Alimentos (Bauducco);Victor;"Cotação já enviada por e-mail.



Acompanhar."
246;12/01/2015 10:40;Sim;13/01/2015 12:06;Pandurata Alimentos (Bauducco);Victor;Conversado com Nadia. Cotação já montada. Enviar por email.
244;08/01/2015 11:00;Sim;13/01/2015 12:06;Pandurata Alimentos (Bauducco);Victor;Conversar com a Nadia do controle de qualidade.
1205;09/10/2015 02:59;Sim;09/10/2015 17:24;Pão de Queijo do Maestro;Victor;Jessica, se quiser, taca o pau. Qualquer coisa, me avisa. Esse é aquele que a gente visitou outro dia.
792;23/06/2015 02:59;Sim;17/09/2015 13:19;Pão de Queijo do Maestro;Victor;Telefonista disse que ele pediu para ligar amanhã.
681;03/06/2015 02:59;Sim;02/06/2015 20:09;Pão de Queijo do Maestro;Victor;Disse que vai retornar assim que possíve.
594;22/05/2015 02:59;Sim;22/05/2015 19:08;Pão de Queijo do Maestro;Victor;Conversei com Ricardo pessoalmente, e hoje enviei e-mail cobrando os produtos utilizados.
418;28/04/2015 11:00;Sim;06/05/2015 12:05;Pão de Queijo do Maestro;Victor;Precisa falar com a Claudia. Ligar terça-feira pela manhã.
245;16/02/2015 10:30;Sim;02/03/2015 14:10;Pão de Queijo do Maestro;Victor;Alan pediu para ligar perto do fim do mês, porque ele quer encerrar contrato antes de testar outra empresa. Está bem satisfeito com a empresa atual.
214;07/01/2015 10:30;Sim;08/01/2015 10:32;Pão de Queijo do Maestro;Victor;Conversei com Alan, que informou que tem contrato com uma empresa, e este encerra em 30 de Janeiro. Ligar antes para aprovar produtos e iniciar processo. FALAR COM CLAUDIA.
633;27/10/2015 01:59;Não;;Pão de Queijo e Cia;Victor;Mais fácil encontrar Karla na sala no final da tarde. Tentar encontrá-la para agendar visita. Não tem respondido e-mail.
569;15/05/2015 02:59;Sim;21/05/2015 11:41;Pão de Queijo e Cia;Victor;Enviado e-mail solicitando visita amanhã.
449;10/04/2015 11:00;Sim;23/04/2015 13:30;Pão de Queijo e Cia;Victor;Pedi para Renan passar lá porque está foda. Fica em Americana.
403;28/02/2015 13:00;Sim;02/03/2015 17:57;Pão de Queijo e Cia;Victor;Enviado e-mail novamente. Ficar em cima.
198;03/02/2015 18:15;Sim;04/02/2015 19:01;Pão de Queijo e Cia;Victor;Mais fácil encontrar a Carla após as 16:00 hrs. Ligar.
114;13/01/2015 10:00;Sim;15/01/2015 11:16;Pão de Queijo e Cia;Victor;"E-mail enviado para producao@paodequeijoecia.com.br perguntando o caminho para iniciarmos um trabalho.



Falar com Carla para companhar."
89;18/11/2014 12:00;Sim;18/11/2014 16:35;Pão de Queijo e Cia;Victor;Tudo
949;01/07/2015 02:59;Sim;26/06/2015 03:49;Peralta Ambiental;Adriana;Ligar para Anderson.
1615;13/01/2022 02:59;Sim;13/01/2022 09:05;Pgr - Abcp;Victor;"Foi um instalado diluidor e enviado o seguinte email a Sueli: “Sueli, coloquei aqui na ABCP um diluidor para o AB-AL, mas precisa furar a parede para fixar, e ele está apoiado nos que já estavam instalados. Quando o pessoal da manutenção vier, só precisa que fure a parede e fixe, coloque a etiqueta padrão (improvisei uma), e coloque um suporte para o AB-AL. Os outros produtos tem suporte. Caso tenha etiqueta atualizada dos outros produtos, já dá pra trocar na mesma manutenção.” A visita foi acompanhada pela colaboradora Axel.

Como foi a visita:

Email “Sueli, coloquei aqui na ABCP um diluidor para o AB-AL, mas precisa furar a parede para fixar, e ele está apoiado nos que já estavam instalados. Quando o pessoal da manutenção vier, só precisa que fure a parede e fixe, coloque a etiqueta padrão (improvisei uma), e coloque um suporte para o AB-AL. Os outros produtos tem suporte. Caso tenha etiqueta atualizada dos outros produtos, já dá pra trocar na mesma manutenção.”"
1617;18/01/2022 11:47;Sim;18/01/2022 11:47;Pgr - Adiente;Victor;estava ocupada em reunião. Foi deixado na portaria.
1611;19/05/2016 02:59;Não;;Pif Paf (Visconde do Rio Branco);Victor;Visita agendada para 19/05 às 7:00 com Cassiana em Visconde do Rio Branco. 
1595;30/04/2016 02:59;Sim;10/05/2016 18:46;Pif Paf (Visconde do Rio Branco);Victor;Cassiana está respondendo auditoria. Só sexta-feira.
1558;02/04/2016 02:59;Sim;27/04/2016 18:13;Pif Paf (Visconde do Rio Branco);Victor;Enviar e-mail para Cassiana uma semana antes de ir para Visconde do Rio Branco, e visitá-la. Ela estará disponível em Abril.
1482;12/02/2016 01:59;Sim;29/02/2016 14:42;Pif Paf (Visconde do Rio Branco);Victor;"Não vão testar nenhuma empresa nesse semestre. A diretoria está com outras prioridades e não vão fechar com nenhuma empresa ainda, e nem testar a Tecpon que já estava agendada.

Conversar com CASSIANA no ramal da Dani, tentar agendar visita para mostrar tudo que a gente quer fazer."
1496;06/02/2016 01:59;Sim;05/02/2016 16:43;Pif Paf (Visconde do Rio Branco);Victor;Parece que vão testar uma distribuidora da Tecpon antes, por decisão da diretoria. Ligar na sexta-feira que ela vai ter maiores informações.
1418;27/01/2016 01:59;Sim;28/01/2016 19:47;Pif Paf (Visconde do Rio Branco);Victor;"Dani disse para ligar no fim do mês, pois o último teste terminou e eles estão colocando a fábrica nas condições que estavam antes dos testes.
Ligar para iniciar em Fevereiro."
1357;29/10/2015 01:59;Sim;05/01/2016 15:26;Pif Paf (Visconde do Rio Branco);Victor;Enviado outro e-mail solicitando visita.
1272;17/10/2015 02:59;Sim;23/10/2015 16:45;Pif Paf (Visconde do Rio Branco);Victor;"Dani foi atenciosa. Disse que está trabalhando bem essa parte de testar novos fornecedores. Pediu para enviar catálogo, que vai retornar pedindo uma data para visita.

Ficar em cima."
1227;01/10/2015 02:59;Sim;13/10/2015 12:13;Pif Paf (Visconde do Rio Branco);Victor;Daniela não estava na mesa mais uma vez. Deixado recado.
1061;03/09/2015 02:59;Sim;30/09/2015 16:54;Pif Paf (Visconde do Rio Branco);Victor;Acabei falando com a Ana Claudia. Fui até chato. Mandei e-mail e ela dia que ia passar recado para a Daniela.
896;22/06/2015 02:59;Sim;20/07/2015 13:11;Pif Paf (Visconde do Rio Branco);Victor;Daniela não está hoje. Só amanhã.
888;09/06/2015 02:59;Sim;11/06/2015 13:16;Pif Paf (Visconde do Rio Branco);Victor;Daniela não pôde atender o dia todo. Pediu para ligar depois.
767;06/06/2015 02:59;Sim;05/06/2015 19:36;Pif Paf (Visconde do Rio Branco);Victor;Daniela anda enrolada o dia inteiro. Ligar amanhã.
645;02/06/2015 02:59;Sim;01/06/2015 19:52;Pif Paf (Visconde do Rio Branco);Victor;Não podia atender no momento. Mandei e-mail.
667;23/05/2015 02:59;Sim;22/05/2015 18:28;Pif Paf (Visconde do Rio Branco);Victor;"LIGAR SEM FALTA!!! Carlos Coelho disse que DANIELA da unidade de Visconde do Rio Branco (abate de aves) está fazendo teste de produtos. Ficar em cima!!! (32) 3559-1286.



Liguei na unidade e informaram que ela está em treinamento e volta sexta-feira. Ligar sexta sem falta!"
472;15/05/2015 02:59;Sim;20/05/2015 19:07;Pif Paf (Visconde do Rio Branco);Victor;"Carlos Coelho está de férias desde o dia 04/04 (talvez volte semana que vem). Ana Claudia não está mais na unidade de Leopoldina.



Kharen estava na produção. Foi enviado e-mail tentando agendar visita."
296;22/04/2015 11:00;Sim;23/04/2015 12:09;Pif Paf (Visconde do Rio Branco);Victor;Ir mantendo contato com Kharen para adiantar os testes para Maio.
279;04/02/2015 18:40;Sim;04/02/2015 13:22;Pif Paf (Visconde do Rio Branco);Victor;Enviar email com catálogo para Kharen Fonseca. Contrato com empresa local termina em Maio. Ligar em Abril para ir aprovando os produtos.
327;02/02/2015 12:00;Sim;04/02/2015 13:22;Pif Paf (Visconde do Rio Branco);Victor;Alexandre, que é o responsável por isso estava viajando hoje, e Ana Claudia não conseguiu ver. Entrar em contato cobrando amanhã se puder.
287;23/01/2015 01:59;Sim;22/01/2015 19:31;Pif Paf (Visconde do Rio Branco);Victor;Ana Claudia disse que a pessoa responsável pelos produtos saiu da empresa e elaestá pegando agora. Entrar em contato para agendar visita e saber tudo.
294;21/01/2015 12:00;Sim;22/01/2015 19:31;Pif Paf (Visconde do Rio Branco);Victor;Ligar amanhã e tentar falar com a Ana Claudia. Hoje é feriado.
290;20/01/2015 10:00;Sim;20/01/2015 13:15;Pif Paf (Visconde do Rio Branco);Victor;Tentar falar com o responsável em Visconde do Rio Branco - MG, no número (32) 3559-1300
280;20/01/2015 10:00;Sim;20/01/2015 13:15;Pif Paf (Visconde do Rio Branco);Victor;Tentar falar com Barbara no número: (32) 3559-1286
23;13/01/2015 09:30;Sim;19/01/2015 11:52;Pif Paf (Visconde do Rio Branco);Victor;Ver info com renan
1559;22/03/2016 02:59;Não;;Predilecta;Victor;Vai estar em semana de auditoria. Tentar passar na outra semana.
1430;26/01/2016 01:59;Sim;10/03/2016 18:35;Predilecta;Victor;Enviado e-mail com apresentação. Tentar passar semana que vem. Lucely vai falar com Renato para ver se organiza teste.
1452;13/01/2016 01:59;Sim;21/01/2016 13:01;Predilecta;Victor;Lucely volta de férias na semana que vem. Ligar de novo.
1332;05/01/2016 01:59;Sim;05/01/2016 15:35;Predilecta;Victor;"Anaile pediu para enviar e-mail para Lucely para ver a soda.

Ficar em cima."
1370;24/10/2015 01:59;Sim;26/10/2015 18:01;Predilecta;Victor;Renato pediu para conversar com a Anaile. Se os preços estiverem dentro, ela pedir para ele fazer os testes.
1224;17/10/2015 02:59;Sim;21/10/2015 16:56;Predilecta;Victor;Renato Spedo está de férias e volta na semana do dia 12.
1192;23/09/2015 02:59;Sim;30/09/2015 17:02;Predilecta;Victor;Sempre está na produção. Enviado e-mail.
1025;17/07/2015 02:59;Sim;17/09/2015 17:49;Predilecta;Victor;Renato disse que a produção de molho de tomate inicia amanhã. Tavez no meio de Julho já esteja tudo estabilizado para podermos agendar os testes.
890;23/06/2015 02:59;Sim;29/06/2015 20:43;Predilecta;Victor;Não estava na sala. Deixei recado. Ligar mais tarde mesmo assim.
777;10/06/2015 02:59;Sim;11/06/2015 14:08;Predilecta;Victor;Enviado e-mail para Renato, para ver se conseguimos programar os testes.
656;02/06/2015 02:59;Sim;02/06/2015 12:04;Predilecta;Victor;Já foi enviado tudo. Só no aguardo da confirmação da data para os testes.
621;15/05/2015 02:59;Sim;14/05/2015 14:15;Predilecta;Victor;Enviado e-mail pergutando consumo aproximado dos produtos.
582;29/04/2015 02:59;Sim;06/05/2015 12:03;Predilecta;Victor;Marquei visita, e agora vai começar a alinhar. Vai passar todos os produtos que usam e agendar teste.
515;25/04/2015 02:59;Sim;27/04/2015 11:39;Predilecta;Victor;Ainda não passou o consumo, está enrolada. Disse que vai passar e tentaremos marcar uma visita.
440;17/03/2015 17:00;Sim;24/03/2015 13:56;Predilecta;Victor;Ligar amanhã para confirmar a visita na quinta-feira cedo.
425;03/03/2015 17:00;Sim;03/03/2015 14:55;Predilecta;Victor;Anaille vai passar os produtos que usam e quantidades para eu ver se a gente consegue atendê-los.
309;15/02/2015 10:00;Sim;02/03/2015 14:57;Predilecta;Victor;"Compravam da New Drop, mas estão em redução de custos, e estão comprando quinzenalmente por uma empresa de Matão, para atingir o pedido mínimo.



Enviei e-mail com catálogo, e já havia deixado caderno e cartão na portaria. Agendar visita para a semana que vem."
1550;15/03/2016 02:59;Sim;15/03/2016 02:59;Pro Nutri Refeições;Jessica;Reunião Pro Nutri 16 hs.
1527;07/03/2016 19:00;Sim;17/03/2016 13:03;Pro Nutri Refeições;Jessica;Reunião
1293;14/10/2015 02:59;Não;;Propolis MN;Simone;07.10 - enviado apresentacao no e-mail da Camila
719;02/06/2015 11:00;Sim;19/10/2015 18:53;Prov Chips;Jessica;Estou aguardando uma resposta.
1190;03/10/2015 02:59;Sim;02/10/2015 18:52;Quality Hotel Saint Paul;Alexandre Malhado;Contato realizado via telefone com a Senhora Rose. Visita agendada para o dia 02 de Outubro as 9 horas. 
734;05/01/2016 01:59;Sim;28/05/2015 14:52;Quatá Alimentos;Victor;Renan vai pegar com o viadinho do Paraná os preços que estão pagando.
651;26/05/2015 02:59;Sim;27/05/2015 11:54;Quatá Alimentos;Victor;Cotação enviada. Acompanhar para dar andamento.
664;23/05/2015 02:59;Sim;21/05/2015 17:30;Quatá Alimentos;Victor;Conversado com Robert por telefone. Parece que tem interesse. Pediu para enviar cotação. Solicitei por email os produtos e consumo.
513;16/05/2015 02:59;Sim;20/05/2015 19:34;Quatá Alimentos;Victor;Visitar Robert quando estiver por Presidente Prudente visitando Hinomoto, Bon Mart e empresas de Marília. Ligar para combinar certinho.
535;10/03/2015 17:00;Sim;10/03/2015 14:16;Quatá Alimentos;Victor;Tentar falar com Robert.
492;10/03/2015 17:00;Sim;13/03/2015 18:37;Quatá Alimentos;Victor;teodoro sampaio - (18) 3282-1214 - Robert
916;15/06/2015 17:00;Não;;Queijos Bandeira;Jessica;Conversei com o Daniel, ele trabalha com a Nippon e Sevengel. Irá receber, ligar para ele segunda para confirmar o dia e horário. 
952;12/06/2015 17:35;Não;;Queijos Bandeira;Jessica;"Falei por telefone com a Alana, pediu para retornar às 14;30 hoje para falar com Daniel. "
971;24/06/2015 19:00;Não;;Queijos Regina;Renan;Jessica e Adriana acompanhar o cliente, ivan ja mandou apresentacao pedir para ele enviar o e-mail a voces
1028;01/07/2015 17:00;Não;;Queijos Scala;Adriana;"Enviei e-mail de apresentação para o Cleidomar (qualidade).

Ligar."
1397;05/11/2015 12:00;Não;;Quinta do Marques e Rede de Padarias La Ville;João Maffei;Tenho um bom relacionamento com o Marcelo, vou entrar em contato novamente amanhã dia 05.11
1521;28/01/2016 12:50;Não;;Raiola;Adriana;Ligar!!!!
328;16/01/2015 17:00;Não;;Raiola;Renan;16/01/2015 Nancy solicitou cotacao por e-mail alcool gel / sabonete liquido / detergente neutro / detergente alcalino
260;15/01/2015 11:00;Sim;22/01/2015 16:43;Raiola;Renan;visita marcada 19/01
1618;15/01/2022 12:36;Sim;15/01/2022 12:36;Rascal Market Place;Victor;"Enviado seguinte email à Simone: 
“No Rascal Market Place eles precisam do seguinte:
- 2 diluidores para a parte de cima do restaurante
- bomba de galão para eles usarem no alcool gel (4) e detergente diluído
- Adesivos com nome dos produtos
- Amostra do Pro HS para substituirem candida

De resto, está tudo ok. “"
329;21/01/2015 12:00;Não;;Rb Garca Alimentos;Renan;16/01/2015 enviado catalogo por e-mail para Aline ( qualidade) qualidade@rbalimentos.com.br
867;09/06/2015 11:00;Não;;Real Latco;Ivan;Ligar de novo.
1392;12/11/2015 10:00;Não;;Rede Graal / Restaurante américa / Barbacoa;João Maffei;"Entrei em contato hoje com o Evaristo, pediu para retornar no dia 12/11 para marcarmos reunião. Enviamos apresentação da empresa via e mail.

Irei retornar na data combinada."
38;07/10/2014 13:00;Não;;Refrigerantes Dolly;Victor;Conseguir falar com Tatiane, que entra as 10:00 e as 16:00 já não está mais na empresa.
1600;08/09/2016 13:25;Não;;Renome Refeições;Flavio;Inaugurou nova unidade no mes de agosto. Retornar ligacao 08.09 testarmos com Sidneu comprador
1026;30/07/2015 13:00;Não;;Renome Refeições;Flavio;Contrato encerrará em Agosto
258;19/01/2015 12:00;Não;;Restaurante 348;Renan;Conversado com o Jair no dia 15/01 ligar dia 19/01 para reuniao
1619;15/04/2024 13:56;Sim;15/04/2024 13:56;Revix;Victor; 
823;08/06/2015 12:00;Sim;12/06/2015 19:14;Risk Alimentos;Jessica;Ligar para Nubia, saber sobre produtos deixado para teste. 
714;28/05/2015 11:30;Sim;19/10/2015 18:53;Risk Alimentos;Jessica;Ligar para Juliana, enviado e-mail.
1270;05/11/2015 01:59;Não;;Rocha Pan;Victor;Luciana disse que conversou com a Bete, e elas não vão mexer nisso no momento. Falei que vou ligar mês que vem, para ir abrindo uma brexa até ter a oportunidade.
786;27/09/2015 02:59;Sim;07/10/2015 13:55;Rocha Pan;Victor;Luciana está correndo porque vai entrar de férias por 10 dias na semana que vem. Dia 22/06 vai estar de volta. Pediu para eu ligar no dia 26 para a gente agendar uma visita.
756;03/06/2015 13:00;Sim;03/06/2015 14:06;Rocha Pan;Renan;Luciana recebeu o e-mail mas esta corrida, ligar na proxima semana
560;28/05/2015 02:59;Sim;28/05/2015 14:26;Rocha Pan;Victor;Foi passado o contato de novo, disse que vai falar com a nutricionista.
452;14/05/2015 14:00;Sim;14/05/2015 13:51;Rocha Pan;Victor;"Vai fazer pedido amanhã.
Renan ficou de passar lá hj (09/03)"
441;28/02/2015 15:00;Sim;02/03/2015 18:57;Rocha Pan;Victor;Simone vai falar com a Bete.
378;06/02/2015 10:00;Sim;11/02/2015 23:47;Rocha Pan;Victor;"Simone disse que iam fazer o pedido, mas não conseguiram falar comigo.



Simone vai falar com a Bete amanhã, dia 06/02."
331;04/02/2015 11:00;Sim;05/02/2015 18:56;Rocha Pan;Victor;Não foi trabalhar hoje. Ligar amanhã.
227;16/01/2015 11:00;Sim;22/01/2015 17:01;Rocha Pan;Victor;E-mail enviado com catálogo e valores, solicitando agendamento de visita. Acompanhar.
123;12/01/2015 16:00;Sim;13/01/2015 11:58;Rocha Pan;Victor;Disse que fim de ano é muito corrido e ela não vai conseguir dar ateção. Pediu para visitar dia 13/01, pois na primeira semana de janeiro ela vai estar de férias. Ligar um dia antes para confirmar.
36;13/11/2014 16:00;Sim;13/11/2014 19:33;Rocha Pan;Victor;"Deixou agendado visita para Sexta-Feira (14/11/2014) depois das 16:00. Ligar agora na quinta para confirmar. (Vendi uma puta idéia para ela em 03/11)

 / Ver se recebeu e-mail. Ligar para manter contato"
1231;27/10/2015 01:59;Não;;Ryco Alimentos;Victor;Dar uma passada na Ryco só pra fidelizar.
809;20/09/2015 02:59;Sim;06/10/2015 14:32;Ryco Alimentos;Victor;Enviado cotação.
1007;09/07/2015 02:59;Sim;04/09/2015 17:48;Ryco Alimentos;Victor;Evanildo disse que estão testando, e parece que vai virar. Ligar quarta-feira para reforçar.
769;04/06/2015 02:59;Sim;03/06/2015 13:33;Ryco Alimentos;Victor;Evanildo disse que foi bom que eu liguei hoje, que ele tem uma reunião com o pessoal da qualidade e vai levantar esta questão. Vai passar os produtos da Ecolab por e-mail, para eu passar os equivalentes.
744;02/06/2015 02:59;Sim;03/06/2015 11:39;Ryco Alimentos;Victor;Passei na empresa, evanildo estava em uma reuniao e não pode receber o catalogo em maos.
562;26/05/2015 02:59;Sim;26/05/2015 20:59;Ryco Alimentos;Victor;Passar para a Jéssica.
464;27/04/2015 11:00;Sim;12/05/2015 03:58;Ryco Alimentos;Victor;Novamente enviado e-mail para Evanildo. Cobrar resposta.
323;10/03/2015 13:00;Sim;13/03/2015 11:56;Ryco Alimentos;Victor;E-mail enviado para Evanildo, que voltou para empresa, e não é mais Luis. Trabalham com a Ecolab. Ficou de passar por e-mail os produtos que usam da Ecolab.
174;03/02/2015 10:00;Sim;04/02/2015 13:58;Ryco Alimentos;Victor;Luis encaminhou catálogo para a Téc. de Segurança de alimentos e ainda não teve resposta. Disse que quando tiver cotação de produtos vai falar com a gente, mas deixou aberto a um agendamento de visita. Ligar quando puder visitar.
181;17/11/2014 13:00;Sim;24/11/2014 17:47;Ryco Alimentos;Victor;Consegui conversar com Luis (Compras). Manter contato. Foi enviado e-mail com catálogo. Pediu para ligar segunda-feira. Acompanhar.
32;15/11/2014 18:45;Sim;14/11/2014 19:12;Ryco Alimentos;Victor;Simone enviou e-mail para tentar entrar em contato com Marcia ou Kian. Ir tentando!
951;08/07/2015 17:00;Sim;26/06/2015 03:49;Sabor e Minas Pão de Queijo;Adriana;Ligar para Mario.
753;10/06/2015 11:00;Sim;12/06/2015 19:14;Saborama Bebidas;Jessica;Levado teste, aguardando resposta.
1343;28/10/2015 01:59;Sim;22/02/2016 12:46;Saint Peter Hotel;Alexandre Malhado;Produtos testados e aprovados. Dona Cida (governanta) irá falar com a gerente para saber se pode comprar produtos de outra empresa. Entrarei em contato na próxima teça-feira (27-10-15).
1335;22/10/2015 11:00;Sim;23/10/2015 17:09;Saint Peter Hotel;Alexandre Malhado;"Produtos deixados para testes: 
• Neuter Ultra
• Pro Alkim
• PK Rinse
• Pro Há 3000 CL
Nesse provavél cliente eu consegui acompanhar os testes. Em um primeiro momento, aparentemente, os produtos foram aprovados. Irei passar amanhã (22-10-15) às 9 horas para conversar com a Dona Cida (Governanta) para saber a resposta definitiva.
"
829;12/06/2015 12:00;Não;;Sakura Alimentos;Renan;falei com akira hoje, o mesmo me passou o celular e pediu para ligar no dia 12 para agendarmos
575;28/05/2015 13:00;Sim;03/06/2015 19:20;Sakura Alimentos;Renan;"15 Agosto 2014 - conversado pediu apresentacao

15 Agosto de 2014 - apresentacao enviada

4/ 5 retornei conforme converado porem nao cosegui

1 de Maio - fui APAS e peguei o contato do Akira chefe da Daniela

falei com Akira, retornar no fim do mes para marcar reuniao

compram da LARKIN a 14 anos"
118;27/09/2015 02:59;Sim;07/10/2015 13:44;Salgadinhos Fabitos;Victor;Laura - Qualidade
398;09/07/2015 11:00;Sim;17/09/2015 13:52;Salgadinhos Fabitos;Victor;Enviado e-mail solicitando visita.
1242;05/11/2015 01:59;Não;;Salute;Victor;Regiane de compras está de férias. Ligar semana que vem.
1011;01/10/2015 02:59;Sim;06/10/2015 13:42;Salute;Victor;"Entreguei catálogo em mãos. O processo é iniciado por compras e a pessoa de compras estava em fechamento de mês e não pôde me receber.



Ligar depois."
700;24/06/2015 02:59;Sim;29/06/2015 20:42;Salute;Victor;Lucia chegou há pouco na empresa e não conhece o processo direito. Vai verificar e avisar. Tentar passar na sexta-feira quando estiver na estrada.
1560;03/05/2016 02:59;Não;;Salute São Carlos;Alexandre Malhado;Regiane ainda encontra-se afastada. Previsão de retorno apenas em maio.
1565;08/03/2016 02:59;Sim;11/03/2016 17:30;Salute São Carlos;Alexandre Malhado;Regiane ainda se encontra afastada. Não responde aos e-mails. A atendente relatou que não ficou ninguém ocupando a vaga da Regiane. 
1522;13/02/2016 01:59;Sim;29/02/2016 18:42;Salute São Carlos;Alexandre Malhado;Fui informado novamente que a Regiane ainda não voltou do afastamento, porém está atendendo pelo e-mail (compras@salute.com.br). Entrei em contato pelo e-mail e estou aguardando a resposta.
1464;27/01/2016 01:59;Sim;05/02/2016 15:51;Salute São Carlos;Alexandre Malhado;Fui informado que a Regiane ainda não voltou do afastamento, porém está atendendo pelo e-mail (compras@salute.com.br). Entrei em contato pelo e-mail e estou aguardando a resposta.
1415;16/01/2016 01:59;Sim;21/01/2016 12:42;Salute São Carlos;Alexandre Malhado;"Passei na empresa dia 06-01-2016 para deixar a agenda de lembrança para a Regiane do setor de compras. A mesma está afastada e provavelmente voltará após o dia 14-01-2016. 
Obs: Lúcia do setor de qualidade não está mais trabalhando na empresa."
1502;13/05/2016 02:59;Não;;Santa Casa de Auriflama;Alexandre Malhado;Mirian relatou que a Santa Casa ainda continua com dificuldades e no momento não estão comprando de fornecedores.
1331;02/12/2015 01:59;Sim;22/02/2016 12:59;Santa Casa de Auriflama;Alexandre Malhado;Contato realizado com Miriam (responsável por compras). Ela relatou que no momento a Santa Casa está passando por um momento delicado e não está comprando produtos de limpeza de nenhuma grande empresa.  Foi muito atenciosa, mas pediu para retornar o contato no começo de dezembro.
49;07/10/2014 11:00;Não;;Santa Casa de Auriflama;Victor;Entrar em contato e tentar orçar.
1391;20/11/2015 01:59;Sim;22/02/2016 12:52;Santa Casa de Misericórdia de Santa Adélia;Alexandre Malhado;Não é necessário agendar horário. Os atendimentos são feitos de segunda a quinta-feira das 8 ao meio dia e das 13 às 17 horas.
881;01/11/2015 01:59;Não;;Santa Casa e Unimed Limeira;Victor;Enviado e-mail perguntando quando poderia passar por lá para alinhar processo dos testes.
646;02/06/2015 02:59;Sim;03/06/2015 19:58;Santa Casa e Unimed Limeira;Victor;Enviado e-mail dizendo que faremos a R$ 0,21 por kg de roupa. Ver se já trocaram as máquinas e tentar agendar para iniciar.
628;15/05/2015 02:59;Sim;20/05/2015 19:51;Santa Casa e Unimed Limeira;Victor;Enviei e-mail.
595;13/05/2015 02:59;Sim;13/05/2015 18:54;Santa Casa e Unimed Limeira;Victor;"Enviado e-mail para Liege solicitando nomes dos produtos utilizados na higiene geral e cozinha. Pedi também data para teste na lavanderia.



"
460;08/04/2015 02:59;Sim;23/04/2015 12:33;Santa Casa e Unimed Limeira;Victor;Marcando visita para amanhã.
499;31/03/2015 02:59;Sim;06/04/2015 13:50;Santa Casa e Unimed Limeira;Victor;A responsável na Santa Casa é Mariana. Ligar no (19) 3446-6100
311;11/03/2015 12:00;Sim;24/03/2015 14:29;Santa Casa e Unimed Limeira;Victor;"Marilene vai voltar das férias em Fevereiro.



Ligar e ver se pegou o contato das pessoas responsáveis."
545;30/10/2015 01:59;Não;;Santa Cruz;Victor;Foi enviado novo email, pois telefone só chama.
322;11/03/2015 11:00;Sim;24/03/2015 17:03;Santa Cruz;Victor;Enviado e-mail para Marco Aurélio. Eles não estão sendo bem atendidos.
1540;27/05/2016 02:59;Não;;Santa Helena;Victor;Regina foi simpática, estão na correria da implantação do SAP, vão estar na correria no meio do ano porque vem a safra de amendoim, mas mesmo assim pediu para ligar em Maio.
1240;03/02/2016 01:59;Sim;25/02/2016 15:17;Santa Helena;Victor;"Regina não está mexendo em nada no momento, pois haverá uma mudança grande na empresa para 2016. Ela não vai mexer em nada até o meio de 2016.

Vai ter uma auditoria agora em Outubro. Disse para ligar ano que vem :/."
602;13/08/2015 02:59;Sim;29/09/2015 11:49;Santa Helena;Victor;Regina informou que vai poder testar só em Agosto, pois agora está em época de alta produção.
612;30/04/2015 02:59;Sim;12/05/2015 13:24;Santa Helena;Victor;Regina disse que Michele não passou nada para ela, mas disse que vai ver, e pediu para eu retornar mais para o meio da semana.
580;30/04/2015 02:59;Sim;27/04/2015 11:37;Santa Helena;Victor;Michele disse para tratar direto com a Regina.
480;24/04/2015 02:59;Sim;23/04/2015 19:55;Santa Helena;Victor;Michele disse que Regina estava em um treinamento semana passada, que termina quarta-feira (25/03), e é melhor ligar mais para o fim da semana.
468;17/03/2015 12:00;Sim;24/03/2015 12:18;Santa Helena;Victor;Michele vai falar com Regina entre amanhã e sexta-feira. Ligar na semana que vem.
370;10/03/2015 13:00;Sim;11/03/2015 18:57;Santa Helena;Victor;Michele Costa disse que vai colocar Regina no circuito para fazermos teste. Cobrar Michele e Regina.
362;05/03/2015 11:00;Sim;09/03/2015 00:16;Santa Helena;Victor;"Conversado com Regina novamente e tudo tem que ser pela Michele Costa no ramal 1185 antes de qualquer coisa. Depois a Regina entra no circuito.



Agendado visita com a Michele Costa na quinta-feira. Michele está passando algumas coisas para Fran, que acabou de entrar na empresa.



VISITAR CEDO!"
237;02/03/2015 11:00;Sim;02/03/2015 19:19;Santa Helena;Victor;Conversado com a Regina (Qualidade) em 25/11, e foi informado que só vão ver as questões sobre produtos  químicos em Março de 2015. Disse que deve-se entrar em contato com Michele Costa antes de tudo, e a própria Michele a envolverá na situação em determinados momentos.
715;27/05/2015 23:00;Não;;Santa Helena Refeições;Jessica;Procurar o telefone e um contato urgente 
1117;30/07/2015 17:30;Não;;Sassa Sushi Mor;Jessica;"Conversei na recepção e me informaram que não estão mais comprando com a gente.

A Renata compradora não estava, ligar para ela a tarde. "
697;02/06/2015 11:00;Sim;19/10/2015 18:53;Satsumaya;Jessica;Conversei com o Felipe, ele retornou do hospital pediu para esperar um pouco. 
1140;21/08/2015 02:59;Não;;SBR;Sueli;20/08 Renan mandou catalogo via email
1166;14/09/2015 13:00;Não;;Selmi;Simone;10/09/2015 - Jackson e Aguinaldo fizeram testes, foi solicitado mais amostra do pac / klinbe / pro ha alc - Jackson retira hj 
1184;10/09/2015 13:00;Não;;Selmi;Simone;Eu Simone Conversei com Isaias, deu oportunidade para teste ,Jackson e Aguinaldo foram lá, e vamos testar já foi retirado amostra, para teste na fábrica de macarrão
1133;25/08/2015 13:00;Não;;Selmi;Simone;21/08/2015 Eu Simone consegui o nome da pessoa responsável na parte de higienização da fábrica - Mayara enviado apresentação por e-mail
298;27/09/2015 18:30;Sim;07/10/2015 19:14;Senac;Victor;Pegar novamente nome da pessoa e reiniciar processo todo.
203;15/01/2015 10:00;Sim;22/01/2015 12:59;Senac;Victor;E-mail enviado. Acompanhar.
124;25/11/2014 12:00;Sim;25/11/2014 18:05;Senac;Victor;Amostras já solicitadas. Marcar teste.
762;09/06/2015 13:00;Não;;serramar laticínios;Willian;enviou e mail de apresentação
1386;09/11/2015 11:00;Não;;Seta Supermercados;João Maffei;Apresentamos a empresa, o Tihago vai verificar diante a diretoria e nos retornar, São 30 Lojas, mandamos o Catalogo e iremos nos falar na próxima semana.
1290;08/12/2015 01:59;Não;;Shefa Alimentos;Victor;Renan disse que ela pediu para retornar em Dezembro.
632;07/10/2015 13:00;Sim;07/10/2015 19:33;Shefa Alimentos;Renan;Jaqueline compra da Kalykim e Diversey, esta tranquila até o fim do ano.
616;21/06/2015 12:00;Sim;25/06/2015 12:08;Si Senor;Renan;"Ja temos o produto PRO BAC AL homologado

esta comprando da ELFEN e da Ecolab"
1100;30/07/2015 18:30;Não;;Sky Asia Gran Plaza;Jessica;Treinamento agendado. 
1114;07/08/2015 18:00;Não;;Sky Asia Shooping Bourbon;Jessica;"Visitei a unidade, arrumei diluidores pq Adriano não fez o que era pra ser feito.

Deixei borrifadores, fracos, etiquetas e adesivos. 

"
1112;31/07/2015 18:00;Não;;Sky Ásia Shopping ABC;Jessica;Conversei com a Natália, marcamos treinamento para próxima sexta, período tarde as 15 hs. 
1161;21/08/2015 02:59;Não;;Sky asia Shopping Metropolitan Betim.;Jessica;A Carina disse que quando usava o klinbe achava muito fraco. Deixei um galao de 5 para ela testar, ligar e ver o que ela achou. Se necessario vender o Karbox.
1040;23/07/2015 16:00;Não;;Sky Ásia Shopping São Bernardo;Jessica;"Treinamento sky Ásia 

Viviane gerente 940174213"
1094;28/07/2015 18:00;Não;;Sky Ásia Shopping Tucuruvi;Jessica;Treinamento terça feira as 15 hs 
685;28/05/2015 11:00;Não;;Soberana;Jessica;Ligar para Gleison Compras 
1296;19/11/2015 01:59;Não;;Sonda Supermercados;Victor;Fernando está desinteressado. Renan está em contato.
940;26/09/2015 12:00;Sim;07/10/2015 12:37;Sonda Supermercados;Renan;ligar dia primeiro de julho que vao abrir para teste
1381;28/10/2015 01:59;Sim;22/02/2016 12:46;Spa Santa Cruz;Alexandre Malhado;Marina não está mais na empresa. A responsável por compras agora é a Marta,  que no momento não se encontra na empresa. Ligarei ainda hoje.
1209;13/10/2015 02:59;Sim;27/10/2015 16:58;Spa Santa Cruz;Alexandre Malhado;Contato realizado via telefone. A pessoa responsável (Marina) está de férias e só retornará ao trabalho no dia 10 de Outubro. Entrarei em contato novamente.
1490;02/03/2016 02:59;Não;;Special Dog;Victor;Roberta está de férias. Evandro disse que ela volta dia 29 de Fevereiro. Tentar novamente.
1280;07/01/2016 01:59;Sim;11/02/2016 13:09;Special Dog;Victor;"Roberta disse que vai ter auditoria no fim de Outubro de novo, e está complicado para receber visita. Mas solicitou amostras para testar. Disse que depois do dia 30 está tranquilo para a gente visitar.

Renan e Ivan vão deixar amostras quando estiverem indo para o Paraná."
1226;01/10/2015 02:59;Sim;07/10/2015 19:09;Special Dog;Victor;Roberta está em auditoria. Ligar amanhã a partir das 14:00.
1069;02/09/2015 12:00;Sim;29/09/2015 11:52;Special Dog;Victor;Pediu para ligar amanhã cedo.
866;22/06/2015 02:59;Sim;22/07/2015 20:02;Special Dog;Victor;Roberta já havia conversado com Thiago para ver se melhora procedimentos de limpeza. Estão fazendo levantamentos para ver se muda isso. Pediu para eu enviar e-mail com meu contato, pois ela vai ver com a gerente da qualidade tudo que precisa, pois a gerente não está lá hoje.
713;04/06/2015 02:59;Sim;05/06/2015 12:19;Special Dog;Victor;Thiago disse que está enrolado com cursos, e certificação 22.000. Disse que a Roberta da qualidade que vai tratar destas questões. Vai enviar email para Roberta com cópia para mim.
661;28/05/2015 02:59;Sim;28/05/2015 14:56;Special Dog;Victor;Pediu para enviar e-mail novamente. Ficar em cima.
626;22/05/2015 02:59;Sim;21/05/2015 14:21;Special Dog;Victor;Enviado email para Tiago passar os produtos utilizados e quantidade para amostras.
436;23/04/2015 13:00;Sim;23/04/2015 17:03;Special Dog;Victor;E-mail enviado novamente.
325;28/02/2015 19:00;Sim;02/03/2015 19:14;Special Dog;Victor;"Vanio informou que o responsável pela higienização é Thiago. Foi enviado e-mail para Jose Adelino encaminhar ao Thiago.



Ligar para agendar visita."
317;02/02/2015 10:30;Sim;03/02/2015 19:20;Special Dog;Victor;Natalia informou que o responsável é Vanio. Já foi deixado caderno e catálogo. Ligar para ele.
291;26/01/2015 12:35;Sim;01/02/2015 22:46;Special Dog;Victor;Deixado caderno e catálogo. Ligar para natalia.
1230;02/10/2015 02:59;Não;;Sterlix Ambiental;Simone;30.09 - Liguei novamente Tatiana não trabalha mais lá, falei com Aline, enviei novamente apresentação por e-mail
1216;28/09/2015 13:00;Não;;Sterlix Ambiental;Simone;22.09 - Falei com Tatiana de compras , recebeu nosso e-mail porém ela está sozinha essa semana, não vai atender ningué, pediu para retornar semana que vem para marcar visita
1210;21/09/2015 13:00;Não;;Sterlix Ambiental;Simone;16.09.2015 enviei apresentacao por e-mail
99;16/02/2015 09:30;Não;;Stj Agropecuaria;Victor;Ligar leandro 
232;09/04/2015 11:00;Sim;06/04/2015 20:49;Suavipan;Victor;Enviado e-mail com catálogo para Renato. Acompanhar para agendar visita.
1156;02/09/2015 13:00;Sim;01/09/2015 20:08;Sucos e Refrescos Nanico Morungaba;Simone;20/08 - Renan enviou e-mail copiando Aguinaldo e Jackson sobre já estar atendendo esse cliente, e que quando for visitar vão juntos
1128;24/08/2015 13:00;Não;;Sucos e Refrescos Nanico Morungaba;Simone;17/08 Eu Simone liguei novamente, disse que olhou rápido pois foi viajar...combinei de retornar no final da semana 20/08
1159;17/08/2015 13:00;Sim;21/08/2015 18:40;Sucos e Refrescos Nanico Morungaba;Simone;13/08 - Eu Simone liguei e falei com Hernandez usa acido nitrico / sabonete bactericida / soda / acido peracetico / lubrificante de esteira - disse que primeiro enviar e-mail depois avalia
1046;28/07/2015 02:59;Sim;17/09/2015 17:57;Suiba Frigorifico;Victor;Fez pedido de dois galões de 5L do 3000 CL.
603;23/06/2015 02:59;Sim;22/07/2015 19:26;Suiba Frigorifico;Victor;Disse que não recebeu e-mail. Enviei cotação novamente.
627;14/05/2015 02:59;Sim;13/05/2015 19:52;Suiba Frigorifico;Victor;Rodrigo disse que o produto é bom. Enviado cotação.
543;10/04/2015 02:59;Sim;23/04/2015 13:24;Suiba Frigorifico;Victor;Enviado e-mail para nfe.suiba@hotmail.com perguntando do teste do clorado,
498;31/03/2015 02:59;Sim;06/04/2015 13:53;Suiba Frigorifico;Victor;Falei com Rogério, ele não está a par. É só com o Rodrigo mesmo.
531;24/03/2015 13:00;Sim;30/03/2015 12:33;Suiba Frigorifico;Victor;Rodrigo está em Fortaleza. Pediu para eu ligar semana que vem que ele já estaria de volta.
394;10/03/2015 19:00;Sim;13/03/2015 17:05;Suiba Frigorifico;Victor;"Já foi deixada amostra. Ligar para ver se gostaram.
"
318;12/02/2015 10:00;Sim;27/02/2015 12:03;Suiba Frigorifico;Victor;"Rodrigo informou que 80% do consumo deles é de clorado. Pediu 5L de detergente clorado para testar. Visitar já levando a amostra.

"
343;03/02/2015 15:00;Sim;04/02/2015 18:42;Suiba Frigorifico;Victor;"Foi deixado caderno e cartão para o dono (Rodrigo).



Entrar em contato para ver se recebeu e agendar visita."
48;02/02/2015 09:00;Sim;03/02/2015 11:21;Suiba Frigorifico;Victor;Visitar quando estiver por Rio Preto
81;15/11/2014 09:00;Não;;Suiba Frigorifico;Victor;Visitar quando estiver por Rio Preto
834;17/10/2015 02:59;Não;;Supergelados Nora;Victor;Enviado e-mail para Brisa novamente.
223;02/06/2015 11:00;Sim;02/06/2015 12:55;Supergelados Nora;Victor;"Enviado e-mail para Brisa. Disse que vai nos colocar na próxima cotação.



Ligar perto da metade do mês, que é quando ela começa a fazer as cotações mensais."
755;03/06/2015 13:00;Sim;30/10/2015 11:26;Suvide;Adriana;"Última visita em 18/03/2015

Catálogo entregue. Diversas visitas. Diversos e-mails

Sem retorno algum.



Ligar para Felipe."
1198;25/09/2015 02:59;Sim;07/10/2015 14:38;Tirolez;Victor;Enviado e-mail com cotação de soda a R$ 4,50 para 1.500 kgs. Está dificil achar soda. Ir mantendo contato para achar a brexa.
742;23/06/2015 02:59;Sim;17/09/2015 17:22;Tirolez;Victor;Amanda disse que assim que tiver solicitação, vai entrar em contato para solicitar amostra e negociar valores e frete da soda e cloro.
648;26/05/2015 02:59;Sim;27/05/2015 14:13;Tirolez;Victor;Enviado cotação de 2.000 kg de soda escama e 300 kg de cloro.
619;15/05/2015 02:59;Sim;20/05/2015 17:06;Tirolez;Victor;Disse que não pode me receber dia 29/04 pois está muito enrolada por causa da APAS semana que vem. Tentar outro dia.
502;28/04/2015 02:59;Sim;28/04/2015 18:12;Tirolez;Victor;Enviado email falando que vou estar por São Paulo a partir de quarta-feira. Ver se gostaria de receber visita.
431;24/03/2015 13:00;Sim;30/03/2015 12:26;Tirolez;Victor;Converas com Amanda foi boa. Disse que mora em Ribeirão Pires e tal. Vai começar a ver estas questões daqui 15 dias. Ligar em ficar em cima.
267;28/02/2015 16:00;Sim;02/03/2015 18:46;Tirolez;Victor;"Enviado e-mail para Amanda de compras, que fica em São Paulo.



Já foi conversado com Natalia, da qualidade, e compram da Mundial e da Ecolab."
1105;26/09/2015 18:00;Sim;07/10/2015 13:29;Toninho Refeicoes;Victor;27/07/2015 - Entrei em contato, primeiro enviar e-mail para Patricia - compras@toninhos.com.br
354;20/01/2015 12:00;Não;;TonyKelly Doces;Renan;16/01/2015 enviado catalogo por e-mail para Isabel ( qualidade) comercial@docestonykelly.com.br
998;09/10/2015 13:00;Sim;09/10/2015 19:13;Top Cau;Jessica;Conversei hoje com a Patricia, ela está saindo de férias. Disse que em agosto voltaremos a conversar para iniciar os testes. 
872;12/06/2015 02:59;Sim;12/06/2015 19:13;Top Cau;Victor;"Jéssica, quer dar continuidade nesse cliente? É aquele que a gente visitou e conversou com a japinha (Patricia). Lê o histórico que você vai entender.



Qualquer coisa me avisa."
566;10/06/2015 02:59;Sim;11/06/2015 14:19;Top Cau;Victor;Enviei e-mail solicitando quantidades utilizadas para teste.
547;28/04/2015 12:30;Sim;12/05/2015 12:09;Top Cau;Victor;Elaine está de licença maternidade. Falei com a Patricia, e ela agendou visita para terça-feira (28/04) às 9:30.
208;06/04/2015 11:00;Sim;22/04/2015 20:06;Top Cau;Victor;Estão em período de alta produção. Vão analisar novos fornecedores após a Páscoa. Foi enviado e-mail com fichas técnicas para Elaine. Acompanhar. (NÃO LIGAR QUANDO ESTIVER CHEGANDO NA PÁSCOA)
17;16/10/2014 11:00;Não;;Total Alimentos;Victor;Dar uma atenção para o Thiago. Faz cotações trimestrais. Tentar visitar na semana do dia 20/10. Ligar para manter contato.
1178;11/09/2015 19:00;Não;;Triesté Alimentos.;Jessica;"conheci o Ze Roberto dono na Pronutri.

Dar uma passada la amanha, fica em uberlandia."
276;26/10/2015 12:00;Não;;Ultrapan;Victor;Contrato com a Ecolab está para terminar. Entrar em contato e participar da concorrência.
1274;23/10/2015 01:59;Não;;Ultrapan;Victor;Ana disse que vai ver com o Rodolfo como consegue organizar essa questão do teste, pois eles vão ter que segregar produto, e demora 18 dias para análise. Esses 18 dias fica complicado ficar com produto parado. Ligar para Rodolfo semana que vem para ver que ideia eles tiveram.
741;09/10/2015 02:59;Sim;09/10/2015 19:03;Ultrapan;Victor;Ana resondeu e-mail para Renan pedindo para voltar a conversar no meio do segundo semestre.
564;26/05/2015 02:59;Sim;27/05/2015 11:45;Ultrapan;Victor;Não consegue receber visita amanhã. Tentar agendar semana que vem.
447;11/04/2015 13:00;Sim;23/04/2015 14:03;Ultrapan;Victor;Passado e-mail para Renan visitar se quiser enquanto eu estou longe. Qualquer coisa, tentar passar lá um dia.
307;18/02/2015 12:00;Sim;02/03/2015 14:49;Ultrapan;Victor;"Tem contrato com a Ecolab até o fim de 2015.



Já conversado e passado e-mail com catálogo para rodrigo.bresil@ultrapan.com.br



Agendar para levar amostras e passar cotação de produtos."
284;03/02/2015 12:00;Sim;03/02/2015 16:08;Ultrapan;Victor;"Tem contrato com a Ecolab até o fim de 2015.



Já conversado e passado e-mail com catálogo para rodrigo.bresil@ultrapan.com.br



Agendar para levar amostras e passar cotação de produtos."
210;13/01/2015 09:45;Sim;19/01/2015 12:01;Ultrapan;Victor;Enviar email e conversar com Rodolfo para tentar agendar visita
1024;25/07/2015 11:00;Não;;Uni Frango;Ivan;Final do mês quando estivermos atendendo abatedouros de aves mandar documentado.
815;02/06/2015 11:10;Sim;19/10/2015 18:53;Unidade Alvenius;Jessica;Conversei com a nutri Andrelina, que fez alguns pedidos, porém Flávia não sabe se irá liberar. Instalar diluídos próxima semana 
842;16/06/2015 13:00;Sim;12/06/2015 19:13;Unidade Plastival;Jessica;"Conversei com a Marina, que ficou de fazer algum pedido, pois ainda têm estoque da empresa anterior. Segunda semana de junho cobrar pedido.

"
760;02/06/2015 11:00;Não;;Unidade Pombo;Jessica;"Conversei com a nova nutri Jaqueline.

Precisamos trocar a máquina de lavar, pois Ecolab tirou os nossos produtos. Ajustar com o Renan "
599;31/10/2015 01:59;Não;;United Mills (Trio Alimentos);Victor;Matheus Xavier disse que está realizando alguns testes para diminuir o consumo de água na limpeza. Está acompanhando com o fornecedor atual de produtos, e após os testes no meio do mês que vem, vai poder dar andamento. Acompanhar.
514;13/05/2015 21:00;Sim;13/05/2015 18:27;United Mills (Trio Alimentos);Victor;Visita agendada para dia 30 de Abril às 8:00 com Matheus Xavier
467;02/04/2015 02:59;Sim;22/04/2015 19:51;United Mills (Trio Alimentos);Victor;Matheus pediu para ligar no começo de Abril para agendar visita.
374;13/03/2015 13:00;Sim;13/03/2015 18:57;United Mills (Trio Alimentos);Victor;"Nathalia verificou o e-mail. Vai conversar com Matheus Xavier e agendar visita. Ficar em cima.



Conversamos até sobre as barrinhas de proteína que eu estou consumindo muito."
314;23/02/2015 13:00;Sim;02/03/2015 17:25;United Mills (Trio Alimentos);Victor;Enviado boletins técnicos para Nathalia (quem faz a homologação dos produtos). Acompanhar.
334;23/01/2015 12:00;Sim;23/01/2015 13:56;United Mills (Trio Alimentos);Victor;Enviado e-mail com catálogo. Acompanhar.
40;29/11/2014 09:00;Não;;Vale Sul Alimentos;Victor;Encontrar a Valesul certa
1207;28/10/2015 12:00;Não;;Veran Supermercados (Mogi das Cruzes);Adriana;"Conversei com o Edgar, ele disse que não estão abertos os testes e cotações. 
Provavelmente só ano que vem.
Retornar contato daqui um mês."
1416;14/01/2016 01:59;Não;;Vigor;Victor;Paula volta de férias só dia 13. Tentar.
1447;08/01/2016 01:59;Sim;07/01/2016 18:06;Vigor;Victor;Alex disse para tentar pela JBS, pois alguns produtos são fechados trimestralmente.
1355;08/01/2016 01:59;Sim;06/01/2016 11:29;Vigor;Victor;"Alex pediu cotação. Cotação enviada.

Ficar em cima."
1273;14/10/2015 02:59;Sim;20/10/2015 18:14;Vigor;Victor;"Paulo disse que o processo de homologação é feito pelo Alex, no número (11) 2799-5699, e o supervisor da higienização agora é o Carlos Silva.

Tentar falar com esse tal de Alex."
1258;02/10/2015 02:59;Sim;13/10/2015 17:21;Vigor;Victor;Enviado FISPQ com as info da soda. Pedi para comprar a soda enquanto a gente vê as questões do nítrico.
1183;18/09/2015 02:59;Sim;29/09/2015 19:25;Vigor;Victor;Está analisando as amostras. Vai ter 2 auditorias pesadas no início de Setembro. Pediu para ligar na segunda quinzena.
1079;25/07/2015 02:59;Sim;04/09/2015 17:51;Vigor;Victor;Paulo disse para ligar sexta de manhã que ele já vai dar uma posição da análise de produto e valores.
966;04/07/2015 02:59;Sim;21/07/2015 19:15;Vigor;Victor;Raphael vai fazer análises e dar retorno. Disse que pode demorar.
984;24/06/2015 02:59;Sim;25/06/2015 20:04;Vigor;Victor;Foi passado cotação a granel para Raphael. Aguardar resposta e ficar em cima.
921;23/06/2015 02:59;Sim;22/06/2015 20:25;Vigor;Victor;Paulo está de férias. Passaram o contato da Daniela e do Rafael, que é o gerente do laboratório. Ir tentando com eles até Paulo voltar de férias no dia 04/07.
954;22/06/2015 02:59;Sim;22/06/2015 15:11;Vigor;Victor;Já enviado cotação para o Paulo no mesmo dia. Ligar para ver se analisou valores e tal...
858;13/06/2015 02:59;Sim;21/06/2015 15:59;Vigor;Victor;Passar lá amanhã as 7:00
739;09/06/2015 02:59;Sim;11/06/2015 13:45;Vigor;Victor;"Pediu para eu não esquecer de ligar depois do dia 08/06. Vai fazer uma viagem e anda meio enrolado.

"
590;26/05/2015 02:59;Sim;27/05/2015 11:46;Vigor;Victor;Enviado e-mail pedindo para visitar segunda-feira.
528;23/04/2015 02:59;Sim;23/04/2015 14:42;Vigor;Victor;"Enviado outro e-mail cobrando agendamento de visita.
"
446;13/03/2015 13:00;Sim;13/03/2015 12:05;Vigor;Victor;"Paulo pediu para enviar email cobrando uma data para visita.



Cobrar se não obtiver resposta."
386;12/03/2015 13:00;Sim;02/03/2015 19:53;Vigor;Victor;"Paulo pediu para enviar email cobrando uma data para visita.



Cobrar se não obtiver resposta."
336;02/03/2015 12:50;Sim;02/03/2015 19:52;Vigor;Victor;Deixado caderno e catálogo na portaria. Está com iso 9000 e com pessoas de ferias. Ligar no final de fevereiro.
355;27/01/2015 12:30;Sim;29/01/2015 12:09;Vigor;Victor;Estava em reunião, pediu para enviar e-mail. E-mail com catálogo enviado.
306;22/01/2015 18:00;Sim;23/01/2015 13:13;Vigor;Victor;Falar com Paulo e pegar as informações.
269;14/01/2015 10:00;Sim;22/01/2015 12:42;Vigor;Victor;Ver tudo
1093;31/07/2015 13:00;Não;;Vivo Sabor - Cozinha Ind.;Victor;liguei para Empresa, telefonista disse que estao com contrato e quem cuida disso é a Fátima ( fatima.zanardo@grupovivosabor.com.br
863;09/10/2015 02:59;Sim;09/10/2015 17:21;Wick Bold;Victor;Thais disse que a Wickbold não tem uma pessoa responsável pela aprovação de produtos químicos, e ela é a responsável pelas embalagens, mas está cuidando disso. Está muito enrolada com outros processos que ela disse que é urgente de embalagens e só vai conseguir pegar o dos produtos depois. Não tem previsão.
821;09/06/2015 02:59;Sim;10/06/2015 12:43;Wick Bold;Victor;Thais do laboratório que está acompanhando isso e montando o relatório. A própria Giuliana disse que vai cobrar a Thais, pois tiveram muitas outras coisas que eram prioridade no período e acabaram passando na frente. Pediu para ligar logo depois do feriado direto com a Thais e cobrar.
847;03/06/2015 02:59;Sim;02/06/2015 20:53;Wick Bold;Victor;Pediu para ligar daqui 20 min.
996;16/07/2015 12:00;Não;;Wow Nutrition;Renan;conversei hoje, pediu para ligar na proxima quinta dia 16 para marcar reuniao.
961;27/06/2015 02:59;Sim;04/09/2015 17:43;Yakult;Victor;Pediu para ligar na sexta-feira porque ele esqueceu de falar com a gerente industrial semana passada.
911;23/06/2015 02:59;Sim;22/06/2015 19:29;Yakult;Victor;Salu está entrando as 15:00 hrs. Ligar a partir deste horário.
886;22/06/2015 02:59;Sim;22/06/2015 14:46;Yakult;Victor;Salu pediu para eu enviar um e-mail e ele vai responder com a data. Vamos ver...
774;06/06/2015 02:59;Sim;05/06/2015 13:20;Yakult;Victor;Salustriano volta das férias na quarta ou sexta-feira.
550;02/06/2015 02:59;Sim;01/06/2015 14:00;Yakult;Victor;Salustriano está de férias e volta na primeira semana de Junho.
568;13/05/2015 02:59;Sim;12/05/2015 20:11;Yakult;Victor;Enviado e-mail para Salustriano para ver se ele já tem uma data para acompanharmos a higienização.
461;23/04/2015 17:30;Sim;23/04/2015 18:42;Yakult;Victor;Salustriano marcou para dia 17/03 (terça-feira) às 14:30.
385;09/03/2015 18:30;Sim;09/03/2015 19:03;Yakult;Victor;"Salustriano está enrolado por enquanto, pois está entrando as 15:00 hrs e saindo à 1:00, e neste horário acontecem muitos procedimentos que impedem receber uma visita.



Pediu para ligar semana que vem, porque aí ele já vai ter a escala, e saber quando ele vai voltar a entrar cedo."
400;03/03/2015 18:00;Sim;03/03/2015 19:58;Yakult;Victor;Foi deixado recado. Se ele não retornar, ligar amanhã de novo.
420;02/03/2015 18:30;Sim;02/03/2015 20:11;Yakult;Victor;Não respondeu e-mail. Liguei cedo e ele está entrando só as 15:00 hrs.
406;12/02/2015 12:00;Sim;27/02/2015 12:11;Yakult;Victor;"E-mail enviado perguntando data para a visita.



Acompanhar."
348;02/02/2015 12:00;Sim;05/02/2015 18:38;Yakult;Victor;Enviado e-mail com valores aos equivalente da Diversey, conforme solicitado em visita. Acompanhar para agendar testes.
216;19/01/2015 12:00;Sim;22/01/2015 19:17;Yakult;Victor;Agendado visita para segunda-feira, 19/01.
153;07/01/2015 10:00;Sim;14/01/2015 10:27;Yakult;Victor;Disse que o pessoal tem muitas análises para fazer, é muita gente tentando vender, e o processo demora mesmo. Vai reencaminhar e pedir uma prioridade para o pessoal da análise. Acompanhar.
128;25/11/2014 10:00;Sim;25/11/2014 11:45;Yakult;Victor;Enviado e-mail perguntando se já tem alguma posição do pessoal da análise. Acompanhar.
179;18/11/2014 10:00;Sim;18/11/2014 11:41;Yakult;Victor;Recebeu o e-mail e encaminhou para o pessoal da análise. Disse que vai retornar depois que eles analisarem, mas é melhor ligar.
104;10/11/2014 10:00;Sim;12/11/2014 12:51;Yakult;Victor;Ver se Luana deu uma olhada no e-mail que foi enviado segunda-feira.
818;05/06/2015 02:59;Sim;04/06/2015 17:21;Zabet;Victor;Elder ainda não voltou de férias. Volta só dia 04. É feriado mas eles vão trabalhar.
816;02/06/2015 02:59;Sim;01/06/2015 14:27;Zabet;Victor;Elder está de férias. Conversei com a Renata em 28/05 e é só Elder mesmo. Volta na semana que vem.
598;04/06/2015 12:00;Não;;ZF Sachs;Renan;Retorar dia 4/5/2015 
663;07/11/2015 01:59;Não;;Zinho Pão de Alho;Victor;Ver com Renan como está a conversa?
588;22/05/2015 02:59;Sim;21/05/2015 14:27;Zinho Pão de Alho;Victor;Renan encontrou na APAS e enviou email.
481;28/04/2015 02:59;Sim;12/05/2015 03:56;Zinho Pão de Alho;Victor;Difícil falar com esse cara. Enviado e-mail. Cobrar resposta.
421;13/03/2015 14:00;Sim;13/03/2015 12:27;Zinho Pão de Alho;Victor;Visitar quando for visitar a Cory em Ribeirão Preto.
240;13/02/2015 10:25;Sim;02/03/2015 12:55;Zinho Pão de Alho;Victor;Está enrolado agora no fim do ano. Disse que falou isso até para um distribuidor da Diversey (acho que Higiplus), e vai conseguir ver estas questões depois de Janeiro.
182;18/11/2014 12:00;Sim;04/12/2014 10:46;Zinho Pão de Alho;Victor;"Não consigo conversar com ele. Reencaminhei o e-mail e estou aguardando resposta.



"
133;11/11/2014 14:00;Sim;14/11/2014 18:16;Zinho Pão de Alho;Victor;Já foi enviado e-mail com fichas técnicas. Acompanhar cliente e tentar agendar os testes para quando estiver na região de Ribeirão Preto.
1487;15/03/2016 02:59;Não;;Zippy Alimentos;Alexandre Malhado;O pessoal do setor administrativo está de férias. Irão retornar dia 14-03-16.
1374;28/10/2015 01:59;Sim;22/02/2016 12:51;Zippy Alimentos;Alexandre Malhado;Tentativa de contato. O Junior (comprador) não estava na empresa hoje. Ligarei ainda hoje.
1317;09/10/2015 12:00;Sim;27/10/2015 16:53;Zippy Alimentos;Alexandre Malhado;Tentativa de contato. O Junior (comprador) não estava na empresa hoje. Ligarei amanhã.
1292;08/10/2015 02:59;Sim;08/10/2015 18:09;Zippy Alimentos;Victor;Xande, esse não deve comprar pouco também.
759;28/09/2015 02:59;Sim;07/10/2015 18:39;Zippy Alimentos;Victor;Junior informou que Bruna não está mais na empresa. Pediu para enviar e-mail para ele não esquecer de ver o procedimento.
382;02/06/2015 13:00;Sim;02/06/2015 14:41;Zippy Alimentos;Victor;"Bruna disse que ainda estão comprando da R2 mas já passou tudo para o Junior, que não está podendo dar prioridade neste assunto agora.



Tem mais pessoas acima do Junior envolvidas no circuito, mas depois que a Braspeixe comprou, eles estão dando prioridade a outras questões."
369;03/03/2015 18:00;Sim;03/03/2015 16:40;Zippy Alimentos;Victor;Retomar
156;25/11/2014 16:00;Sim;25/11/2014 12:30;Zippy Alimentos;Victor;"Está enrolada com algumas coisas, não conseguiu atender a ligação, mas disse que vai responder por e-mail.



Ligar se não tiver respondido."
162;14/11/2014 10:00;Sim;14/11/2014 18:29;Zippy Alimentos;Victor;"Enviado e-mail perguntando sobre o processo em 12/11.



Acompanhar."
74;12/11/2014 10:00;Sim;12/11/2014 17:22;Zippy Alimentos;Victor;Ver se as coisas já estão mais definidas com relação à diretoria.
